"","Taxa","BLUE.N","BLUE.I","QTNs","Group","RefInf","ID","BLUP","PEV","gBreedingValue","Prediction","COI"
"1","S_1007_S311",1.81340925416867,0.325263977305533,0,"   1","1","   1",-0.10254574358151,0.515579251039783,0.222718233724023,2.03612748789269,1.8612097182042
"2","S_102_S245",1.81340925416867,-0.56202978751926,0,"   2","1","   2",0.49990516413589,0.279061377144101,-0.06212462338337,1.7512846307853,1.65487545982344
"3","S_1031_S380",1.81340925416867,-0.417647947992699,0,"   3","1","   3",-0.254034738479718,0.260772697103246,-0.671682686472417,1.14172656769625,1
"4","S_1045_S231",1.81340925416867,-0.271709488443033,0,"   4","1","   4",-1.17349734810482,0.266592035494862,-1.44520683654785,0.368202417620819,0
"5","S_1052_S227",1.81340925416867,-0.224941403096377,0,"   5","1","   5",0.423504268268791,0.262676745432174,0.198562865172414,2.01197211934109,2.11474252688113
"6","S_1054_S345",1.81340925416867,-0.359741112779464,0,"   6","1","   6",-0.48810389169029,0.271248740898156,-0.847845004469755,0.965564249698917,0.840896415253715
"7","S_1057_S302",1.81340925416867,-0.285372585360095,0,"   7","1","   7",-0.575388275473102,0.278157347109147,-0.860760860833197,0.952648393335475,0.840896415253715
"8","S_106_S223",1.81340925416867,-0.541095404422178,0,"   8","1","   8",0.538825593440705,0.272850472038864,-0.00226981098147261,1.8111394431872,1.8612097182042
"9","S_1082_S287",1.81340925416867,-0.426950853309697,0,"   9","1","   9",0.136857058347348,0.273801048339032,-0.290093794962349,1.52331545920632,1.56508458007329
"10","S_108_S258",1.81340925416867,-0.521629830118461,0,"  10","1","  10",0.46625008261688,0.288801851758028,-0.0553797475015812,1.75802950666709,1.56508458007329
"11","S_109_S351",1.81340925416867,-0.614972654685839,0,"  11","1","  11",0.217691277827172,0.288411543210916,-0.397281376858666,1.41612787731001,1.49534878122122
"12","S_1124_S271",1.81340925416867,-0.298621307149907,0,"  12","1","  12",-0.526217394529312,0.282227477060111,-0.824838701679219,0.988570552489453,1.18920711500272
"13","S_1127_S332",1.81340925416867,-0.31664348208546,0,"  13","1","  13",-1.52638968664842,0.277459970595655,-1.84303316873388,0,0
"14","S_1130_S319",1.81340925416867,-0.236299323651392,0,"  14","1","  14",1.01785050599352,0.279586300458324,0.781551182342127,2.5949604365108,2.65914794847249
"15","S_1132_S315",1.81340925416867,-0.324132879478876,0,"  15","1","  15",0.197535025136222,0.28103493197801,-0.126597854342654,1.68681139982602,1.65487545982344
"16","S_1159_S297",1.81340925416867,-0.459265684055961,0,"  16","1","  16",0.293443563379906,0.275887567552485,-0.165822120676054,1.64758713349262,1.56508458007329
"17","S_1161_S254",1.81340925416867,-0.416320775187805,0,"  17","1","  17",0.22306810283484,0.266033572631182,-0.193252672352965,1.62015658181571,1.31607401295249
"18","S_1162_S384",1.81340925416867,-0.536103604594603,0,"  18","1","  18",0.938193380716488,0.304204084171829,0.402089776121885,2.21549903029056,2.51486685936587
"19","S_1223_S229",1.81340925416867,-0.487968468045382,0,"  19","1","  19",0.0702917476311025,0.268671340508579,-0.417676720414279,1.39573253375439,1.4142135623731
"20","S_1237_S377",1.81340925416867,-0.361468293580246,0,"  20","1","  20",-1.44719138433308,0.268147784293503,-1.80865967791333,0.00474957625534556,0
"21","S_129_S310",1.81340925416867,-0.743900267777413,0,"  21","1","  21",-1.24481849456482,0.320266243682336,-1.98871876234223,0,0
"22","S_1305_S246",1.81340925416867,-0.245987953918222,0,"  22","1","  22",-0.0461355872253993,0.283533219694622,-0.292123541143622,1.52128571302505,1.77827941003892
"23","S_130_S333",1.81340925416867,-0.710510163145845,0,"  23","1","  23",-1.03246842320418,0.308343659193397,-1.74297858635002,0.0704306678186495,0
"24","S_1315_S322",1.81340925416867,-0.466246361140931,0,"  24","1","  24",0.0697450909311228,0.284341521001681,-0.396501270209808,1.41690798395886,1.49534878122122
"25","S_1317_S208",1.81340925416867,-0.501057398821762,0,"  25","1","  25",0.184695815302845,0.270888802451133,-0.316361583518917,1.49704767064975,1.49534878122122
"26","S_1324_S206",1.81340925416867,-0.494435516001726,0,"  26","1","  26",0.815914062620629,0.297089220337399,0.321478546618904,2.13488780078758,2.11474252688113
"27","S_1328_S372",1.81340925416867,-0.451560441997602,0,"  27","1","  27",1.00229138101089,0.281901421302494,0.550730939013288,2.36414019318196,2.34034731932072
"28","S_1343_S366",1.81340925416867,-0.297937169955642,0,"  28","1","  28",-0.389311237800011,0.261631894293107,-0.687248407755653,1.12616084641302,1
"29","S_137_S285",1.81340925416867,-0.654953932379405,0,"  29","1","  29",-0.120026830836142,0.296920280134827,-0.774980763215547,1.03842849095312,1
"30","S_1383_S323",1.81340925416867,-0.622280672223309,0,"  30","1","  30",-0.0564210276248826,0.453627559044777,-0.678701699848191,1.13470755432048,1.10668191970032
"31","S_1404_S202",1.81340925416867,-0.484750530094859,0,"  31","1","  31",-1.0035508920447,0.272462956160611,-1.48830142213956,0.325107832029115,0
"32","S_1407_S312",1.81340925416867,-0.588461835941589,0,"  32","1","  32",-0.14152078059346,0.326831364467553,-0.729982616535049,1.08342663763362,1.31607401295249
"33","S_140_S320",1.81340925416867,-0.577578564428742,0,"  33","1","  33",1.08484130949032,0.284470105208646,0.507262745061582,2.32067199923025,2.51486685936587
"34","S_1423_S318",1.81340925416867,-0.328364123848013,0,"  34","1","  34",0.886510239501061,0.281499038804252,0.558146115653048,2.37155536982172,2.51486685936587
"35","S_1430_S329",1.81340925416867,-0.471600335930974,0,"  35","1","  35",-0.129242334320283,0.269844925908659,-0.600842670251256,1.21256658391742,1.4142135623731
"36","S_1431_S278",1.81340925416867,-0.501912572450226,0,"  36","1","  36",-1.17840838869125,0.268909663195984,-1.68032096114148,0.133088293027196,0
"37","S_1437_S292",1.81340925416867,-0.541884456894469,0,"  37","1","  37",-0.288822517911312,0.276792001851099,-0.830706974805781,0.982702279362891,1.18920711500272
"38","S_1441_S235",1.81340925416867,-0.584560583039226,0,"  38","1","  38",0.594061376744565,0.286154520775391,0.00950079370533985,1.82291004787401,1.96798967126543
"39","S_1442_S328",1.81340925416867,-0.566511455404985,0,"  39","1","  39",-0.970954968477691,0.293143366611933,-1.53746642388268,0.275942830285995,0
"40","S_1452_S275",1.81340925416867,-0.575072028756312,0,"  40","1","  40",0.285574747131317,0.303663912106054,-0.289497281624996,1.52391197254368,1.49534878122122
"41","S_1472_S295",1.81340925416867,-0.45869230520383,0,"  41","1","  41",-1.20775882462511,0.279461093320116,-1.66645112982894,0.146958124339728,0
"42","S_1488_S316",1.81340925416867,-0.440306736396417,0,"  42","1","  42",0.230961835492183,0.265287056487314,-0.209344900904234,1.60406435326444,1.62657656169779
"43","S_148_S249",1.81340925416867,-0.67139661560169,0,"  43","1","  43",-0.241672167651609,0.307974054722174,-0.913068783253299,0.900340470915373,1
"44","S_1496_S272",1.81340925416867,-0.459963246811789,0,"  44","1","  44",1.23841444142744,0.26666410700241,0.778451194615653,2.59186044878432,2.65914794847249
"45","S_150_S251",1.81340925416867,-0.651149310942631,0,"  45","1","  45",0.0932412337570337,0.292556962987256,-0.557908077185598,1.25550117698307,1.31607401295249
"46","S_1513_S327",1.81340925416867,-0.56395022502359,0,"  46","1","  46",-1.04723276640685,0.289601392471687,-1.61118299143044,0.202226262738231,0
"47","S_1518_S240",1.81340925416867,-0.540876985306742,0,"  47","1","  47",-0.257038083009771,0.287541724830703,-0.797915068316513,1.01549418585216,1
"48","S_1549_S342",1.81340925416867,-0.411509447615587,0,"  48","1","  48",-1.06812665789304,0.277682567837853,-1.47963610550863,0.333773148660046,0
"49","S_1573_S236",1.81340925416867,-0.568388386872179,0,"  49","1","  49",-0.159418410225389,0.282928014693003,-0.727806797097569,1.0856024570711,1
"50","S_1584_S296",1.81340925416867,-0.545066674296878,0,"  50","1","  50",0.885313929930643,0.286623740561698,0.340247255633765,2.15365650980244,2.21336383940064
"51","S_1599_S343",1.81340925416867,-0.289948906758528,0,"  51","1","  51",0.942820849817118,0.267861715761093,0.652871943058591,2.46628119722726,2.65914794847249
"52","S_1619_S303",1.81340925416867,-0.491316796321108,0,"  52","1","  52",0.481931053538843,0.278414522873173,-0.00938574278226434,1.80402351138641,1.77827941003892
"53","S_1621_S339",1.81340925416867,-0.313015579745837,0,"  53","1","  53",1.03576083906215,0.264705395237986,0.722745259316314,2.53615451348499,2.54572989502183
"54","S_1623_S378",1.81340925416867,-0.357834787988016,0,"  54","1","  54",0.0879197764827725,0.262216622140232,-0.269915011505243,1.54349424266343,1.65487545982344
"55","S_1629_S373",1.81340925416867,-0.317312030357068,0,"  55","1","  55",0.45039744319843,0.267258280130733,0.133085412841362,1.94649466701003,1.77827941003892
"56","S_1631_S361",1.81340925416867,-0.431314301854424,0,"  56","1","  56",1.07687021899556,0.284531325652212,0.645555917141133,2.4589651713098,2.65914794847249
"57","S_1637_S325",1.81340925416867,-0.465965623450906,0,"  57","1","  57",1.01400280603974,0.270899950668864,0.548037182588835,2.36144643675751,2.44948974278318
"58","S_1639_S204",1.81340925416867,-0.571136930592822,0,"  58","1","  58",-0.1452135378945,0.288703487025713,-0.716350468487322,1.09705878568135,1.31607401295249
"59","S_1643_S375",1.81340925416867,-0.559235486766484,0,"  59","1","  59",-0.131579727326286,0.296036934666515,-0.69081521409277,1.1225940400759,1
"60","S_1649_S331",1.81340925416867,-0.563259477977714,0,"  60","1","  60",0.114410556311069,0.32714031357649,-0.448848921666646,1.36456033250203,1.49534878122122
"61","S_1653_S294",1.81340925416867,-0.507585003998737,0,"  61","1","  61",-0.15385799861496,0.29019291622984,-0.661443002613697,1.15196625155497,1
"62","S_165_S284",1.81340925416867,-0.519125697794526,0,"  62","1","  62",0.449266852884353,0.274390867665954,-0.0698588449101729,1.7435504092585,1.49534878122122
"63","S_1677_S221",1.81340925416867,-0.54352575194434,0,"  63","1","  63",-1.00589588972059,0.277819520547162,-1.54942164166493,0.263987612503739,0
"64","S_1683_S338",1.81340925416867,-0.564551226957797,0,"  64","1","  64",-0.111824191448173,0.280544354307812,-0.67637541840597,1.1370338357627,1.18920711500272
"65","S_1689_S192",1.81340925416867,-0.593372233969895,0,"  65","1","  65",-1.1278587007348,0.284575187247673,-1.7212309347047,0.0921783194639731,0
"66","S_1699_S367",1.81340925416867,-0.326198157482625,0,"  66","1","  66",-0.143063684623122,0.259251497784055,-0.469261842105746,1.34414741206293,1.18920711500272
"67","S_171_S219",1.81340925416867,-0.595305336725403,0,"  67","1","  67",1.12118681660777,0.280596261932783,0.52588147988237,2.33929073405104,2.59002006411135
"68","S_1723_S369",1.81340925416867,-0.478663795053172,0,"  68","1","  68",0.100935771933775,0.278393003567089,-0.377728023119397,1.43568123104927,1.4142135623731
"69","S_1728_S376",1.81340925416867,-0.590159016275908,0,"  69","1","  69",1.32711128867238,0.30197995211992,0.736952272396467,2.55036152656514,2.78315768371374
"70","S_1736_S359",1.81340925416867,-0.453121181153849,0,"  70","1","  70",0.588370937203936,0.264201030665149,0.135249756050087,1.94865901021876,1.96798967126543
"71","S_1742_S357",1.81340925416867,-0.521681606089428,0,"  71","1","  71",0.510554303150187,0.278969302856175,-0.0111273029392407,1.80228195122943,1.8612097182042
"72","S_1749_S247",1.81340925416867,-0.514659754677929,0,"  72","1","  72",-0.219403695467104,0.275176776272419,-0.734063450145033,1.07934580402364,1
"73","S_1779_S226",1.81340925416867,-0.423398075717421,0,"  73","1","  73",1.12761267442668,0.258813242390997,0.704214598709258,2.51762385287793,2.65914794847249
"74","S_1810_S213",1.81340925416867,-0.558575882701307,0,"  74","1","  74",0.580894244693913,0.292280575074173,0.0223183619926062,1.83572761616128,1.8612097182042
"75","S_1813_S253",1.81340925416867,-0.450185113942613,0,"  75","1","  75",0.0597544472801477,0.25765827245087,-0.390430666662466,1.42297858750621,1.56508458007329
"76","S_1817_S210",1.81340925416867,-0.556902618510556,0,"  76","1","  76",0.767921573055108,0.280062223583077,0.211018954544552,2.02442820871322,2.34034731932072
"77","S_1818_S238",1.81340925416867,-0.546650493470362,0,"  77","1","  77",-0.820889660574207,0.267940170573457,-1.36754015404457,0.445869100124103,0
"78","S_1825_S198",1.81340925416867,-0.593713479555609,0,"  78","1","  78",0.134846309681883,0.298360433876074,-0.458867169873726,1.35454208429495,1.49534878122122
"79","S_1837_S256",1.81340925416867,-0.491018772623687,0,"  79","1","  79",1.09427657087175,0.288772802775552,0.60325779824806,2.41666705241673,2.78315768371374
"80","S_1839_S299",1.81340925416867,-0.557701786004981,0,"  80","1","  80",0.887066479421602,0.291147124676101,0.329364693416621,2.14277394758529,2.21336383940064
"81","S_183_S263",1.81340925416867,-0.726456239601249,0,"  81","1","  81",1.29450706909493,0.311754725138826,0.568050829493681,2.38146008366235,2.65914794847249
"82","S_1841_S250",1.81340925416867,-0.540067086365244,0,"  82","1","  82",-0.972128138656023,0.280198791435358,-1.51219522502127,0.301214029147405,0
"83","S_1865_S374",1.81340925416867,-0.439705245768736,0,"  83","1","  83",0.972629294572192,0.256743333347292,0.532924048803455,2.34633330297213,2.21336383940064
"84","S_1874_S244",1.81340925416867,-0.422176344548446,0,"  84","1","  84",0.985557470579584,0.268083600132392,0.563381126031138,2.37679038019981,2.34034731932072
"85","S_1877_S262",1.81340925416867,-0.525619253194548,0,"  85","1","  85",1.23621218512389,0.281614737132292,0.710592931929346,2.52400218609802,2.78315768371374
"86","S_1899_S193",1.81340925416867,-0.526208402113133,0,"  86","1","  86",0.363009144616735,0.280689224668805,-0.163199257496398,1.65020999667227,1.62657656169779
"87","S_1900_S242",1.81340925416867,-0.502245937905255,0,"  87","1","  87",0.255233834066207,0.275598375723724,-0.247012103839048,1.56639715032962,1.56508458007329
"88","S_1936_S218",1.81340925416867,-0.681282517401511,0,"  88","1","  88",0.0790244608367697,0.307297552262032,-0.602258056564741,1.21115119760393,1.18920711500272
"89","S_1952_S293",1.81340925416867,-0.646620752321662,0,"  89","1","  89",0.0748810282851967,0.292450039081588,-0.571739724036466,1.24166953013221,1.18920711500272
"90","S_1969_S291",1.81340925416867,-0.606830454643799,0,"  90","1","  90",0.301649500695008,0.288578672138032,-0.305180953948791,1.50822830021988,1.31607401295249
"91","S_1973_S267",1.81340925416867,-0.538059062716987,0,"  91","1","  91",1.6004508290128,0.277803438868834,1.06239176629581,2.87580102046448,2.89250760851908
"92","S_197_S207",1.81340925416867,-0.630256373108259,0,"  92","1","  92",-0.0543224387416887,0.295090782307015,-0.684578811849947,1.12883044231872,1.4142135623731
"93","S_198_S304",1.81340925416867,-0.703677056690214,0,"  93","1","  93",-1.00253377298856,0.312539790722942,-1.70621082967878,0.107198424489894,0
"94","S_2010_S200",1.81340925416867,-0.691133057817564,0,"  94","1","  94",-0.964962754944847,0.30706122833189,-1.65609581276241,0.15731344140626,0
"95","S_2014_S264",1.81340925416867,-0.713938250859557,0,"  95","1","  95",-0.0869134809565146,0.310950140351644,-0.800851731816072,1.0125575223526,1.25743342968294
"96","S_2015_S266",1.81340925416867,-0.689463367862758,0,"  96","1","  96",-0.890718218949921,0.299184667825057,-1.58018158681268,0.233227667355993,0
"97","S_2037_S371",1.81340925416867,-0.649621665053481,0,"  97","1","  97",-1.02839426773369,0.325368313137063,-1.67801593278717,0.1353933213815,0
"98","S_2073_S215",1.81340925416867,-0.699070467171845,0,"  98","1","  98",0.405713671197532,0.33120475838963,-0.293356795974313,1.52005245819436,1.49534878122122
"99","S_2099_S335",1.81340925416867,-0.717835237161175,0,"  99","1","  99",-0.295557870476534,0.31854818405695,-1.01339310763771,0.800016146530962,0.840896415253715
"100","S_209_S379",1.81340925416867,-0.173977865719871,0," 100","1"," 100",-1.45331763254689,0.278245647456883,-1.62729549826676,0.186113755901912,0
"101","S_2103_S301",1.81340925416867,-0.59662253602406,0," 101","1"," 101",0.628335946210691,0.282923819539739,0.031713410186631,1.8451226643553,2.34034731932072
"102","S_2104_S224",1.81340925416867,-0.621520868150001,0," 102","1"," 102",-0.00723289645589864,0.289136783204767,-0.6287537646059,1.18465548956277,1.31607401295249
"103","S_2105_S269",1.81340925416867,-0.607523883358874,0," 103","1"," 103",-0.760031542298279,0.288740452661709,-1.36755542565715,0.445853828511519,0
"104","S_2107_S349",1.81340925416867,-0.690658719546088,0," 104","1"," 104",0.0369374843992266,0.302057864703859,-0.653721235146862,1.15968801902181,1.18920711500272
"105","S_2115_S280",1.81340925416867,-0.601696917979872,0," 105","1"," 105",0.578413586303305,0.396668278215062,-0.0232833316765677,1.7901259224921,2.34034731932072
"106","S_2116_S350",1.81340925416867,-0.560446275713032,0," 106","1"," 106",0.0215586769499754,0.299658956453997,-0.538887598763057,1.27452165540561,1.31607401295249
"107","S_2135_S234",1.81340925416867,-0.71763800891838,0," 107","1"," 107",0.14161011453879,0.319959106550169,-0.57602789437959,1.23738135978908,1.31607401295249
"108","S_2140_S363",1.81340925416867,-0.738581503485365,0," 108","1"," 108",-1.11271826859992,0.332466362893404,-1.85129977208528,0,0
"109","S_2145_S212",1.81340925416867,-0.701283835901975,0," 109","1"," 109",-1.00811899830572,0.312306532852305,-1.7094028342077,0.104006419960973,0
"110","S_2155_S383",1.81340925416867,-0.595812245717553,0," 110","1"," 110",0.225263615919247,0.292634322806161,-0.370548629798306,1.44286062437037,1.4142135623731
"111","S_2187_S360",1.81340925416867,-0.65871579753403,0," 111","1"," 111",0.46012774147992,0.317196718120236,-0.198588056054109,1.61482119811456,1.96798967126543
"112","S_2192_S307",1.81340925416867,-0.719322580840072,0," 112","1"," 112",0.141534219714701,0.322857304255862,-0.57778836112537,1.2356208930433,1.31607401295249
"113","S_2193_S216",1.81340925416867,-0.578301538348038,0," 113","1"," 113",0.358672393094389,0.28712085082556,-0.21962914525365,1.59378010891502,1.65487545982344
"114","S_2201_S214",1.81340925416867,-0.763780403133429,0," 114","1"," 114",-1.00650115692554,0.321100799323941,-1.77028156005897,0.0431276941097005,0
"115","S_2203_S277",1.81340925416867,-0.702659858239199,0," 115","1"," 115",-0.883792432188205,0.308737159769523,-1.5864522904274,0.226956963741268,0
"116","S_2212_S230",1.81340925416867,-0.570171832902257,0," 116","1"," 116",-1.16737909758979,0.282132153390428,-1.73755093049205,0.0758583236766253,0
"117","S_2214_S290",1.81340925416867,-0.587205267727101,0," 117","1"," 117",-0.0838998537610812,0.283921042089211,-0.671105121488183,1.14230413268049,1.4142135623731
"118","S_2226_S298",1.81340925416867,-0.570867555246262,0," 118","1"," 118",0.781491808895604,0.280076441452972,0.210624253649341,2.02403350781801,2.21336383940064
"119","S_2228_S346",1.81340925416867,-0.581882045818513,0," 119","1"," 119",-1.02652972364896,0.282943818887068,-1.60841176946747,0.204997484701199,0
"120","S_2232_S273",1.81340925416867,-0.57113947914943,0," 120","1"," 120",0.175150127382232,0.280501740355774,-0.395989351767198,1.41741990240147,1.31607401295249
"121","S_2271_S195",1.81340925416867,-0.645035544753399,0," 121","1"," 121",0.378707603905606,0.293867692955335,-0.266327940847793,1.54708131332088,1.49534878122122
"122","S_2299_S281",1.81340925416867,-0.271856627853948,0," 122","1"," 122",0.882770540077052,0.291203165699569,0.610913912223105,2.42432316639178,2.65914794847249
"123","S_2302_S259",1.81340925416867,-0.263312848182605,0," 123","1"," 123",0.573745953153542,0.265212092603922,0.310433104970937,2.12384235913961,2.23606797749979
"124","S_2307_S288",1.81340925416867,-0.309936900796113,0," 124","1"," 124",0.965459142238592,0.263832745731438,0.655522241442478,2.46893149561115,2.69178163547765
"125","S_2319_S337",1.81340925416867,-0.408051879425625,0," 125","1"," 125",-1.21786801694374,0.275979195858013,-1.62591989636936,0.187489357799308,0
"126","S_231_S260",1.81340925416867,-0.181398960845564,0," 126","1"," 126",0.420917666477067,0.27485812126913,0.239518705631503,2.05292795980017,2.11474252688113
"127","S_2323_S355",1.81340925416867,-0.373907352904718,0," 127","1"," 127",-0.370175943664461,0.297158386372478,-0.744083296569179,1.06932595759949,1.25743342968294
"128","S_2351_S197",1.81340925416867,-0.41356838477222,0," 128","1"," 128",-1.35044597798599,0.286063401450618,-1.76401436275821,0.0493948914104656,0
"129","S_2358_S289",1.81340925416867,-0.401112733840034,0," 129","1"," 129",-0.0630263761380432,0.272546772090414,-0.464139109978077,1.34927014419059,1.49534878122122
"130","S_2370_S336",1.81340925416867,-0.237667638812349,0," 130","1"," 130",-0.519166490834432,0.29310085991738,-0.756834129646781,1.05657512452189,1
"131","S_2375_S268",1.81340925416867,-0.147736431381228,0," 131","1"," 131",0.749912218635413,0.279147689908233,0.602175787254185,2.41558504142286,2.51486685936587
"132","S_2395_S194",1.81340925416867,-0.321186314031622,0," 132","1"," 132",0.0553150094561544,0.2902685552444,-0.265871304575468,1.5475379495932,1.56508458007329
"133","S_242_S324",1.81340925416867,-0.265816444835211,0," 133","1"," 133",-1.26121199982671,0.278676714141997,-1.52702844466192,0.286380809506754,0
"134","S_248_S252",1.81340925416867,-0.208443772707553,0," 134","1"," 134",0.100042054743156,0.279508608599343,-0.108401717964396,1.70500753620428,1.77827941003892
"135","S_261_S368",1.81340925416867,-0.556019579898783,0," 135","1"," 135",0.556086264720453,0.279339452663322,6.66848216702709e-05,1.81347593899034,1.96798967126543
"136","S_269_S228",1.81340925416867,-0.492768988694903,0," 136","1"," 136",-0.443151291815025,0.27265726764188,-0.935920280509928,0.877488973658744,0.840896415253715
"137","S_272_S326",1.81340925416867,-0.653099766410977,0," 137","1"," 137",0.832852869343446,0.302457781209676,0.179753102932469,1.99316235710114,2.11474252688113
"138","S_285_S191",1.81340925416867,-0.557549256807761,0," 138","1"," 138",0.880577787209214,0.260189487918984,0.323028530401452,2.13643778457012,2.05976714390712
"139","S_28_S364",1.81340925416867,-0.647935232161782,0," 139","1"," 139",-1.01171248805026,0.292304778499908,-1.65964772021205,0.153761533956627,0
"140","S_294_S317",1.81340925416867,-0.278370052280661,0," 140","1"," 140",-1.41061762040862,0.276734473128708,-1.68898767268928,0.124421581479395,0
"141","S_298_S354",1.81340925416867,-0.22928976973729,0," 141","1"," 141",0.425206242398353,0.283526380274091,0.195916472661063,2.00932572682973,2.11474252688113
"142","S_304_S341",1.81340925416867,-0.340543597675069,0," 142","1"," 142",-1.16203694848262,0.280880642156509,-1.50258054615769,0.310828708010981,0
"143","S_325_S347",1.81340925416867,-0.520762664968222,0," 143","1"," 143",-1.21812109677214,0.293714372825337,-1.73888376174036,0.0745254924283092,0
"144","S_381_S205",1.81340925416867,-0.596299763471241,0," 144","1"," 144",1.27354233911778,0.285946589538184,0.677242575646536,2.49065182981521,2.65914794847249
"145","S_382_S276",1.81340925416867,-0.655679393589302,0," 145","1"," 145",1.3997479302167,0.301554940726214,0.744068536627396,2.55747779079607,2.89250760851908
"146","S_389_S330",1.81340925416867,-0.574585312272958,0," 146","1"," 146",0.931863276626741,0.280414941517343,0.357277964353783,2.17068721852246,2.23606797749979
"147","S_394_S237",1.81340925416867,-0.707052678774714,0," 147","1"," 147",-1.02114699223833,0.308049947475662,-1.72819967101304,0.0852095831556294,0
"148","S_398_S239",1.81340925416867,-0.527609784935638,0," 148","1"," 148",0.309076552853855,0.267776469211415,-0.218533232081783,1.59487602208689,1.49534878122122
"149","S_402_S309",1.81340925416867,-0.682633113384621,0," 149","1"," 149",0.273279990539229,0.302179044405992,-0.409353122845392,1.40405613132328,1.31607401295249
"150","S_415_S222",1.81340925416867,-0.831512018110973,0," 150","1"," 150",-0.91027690683007,0.336387223816124,-1.74178892494104,0.0716203292276287,0
"151","S_421_S358",1.81340925416867,-0.627575241944845,0," 151","1"," 151",0.0614790737602083,0.292500522650673,-0.566096168184636,1.24731308598404,1.31607401295249
"152","S_437_S233",1.81340925416867,-0.661584547573948,0," 152","1"," 152",0.150593526745932,0.30189514263663,-0.510991020828016,1.30241823334066,1.18920711500272
"153","S_449_S352",1.81340925416867,-0.575029277789999,0," 153","1"," 153",0.697130415975149,0.318926369927176,0.12210113818515,1.93551039235382,2.05976714390712
"154","S_451_S261",1.81340925416867,-0.762437220230485,0," 154","1"," 154",-1.05767033832459,0.320216610886958,-1.82010755855507,0,0
"155","S_471_S344",1.81340925416867,-0.743183268353301,0," 155","1"," 155",-0.809582977451826,0.317185622776205,-1.55276624580513,0.260643008363544,0
"156","S_473_S362",1.81340925416867,-0.723760051176022,0," 156","1"," 156",0.555656980170187,0.312752220396447,-0.168103071005835,1.64530618316284,1.56508458007329
"157","S_477_S225",1.81340925416867,-0.643151773882263,0," 157","1"," 157",-0.713565992380168,0.442604111745954,-1.35671776626243,0.456691487906241,0
"158","S_494_S382",1.81340925416867,-0.683558072692122,0," 158","1"," 158",0.557072217535982,0.313667036088793,-0.12648585515614,1.68692339901253,1.49534878122122
"159","S_496_S381",1.81340925416867,-0.71691320926657,0," 159","1"," 159",0.823041230124798,0.315741787062837,0.106128020858228,1.9195372750269,2.17793858734643
"160","S_499_S265",1.81340925416867,-0.587990773051378,0," 160","1"," 160",0.945991322180196,0.287236238482027,0.358000549128818,2.17140980329749,2.05976714390712
"161","S_4_S313",1.81340925416867,-0.506756297695912,0," 161","1"," 161",1.26633732528256,0.275679555190794,0.759581027586652,2.57299028175532,2.78315768371374
"162","S_525_S305",1.81340925416867,-0.606854644751408,0," 162","1"," 162",-0.850060139922824,0.281786239837095,-1.45691478467423,0.356494469494439,0
"163","S_529_S314",1.81340925416867,-0.728957999961642,0," 163","1"," 163",0.344029769020835,0.308110918102579,-0.384928230940807,1.42848102322786,1.18920711500272
"164","S_550_S257",1.81340925416867,-0.637132249977655,0," 164","1"," 164",1.54543844831318,0.289971183659081,0.908306198335526,2.7217154525042,2.94283095638271
"165","S_552_S308",1.81340925416867,-0.719641364629515,0," 165","1"," 165",0.256538377852136,0.323095816393992,-0.463102986777379,1.35030626739129,1.31607401295249
"166","S_564_S211",1.81340925416867,-0.687103176148093,0," 166","1"," 166",0.544319306001899,0.307113149781274,-0.142783870146194,1.67062538402248,1.73205080756888
"167","S_572_S203",1.81340925416867,-0.761634574522184,0," 167","1"," 167",-0.990603343379517,0.321850734291213,-1.7522379179017,0.0611713362669701,0
"168","S_597_S255",1.81340925416867,-0.592356418794159,0," 168","1"," 168",0.539861663207577,0.289131800497552,-0.0524947555865821,1.76091449858209,1.8612097182042
"169","S_652_S232",1.81340925416867,-0.201694910072519,0," 169","1"," 169",0.767008326767961,0.273070632110389,0.565313416695443,2.37872267086411,2.51486685936587
"170","S_66_S321",1.81340925416867,-0.436642307440377,0," 170","1"," 170",0.893939645775519,0.261763180564219,0.457297338335142,2.27070659250381,2.65914794847249
"171","S_699_S356",1.81340925416867,-0.2170382525154,0," 171","1"," 171",-0.13876455715617,0.284407558343597,-0.35580280967157,1.4576064444971,1.49534878122122
"172","S_6_S348",1.81340925416867,-0.56783081472123,0," 172","1"," 172",0.438065586293527,0.29247788726097,-0.129765228427702,1.68364402574097,1.49534878122122
"173","S_701_S340",1.81340925416867,-0.212049506032767,0," 173","1"," 173",0.416964326588944,0.277160803577378,0.204914820556177,2.01832407472485,2.11474252688113
"174","S_704_S282",1.81340925416867,-0.274297617536706,0," 174","1"," 174",0.655921138550951,0.275205964677144,0.381623521014245,2.19503277518292,2.34034731932072
"175","S_716_S283",1.81340925416867,-0.399322732213759,0," 175","1"," 175",0.448170983909145,0.295992329522002,0.0488482516953856,1.86225750586406,1.8612097182042
"176","S_732_S243",1.81340925416867,-0.235830238406038,0," 176","1"," 176",0.858152668969218,0.31985022111171,0.62232243056318,2.43573168473185,2.54572989502183
"177","S_737_S201",1.81340925416867,-0.233128693155632,0," 177","1"," 177",1.09417910385924,0.272984276246518,0.86105041070361,2.67445966487228,2.73861278752583
"178","S_769_S220",1.81340925416867,-0.287016516221522,0," 178","1"," 178",-0.602805147358395,0.280920774106063,-0.889821663579917,0.923587590588755,1
"179","S_797_S209",1.81340925416867,-0.227681282638461,0," 179","1"," 179",-1.24754354121213,0.26135020056024,-1.47522482385059,0.338184430318078,0
"180","S_809_S270",1.81340925416867,-0.192397410873144,0," 180","1"," 180",0.850212074168068,0.266629147675586,0.657814663294924,2.4712239174636,2.65914794847249
"181","S_81_S279",1.81340925416867,-0.560472864689932,0," 181","1"," 181",0.240024827815472,0.27896254924776,-0.32044803687446,1.49296121729421,1.56508458007329
"182","S_829_S286",1.81340925416867,0.0268051100103947,0," 182","1"," 182",0.262043114035221,0.28908313893685,0.288848224045616,2.10225747821429,2.11474252688113
"183","S_831_S353",1.81340925416867,-0.120493616277932,0," 183","1"," 183",0.980091943759173,0.261147056830197,0.85959832748124,2.67300758164991,2.65914794847249
"184","S_838_S306",1.81340925416867,-0.109284534763927,0," 184","1"," 184",0.527247719909806,0.261668724093305,0.417963185145878,2.23137243931455,2.23606797749979
"185","S_868_S274",1.81340925416867,-0.190288921188165,0," 185","1"," 185",-0.292307215868532,0.296541366523929,-0.482596137056697,1.33081311711197,1.10668191970032
"186","S_869_S241",1.81340925416867,-0.166748055561475,0," 186","1"," 186",-0.0317564236706621,0.292944791791594,-0.198504479232137,1.61490477493654,1.56508458007329
"187","S_874_S217",1.81340925416867,-0.237096481407003,0," 187","1"," 187",0.686709465736366,0.286777839776082,0.449612984329363,2.26302223849803,2.34034731932072
"188","S_881_S365",1.81340925416867,-0.21861800446008,0," 188","1"," 188",1.14824799916532,0.265287886780336,0.92962999470524,2.74303924887391,2.78315768371374
"189","S_89_S199",1.81340925416867,-0.625967761070103,0," 189","1"," 189",-0.944072611702075,0.292489524686094,-1.57004037277218,0.243368881396493,0
"190","S_905_S248",1.81340925416867,-0.352074969290512,0," 190","1"," 190",-0.695561117508267,0.283688175351471,-1.04763608679878,0.765773167369893,0.840896415253715
"191","S_927_S334",1.81340925416867,-0.486139765375588,0," 191","1"," 191",-1.14362074936232,0.303369340178612,-1.62976051473791,0.18364873943076,0
"192","S_984_S370",1.81340925416867,-0.357322514240358,0," 192","1"," 192",-0.0732845585885285,0.277257878826592,-0.430607072828887,1.38280218133978,1.49534878122122
"193","S_989_S196",1.81340925416867,-0.305808331979727,0," 193","1"," 193",-0.437344335523142,0.262580963779392,-0.743152667502869,1.0702565866658,1.25743342968294
"194","S_9_S300",1.81340925416867,-0.525109470990349,0," 194","1"," 194",1.42735559957629,0.277490821400449,0.902246128585945,2.71565538275462,2.78315768371374
"195","S_1001_S52_L003",1.81340925416867,0.275232669000523,0," 195","1"," 195",0.545973125706786,0.515909112061614,0.821205794707309,2.63461504887598,2.65914794847249
"196","S_1004_S75_L003",1.81340925416867,0.199726247389666,0," 196","1"," 196",0.878741591630337,0.504911756834507,1.07846783902,2.89187709318867,2.89250760851908
"197","S_1010_S144",1.81340925416867,-0.20082268095296,0," 197","1"," 197",0.00727128311336506,0.266890200684872,-0.193551397839595,1.61985785632908,1.49534878122122
"198","S_1012_S150",1.81340925416867,-0.332309090317422,0," 198","1"," 198",0.36713783260351,0.268224695989872,0.0348287422860883,1.84823799645476,2.11474252688113
"199","S_1013_S145",1.81340925416867,-0.214634279433701,0," 199","1"," 199",-0.167023729089774,0.280220897912414,-0.381658008523474,1.4317512456452,1.49534878122122
"200","S_101_S15_L003",1.81340925416867,-0.571580363475994,0," 200","1"," 200",-0.265561684978857,0.290086158950188,-0.837142048454851,0.976267205713821,1
"201","S_1020_S139",1.81340925416867,-0.177737998319196,0," 201","1"," 201",-0.298389396287845,0.276509091469368,-0.476127394607041,1.33728185956163,1.22474487139159
"202","S_1022_S29",1.81340925416867,-0.465651116815869,0," 202","1"," 202",0.823285048182961,0.268231855062823,0.357633931367092,2.17104318553576,2.23606797749979
"203","S_1029_S66_L003",1.81340925416867,-0.533260579321667,0," 203","1"," 203",-1.02417940886609,0.28947700986614,-1.55743998818775,0.255969265980919,0
"204","S_1030_S13",1.81340925416867,-0.4193091928444,0," 204","1"," 204",0.811061014560078,0.258617633382513,0.391751821715678,2.20516107588435,2.34034731932072
"205","S_1036_S32",1.81340925416867,-0.106409616112954,0," 205","1"," 205",0.216555857469278,0.279679956725714,0.110146241356324,1.923555495525,1.77827941003892
"206","S_1041_S151",1.81340925416867,-0.175176674982528,0," 206","1"," 206",1.22985084345656,0.259261041158266,1.05467416847403,2.8680834226427,2.89250760851908
"207","S_1053_S23",1.81340925416867,-0.22251182024151,0," 207","1"," 207",0.349785432722914,0.252863671739971,0.127273612481404,1.94068286665008,2.21336383940064
"208","S_1075_S38",1.81340925416867,-0.581119950022507,0," 208","1"," 208",0.75127024814448,0.318575882978796,0.170150298121973,1.98355955229064,2.11474252688113
"209","S_1076_S167",1.81340925416867,-0.545861365052945,0," 209","1"," 209",0.73247292592253,0.40361356852333,0.186611560869585,2.00002081503826,2.34034731932072
"210","S_107_S16",1.81340925416867,-0.591639939550515,0," 210","1"," 210",0.970462824968187,0.288688690833676,0.378822885417672,2.19223213958634,2.34034731932072
"211","S_1093_S116",1.81340925416867,-0.158569829518388,0," 211","1"," 211",0.473042117367241,0.280161830516627,0.314472287848853,2.12788154201752,2.34034731932072
"212","S_10_S169",1.81340925416867,-0.546110312271741,0," 212","1"," 212",0.529261684386532,0.282694953001355,-0.0168486278852094,1.79656062628346,1.8612097182042
"213","S_1118_S92",1.81340925416867,-0.407835074769403,0," 213","1"," 213",0.0339308679470401,0.310182054093611,-0.373904206822363,1.43950504734631,1.49534878122122
"214","S_1125_S30_L003",1.81340925416867,-0.350205032078403,0," 214","1"," 214",-1.3971995851994,0.284327686105713,-1.74740461727781,0.0660046368908644,0
"215","S_1134_S91",1.81340925416867,-0.410594890531996,0," 215","1"," 215",0.0493889192022626,0.294132708976701,-0.361205971329734,1.45220328283894,1.31607401295249
"216","S_1138_S159",1.81340925416867,-0.548830695317318,0," 216","1"," 216",0.84612319955356,0.40491608729909,0.297292504236243,2.11070175840491,2.34034731932072
"217","S_113_S7_L003",1.81340925416867,-0.677746889526034,0," 217","1"," 217",0.123953561390703,0.295002874335774,-0.553793328135332,1.25961592603334,1.18920711500272
"218","S_1140_S60_L003",1.81340925416867,-0.263414339377343,0," 218","1"," 218",0.539474056736005,0.279431687834153,0.276059717358662,2.08946897152733,2.05976714390712
"219","S_1154_S161",1.81340925416867,-0.424597162590707,0," 219","1"," 219",0.481689050897886,0.258858339678735,0.0570918883071792,1.87050114247585,1.96798967126543
"220","S_1160_S11",1.81340925416867,-0.376753765224346,0," 220","1"," 220",1.39797507374017,0.261610711001935,1.02122130851582,2.83463056268449,2.89250760851908
"221","S_1177_S24",1.81340925416867,-0.294416367485051,0," 221","1"," 221",0.302755828631093,0.313329834305672,0.0083394611460415,1.82174871531471,1.77827941003892
"222","S_1179_S105",1.81340925416867,-0.264007972990916,0," 222","1"," 222",0.991289155279242,0.295915797182974,0.727281182288326,2.540690436457,2.51486685936587
"223","S_1200_S164",1.81340925416867,-0.453621505196413,0," 223","1"," 223",0.716602340584813,0.357556634583185,0.2629808353884,2.07639008955707,2.34034731932072
"224","S_1202_S72_L003",1.81340925416867,-0.30702926384548,0," 224","1"," 224",0.699427705687507,0.279588570736811,0.392398441842027,2.2058076960107,2.51486685936587
"225","S_1203_S53",1.81340925416867,-0.310478331202439,0," 225","1"," 225",-1.18330083935791,0.264216531883894,-1.49377917056035,0.319630083608325,0
"226","S_1210_S120",1.81340925416867,-0.271074057190022,0," 226","1"," 226",-0.300027051688499,0.270929428261192,-0.571101108878521,1.24230814529015,1.25743342968294
"227","S_1213_S95_L003",1.81340925416867,-0.496018106022702,0," 227","1"," 227",0.786679165236319,0.27626480016972,0.290661059213617,2.10407031338229,2.11474252688113
"228","S_122_S43_L003",1.81340925416867,-0.688581739144395,0," 228","1"," 228",0.218014738503015,0.431744629849105,-0.47056700064138,1.34284225352729,1.56508458007329
"229","S_1247_S133",1.81340925416867,-0.434504161176658,0," 229","1"," 229",-1.2409460253816,0.281406462931109,-1.67545018655825,0.137959067610417,0
"230","S_1257_S89",1.81340925416867,-0.4262848399217,0," 230","1"," 230",0.0933148526870339,0.292386542143436,-0.332969987234667,1.48043926693401,1.49534878122122
"231","S_125_S163",1.81340925416867,-0.694856738277348,0," 231","1"," 231",-0.992866384390605,0.329885261526359,-1.68772312266795,0.125686131500719,0
"232","S_1278_S20",1.81340925416867,-0.449545580734762,0," 232","1"," 232",-1.25769961866144,0.268822539802623,-1.70724519939621,0.106164054772465,0
"233","S_1287_S146",1.81340925416867,-0.466463595582417,0," 233","1"," 233",0.956063292438927,0.269227736589517,0.48959969685651,2.30300895102518,2.34034731932072
"234","S_1289_S164",1.81340925416867,-0.490122225547376,0," 234","1"," 234",0.847300281613923,0.289063643217883,0.357178056066547,2.17058731023522,2.21336383940064
"235","S_1308_S183",1.81340925416867,-0.506724272762798,0," 235","1"," 235",0.13853582512189,0.373813137846375,-0.368188447640908,1.44522080652776,1.49534878122122
"236","S_1323_S36",1.81340925416867,-0.430457770584321,0," 236","1"," 236",0.614229708947861,0.277121249435198,0.18377193836354,1.99718119253221,1.96798967126543
"237","S_1326_S53_L003",1.81340925416867,-0.424251136012925,0," 237","1"," 237",1.3026444257395,0.270537255415675,0.878393289726576,2.69180254389525,2.78315768371374
"238","S_132_S41",1.81340925416867,-0.686233152920324,0," 238","1"," 238",-0.998425610443701,0.331441127589785,-1.68465876336403,0.128750490804646,0
"239","S_1370_S76",1.81340925416867,-0.458447486197697,0," 239","1"," 239",-1.25736721079346,0.280343264616035,-1.71581469699116,0.097594557177513,0
"240","S_1374_S132",1.81340925416867,-0.420031475292948,0," 240","1"," 240",-1.41931124146364,0.280792414220712,-1.83934271675659,0,0
"241","S_1384_S78",1.81340925416867,-0.51035904495191,0," 241","1"," 241",-0.999528635158393,0.299825198073983,-1.5098876801103,0.303521574058369,0
"242","S_1390_S94",1.81340925416867,-0.54096875887356,0," 242","1"," 242",0.97440432767176,0.302264835349541,0.4334355687982,2.24684482296687,2.65914794847249
"243","S_1393_S83_L003",1.81340925416867,-0.584494911730307,0," 243","1"," 243",-1.12332993217364,0.28760677105665,-1.70782484390395,0.105584410264723,0
"244","S_1395_S102",1.81340925416867,-0.545767706676307,0," 244","1"," 244",-0.0209002295533457,0.280145408973796,-0.566667936229653,1.24674131793902,1.49534878122122
"245","S_1403_S130",1.81340925416867,-0.6613114410488,0," 245","1"," 245",-0.0320406793746832,0.325388229469406,-0.693352120423484,1.12005713374519,1.31607401295249
"246","S_1405_S126",1.81340925416867,-0.55262211417885,0," 246","1"," 246",-1.02247945399339,0.293173574378037,-1.57510156817224,0.238307685996435,0
"247","S_1408_S17_L003",1.81340925416867,-0.592034243835885,0," 247","1"," 247",1.43488017472154,0.297022691085906,0.842845930885659,2.65625518505433,2.89250760851908
"248","S_1412_S125",1.81340925416867,-0.615904627591099,0," 248","1"," 248",-1.07163096997864,0.296320979056714,-1.68753559756974,0.125873656598937,0
"249","S_1413_S10_L003",1.81340925416867,-0.497581239690209,0," 249","1"," 249",0.167948462323742,0.297093525135568,-0.329632777366467,1.48377647680221,1.56508458007329
"250","S_141_S188",1.81340925416867,-0.655679361419826,0," 250","1"," 250",-0.126667806432233,0.298179802079499,-0.782347167852059,1.03106208631661,1
"251","S_1434_S73_L003",1.81340925416867,-0.537511747000843,0," 251","1"," 251",-1.32579886354162,0.280488821815035,-1.86331061054246,0,0
"252","S_1443_S64_L003",1.81340925416867,-0.543338163747874,0," 252","1"," 252",0.327514927071593,0.291953241469396,-0.215823236676282,1.59758601749239,1.56508458007329
"253","S_1462_S171",1.81340925416867,-0.569388934014116,0," 253","1"," 253",0.715341027498558,0.307642256109072,0.145952093484442,1.95936134765311,2.05976714390712
"254","S_1464_S64",1.81340925416867,-0.631562959439979,0," 254","1"," 254",0.22409509389675,0.299191455687384,-0.407467865543229,1.40594138862544,1.25743342968294
"255","S_1467_S106",1.81340925416867,-0.297612994826259,0," 255","1"," 255",0.0585329949014569,0.262295106005878,-0.239079999924802,1.57432925424387,1.56508458007329
"256","S_1468_S139",1.81340925416867,-0.450571125746904,0," 256","1"," 256",0.268133564445077,0.314398328860857,-0.182437561301827,1.63097169286684,1.56508458007329
"257","S_1479_S2_L003",1.81340925416867,-0.455538802022281,0," 257","1"," 257",-0.158966079670688,0.264803749579857,-0.614504881692968,1.1989043724757,1.31607401295249
"258","S_147_S19",1.81340925416867,-0.592130315905768,0," 258","1"," 258",0.352180383650285,0.281671132494364,-0.239949932255483,1.57345932191319,1.49534878122122
"259","S_14_S3",1.81340925416867,-0.64287735790058,0," 259","1"," 259",-0.893609039699246,0.293130134382926,-1.53648639759983,0.276922856568846,0
"260","S_1506_S61",1.81340925416867,-0.354137280570468,0," 260","1"," 260",-1.28522772967663,0.269749692166465,-1.6393650102471,0.174044243921572,0
"261","S_1516_S148",1.81340925416867,-0.616230958007605,0," 261","1"," 261",0.301404279688421,0.435188337104674,-0.314826678319184,1.49858257584949,1.73205080756888
"262","S_151_S93",1.81340925416867,-0.619356470625263,0," 262","1"," 262",-0.859452881538022,0.292953978020528,-1.47880935216329,0.334599902005386,0
"263","S_1521_S18",1.81340925416867,-0.542193736856671,0," 263","1"," 263",0.648021910020099,0.280742778829061,0.105828173163428,1.9192374273321,2.11474252688113
"264","S_1528_S47",1.81340925416867,-0.477880423043303,0," 264","1"," 264",0.599169917160862,0.274872313397613,0.121289494117559,1.93469874828623,2.11474252688113
"265","S_1531_S31_L003",1.81340925416867,-0.610894706223379,0," 265","1"," 265",-0.92477298953148,0.296762795038683,-1.53566769575486,0.277741558413812,0
"266","S_1532_S117",1.81340925416867,-0.523389254127175,0," 266","1"," 266",1.42187310895143,0.279599483669873,0.898483854824252,2.71189310899292,2.65914794847249
"267","S_1542_S44",1.81340925416867,-0.631458869452783,0," 267","1"," 267",-1.08316186040992,0.307129334553417,-1.71462072986271,0.0987885243059639,0
"268","S_154_S162",1.81340925416867,-0.65171319215269,0," 268","1"," 268",0.373885083044609,0.303098264342703,-0.27782810910808,1.53558114506059,1.65487545982344
"269","S_1552_S185",1.81340925416867,-0.410227086803364,0," 269","1"," 269",-0.212047503591326,0.272156599174174,-0.62227459039469,1.19113466377398,1.31607401295249
"270","S_1561_S52",1.81340925416867,-0.51561567904399,0," 270","1"," 270",0.021108342370578,0.27312465411088,-0.494507336673412,1.31890191749526,1.25743342968294
"271","S_1565_S74_L003",1.81340925416867,-0.474180069684381,0," 271","1"," 271",0.150676455377277,0.269005700302479,-0.323503614307104,1.48990563986157,1.4142135623731
"272","S_1567_S13_L003",1.81340925416867,-0.588301387715615,0," 272","1"," 272",0.268432404034161,0.293895474067413,-0.319868983681453,1.49354027048722,1.49534878122122
"273","S_159_S190",1.81340925416867,-0.587062480865649,0," 273","1"," 273",0.848990389725501,0.318389120624259,0.261927908859852,2.07533716302852,2.34034731932072
"274","S_1604_S168",1.81340925416867,-0.322722196468421,0," 274","1"," 274",0.883559310019425,0.273405124462399,0.560837113551004,2.37424636771968,2.44948974278318
"275","S_1620_S26",1.81340925416867,-0.568127749639645,0," 275","1"," 275",-0.986857080103906,0.292122052069535,-1.55498482974355,0.258424424425121,0
"276","S_1651_S111",1.81340925416867,-0.533985074970609,0," 276","1"," 276",0.263073590814501,0.283338474809059,-0.270911484156108,1.54249777001256,1.49534878122122
"277","S_1660_S143",1.81340925416867,-0.304380670180995,0," 277","1"," 277",0.7425800674582,0.279816308568437,0.438199397277205,2.25160865144588,2.51486685936587
"278","S_1674_S49_L003",1.81340925416867,-0.461920949017529,0," 278","1"," 278",-0.0904103536601304,0.262956140706296,-0.55233130267766,1.26107795149101,1.25743342968294
"279","S_1675_S175",1.81340925416867,-0.523077881032694,0," 279","1"," 279",0.0434547244429185,0.27043135008957,-0.479623156589775,1.3337860975789,1.4142135623731
"280","S_1678_S107",1.81340925416867,-0.583945903784569,0," 280","1"," 280",0.044503956393759,0.283653477724043,-0.53944194739081,1.27396730677786,1.31607401295249
"281","S_1687_S90_L003",1.81340925416867,-0.562010133926685,0," 281","1"," 281",-1.18863302501656,0.284679027065808,-1.75064315894325,0.0627660952254234,0
"282","S_1691_S141",1.81340925416867,-0.498256369228945,0," 282","1"," 282",-0.0486316599069022,0.266790381787269,-0.546888029135847,1.26652122503282,1.39157884185687
"283","S_1697_S147",1.81340925416867,-0.645792866197235,0," 283","1"," 283",0.0858119235731293,0.468221104531615,-0.559980942624105,1.25342831154457,1.49534878122122
"284","S_169_S27",1.81340925416867,-0.543997543033463,0," 284","1"," 284",0.223214601340334,0.28017734333539,-0.320782941693128,1.49262631247554,1.31607401295249
"285","S_16_S56_L003",1.81340925416867,-0.665695559544449,0," 285","1"," 285",1.05254175140948,0.301636621591591,0.386846191865036,2.20025544603371,2.23606797749979
"286","S_1725_S144",1.81340925416867,-0.629193149116021,0," 286","1"," 286",-0.243793021177588,0.45873971406091,-0.872986170293609,0.940423083875063,0.840896415253715
"287","S_1727_S30",1.81340925416867,-0.550255907134585,0," 287","1"," 287",0.0123243851947303,0.27759610754066,-0.537931521939854,1.27547773222882,1.25743342968294
"288","S_1735_S172",1.81340925416867,-0.448238843125603,0," 288","1"," 288",0.379079670558125,0.267376083177307,-0.0691591725674778,1.74425008160119,1.56508458007329
"289","S_1740_S146",1.81340925416867,-0.566708400010155,0," 289","1"," 289",0.474954894455395,0.345746371804299,-0.0917535055547602,1.72165574861391,1.91682931273882
"290","S_1747_S48_L003",1.81340925416867,-0.535130161104288,0," 290","1"," 290",0.164853615294017,0.274364223012739,-0.370276545810271,1.4431327083584,1.49534878122122
"291","S_1753_S75",1.81340925416867,-0.411585052139523,0," 291","1"," 291",0.0636328850736724,0.259443209040459,-0.347952167065851,1.46545708710282,1.49534878122122
"292","S_1755_S134",1.81340925416867,-0.42281681827429,0," 292","1"," 292",-0.272120027925247,0.297616591468263,-0.694936846199537,1.11847240796913,1
"293","S_1757_S61_L003",1.81340925416867,-0.51970792556057,0," 293","1"," 293",0.508268134801186,0.279213487129329,-0.0114397907593839,1.80196946340929,1.96798967126543
"294","S_177_S62",1.81340925416867,-0.585845981570519,0," 294","1"," 294",0.31479434533561,0.28236730927653,-0.271051636234909,1.54235761793376,1.49534878122122
"295","S_1780_S45_L003",1.81340925416867,-0.550158722095505,0," 295","1"," 295",0.540449557714877,0.277165730962983,-0.0097091643806283,1.80370008978804,1.8612097182042
"296","S_1781_S84",1.81340925416867,-0.670922517551058,0," 296","1"," 296",0.413547202027312,0.43701375302283,-0.257375315523747,1.55603393864493,1.96798967126543
"297","S_1783_S150",1.81340925416867,-0.621054964133016,0," 297","1"," 297",-0.242996772209923,0.395722978884212,-0.864051736342939,0.949357517825733,0.840896415253715
"298","S_1799_S86",1.81340925416867,-0.562070805610152,0," 298","1"," 298",-0.0482667007716403,0.305945340100159,-0.610337506381793,1.20307174778688,1.31607401295249
"299","S_1800_S14_L003",1.81340925416867,-0.588364818274427,0," 299","1"," 299",-1.05918772752487,0.30251258713464,-1.64755254579929,0.165856708369379,0
"300","S_1811_S148",1.81340925416867,-0.533586476038642,0," 300","1"," 300",0.801400851058779,0.281438692840933,0.267814375020137,2.08122362918881,2.11474252688113
"301","S_181_S65",1.81340925416867,-0.647789718228645,0," 301","1"," 301",0.48145706923167,0.310658431876221,-0.166332648996975,1.6470766051717,1.62657656169779
"302","S_1822_S37",1.81340925416867,-0.444615475479998,0," 302","1"," 302",0.435516966624647,0.262065413876591,-0.00909850885535007,1.80431074531332,1.77827941003892
"303","S_1823_S3_L003",1.81340925416867,-0.708038621101124,0," 303","1"," 303",-0.178345849062935,0.300356942887623,-0.886384470164059,0.927024784004613,1
"304","S_1824_S180",1.81340925416867,-0.47539375053315,0," 304","2","   1",-0.449731686890043,0.286375067668221,-0.925125437423193,0.888283816745479,NA
"305","S_1828_S156",1.81340925416867,-0.5244424736609,0," 305","1"," 304",-0.0156981682136886,0.287012188073383,-0.540140641874588,1.27326861229408,1.18920711500272
"306","S_1834_S114",1.81340925416867,-0.620467434767539,0," 306","1"," 305",0.42503055835408,0.304218991120582,-0.19543687641346,1.61797237775521,1.77827941003892
"307","S_1835_S57",1.81340925416867,-0.560588365817607,0," 307","1"," 306",-1.03456060943594,0.283739366666411,-1.59514897525355,0.218260278915124,0
"308","S_1845_S34",1.81340925416867,-0.461295044546227,0," 308","1"," 307",1.08651327248668,0.272557921630342,0.625218227940449,2.43862748210912,2.51486685936587
"309","S_1855_S49",1.81340925416867,-0.583994046846689,0," 309","1"," 308",-0.257607455228119,0.286661519000513,-0.841601502074807,0.971807752093864,1
"310","S_1856_S51",1.81340925416867,-0.46071874321672,0," 310","1"," 309",-0.433572493727533,0.270843778223591,-0.894291236944253,0.919118017224418,0.840896415253715
"311","S_185_S72",1.81340925416867,-0.630431774313565,0," 311","1"," 310",-0.677143440817226,0.342141074306252,-1.30757521513079,0.505834039037881,0
"312","S_1861_S1_L003",1.81340925416867,-0.446330396692579,0," 312","1"," 311",1.12835701876647,0.256562215969202,0.682026622073887,2.49543587624256,2.51486685936587
"313","S_1871_S186",1.81340925416867,-0.438991420867429,0," 313","1"," 312",0.559641894886061,0.264213339641636,0.120650474018632,1.9340597281873,1.73205080756888
"314","S_188_S79",1.81340925416867,-0.656849908327734,0," 314","1"," 313",0.0941852218737648,0.300987621252984,-0.562664686453969,1.2507445677147,1.18920711500272
"315","S_1909_S132",1.81340925416867,-0.571578831087884,0," 315","1"," 314",0.631671256143517,0.299043927238557,0.0600924250556327,1.8735016792243,2.05976714390712
"316","S_190_S2",1.81340925416867,-0.663534957692499,0," 316","1"," 315",0.886258212578957,0.30370230573293,0.222723254886458,2.03613250905513,2.23606797749979
"317","S_1910_S23_L003",1.81340925416867,-0.459292118482583,0," 317","1"," 316",0.159925175650059,0.269849707891034,-0.299366942832524,1.51404231133615,1.49534878122122
"318","S_1921_S54",1.81340925416867,-0.617365682211697,0," 318","1"," 317",-0.985754683563309,0.324576226411758,-1.60312036577501,0.210288888393666,0
"319","S_1934_S21_L003",1.81340925416867,-0.618031554908102,0," 319","1"," 318",1.43618013416569,0.31054854051882,0.818148579257593,2.63155783342626,2.89250760851908
"320","S_1935_S15",1.81340925416867,-0.67645419706315,0," 320","1"," 319",0.519967640630712,0.307011861440536,-0.156486556432438,1.65692269773623,1.49534878122122
"321","S_1939_S59",1.81340925416867,-0.642796600779978,0," 321","1"," 320",0.853263896187901,0.297269262668985,0.210467295407923,2.02387654957659,2.11474252688113
"322","S_1945_S21",1.81340925416867,-0.59361808314548,0," 322","1"," 321",0.749709720675653,0.279702205083517,0.156091637530173,1.96950089169884,2.21336383940064
"323","S_1946_S184",1.81340925416867,-0.623412091710519,0," 323","1"," 322",0.0745951086971323,0.346806869599756,-0.548816983013387,1.26459227115529,1.31607401295249
"324","S_1950_S66",1.81340925416867,-0.682605821445283,0," 324","1"," 323",-0.954831249426927,0.318608636172844,-1.63743707087221,0.175972183296462,0
"325","S_1955_S145",1.81340925416867,-0.654588597507791,0," 325","1"," 324",0.194887770193868,0.467318169920951,-0.459700827313922,1.35370842685475,1.45647531512197
"326","S_1956_S127",1.81340925416867,-0.595349105259122,0," 326","1"," 325",-0.917996349413228,0.281244807786535,-1.51334545467235,0.300063799496322,0
"327","S_1971_S104",1.81340925416867,-0.709967424339271,0," 327","1"," 326",1.2000261443743,0.318608274739563,0.490058720035029,2.3034679742037,2.11474252688113
"328","S_1998_S79_L003",1.81340925416867,-0.700674282318417,0," 328","1"," 327",-1.03515885369237,0.31938328990921,-1.73583313601079,0.0775761181578849,0
"329","S_199_S59_L003",1.81340925416867,-0.705722227926969,0," 329","1"," 328",-0.11407691852284,0.323262117599886,-0.819799146449809,0.993610107718862,1
"330","S_1_S123",1.81340925416867,-0.616956517988663,0," 330","1"," 329",-0.904994576720647,0.376761668929341,-1.52195109470931,0.291458159459363,0
"331","S_2005_S22",1.81340925416867,-0.741874675507912,0," 331","1"," 330",0.990034745796291,0.314766147613935,0.248160070288379,2.06156932445705,2.23606797749979
"332","S_2008_S85_L003",1.81340925416867,-0.584733402718626,0," 332","1"," 331",0.16412677374052,0.283938149238011,-0.420606628978106,1.39280262519057,1.31607401295249
"333","S_2025_S28",1.81340925416867,-0.615049886611481,0," 333","1"," 332",-0.080418554226292,0.303514330419657,-0.695468440837773,1.1179408133309,1.25743342968294
"334","S_2029_S18_L003",1.81340925416867,-0.657441313030105,0," 334","1"," 333",1.19367739573622,0.310232285235019,0.536236082706119,2.34964533687479,2.51486685936587
"335","S_2031_S70",1.81340925416867,-0.61327797136638,0," 335","1"," 334",-0.872225146151043,0.2987218010737,-1.48550311751742,0.327906136651249,0
"336","S_2038_S118",1.81340925416867,-0.644050572790067,0," 336","1"," 335",1.18099678415063,0.320931529044514,0.536946211360567,2.35035546552924,2.44948974278318
"337","S_2075_S187",1.81340925416867,-0.668141672285709,0," 337","1"," 336",-0.686276483013402,0.421057223818846,-1.35441815529911,0.45899109886956,0
"338","S_2076_S5_L003",1.81340925416867,-0.74509571827938,0," 338","1"," 337",0.591279500180712,0.327507421144582,-0.153816218098668,1.65959303607,1.77827941003892
"339","S_2077_S82_L003",1.81340925416867,-0.706351861070977,0," 339","1"," 338",-0.408429212785924,0.315657191844576,-1.1147810738569,0.698628180311771,0.840896415253715
"340","S_2080_S6_L003",1.81340925416867,-0.679113184484588,0," 340","1"," 339",1.15166813728529,0.312177585729565,0.4725549528007,2.28596420696937,2.51486685936587
"341","S_2083_S65_L003",1.81340925416867,-0.546442221954088,0," 341","1"," 340",0.0503361713700672,0.282386308543333,-0.496106050584021,1.31730320358465,1.31607401295249
"342","S_2089_S17",1.81340925416867,-0.695017123572039,0," 342","1"," 341",-1.13179721688256,0.312869500796477,-1.8268143404546,0,0
"343","S_2096_S54_L003",1.81340925416867,-0.605354909449362,0," 343","1"," 342",0.920502682793997,0.332198126527826,0.315147773344636,2.12855702751331,2.51486685936587
"344","S_2098_S191",1.81340925416867,-0.563037206441283,0," 344","1"," 343",0.24216625543312,0.285333728736074,-0.320870951008162,1.49253830316051,1.31607401295249
"345","S_2108_S154",1.81340925416867,-0.632829756491309,0," 345","1"," 344",0.398326021460512,0.378348452411252,-0.234503735030798,1.57890551913787,1.77827941003892
"346","S_210_S177",1.81340925416867,-0.404219535736575,0," 346","1"," 345",-1.24399642788078,0.289356468570642,-1.64821596361736,0.165193290551312,0
"347","S_2120_S134",1.81340925416867,-0.646809251857673,0," 347","1"," 346",-0.855024910652722,0.387537858694906,-1.50183416251039,0.311575091658277,0
"348","S_2124_S101",1.81340925416867,-0.761375462905995,0," 348","1"," 347",-0.926830702056269,0.335355017079606,-1.68820616496226,0.125203089206407,0
"349","S_2125_S140",1.81340925416867,-0.763553060070979,0," 349","1"," 348",-0.854324906320952,0.353541634368897,-1.61787796639193,0.19553128777674,0
"350","S_2126_S35",1.81340925416867,-0.781828488190281,0," 350","1"," 349",0.324578283278825,0.332728752211594,-0.457250204911457,1.35615904925722,1.31607401295249
"351","S_212_S12",1.81340925416867,-0.274726520917705,0," 351","1"," 350",-1.57449312040117,0.312742297877752,-1.84921964131887,0,0
"352","S_2130_S16_L003",1.81340925416867,-0.667936836303387,0," 352","1"," 351",0.613709834330795,0.300616446864572,-0.0542270019725924,1.75918225219608,1.96798967126543
"353","S_2138_S112",1.81340925416867,-0.580828341021372,0," 353","1"," 352",0.910822760080141,0.284344776420602,0.329994419058769,2.14340367322744,2.23606797749979
"354","S_2139_S60",1.81340925416867,-0.697092983971523,0," 354","1"," 353",-0.0756292808855957,0.351794357053667,-0.772722264857118,1.04068698931155,1.18920711500272
"355","S_2149_S9_L003",1.81340925416867,-0.594293876483872,0," 355","1"," 354",-1.02300574218172,0.30478096999362,-1.61729961866559,0.196109635503078,0
"356","S_2157_S122",1.81340925416867,-0.721193488790872,0," 356","1"," 355",0.103683761479747,0.31931126396716,-0.617509727311124,1.19589952685755,1.18920711500272
"357","S_2162_S4_L003",1.81340925416867,-0.588490832510449,0," 357","1"," 356",0.776505941356066,0.303648020724494,0.188015108845617,2.00142436301429,2.05976714390712
"358","S_2167_S81_L003",1.81340925416867,-0.612001418358916,0," 358","1"," 357",-0.970221408873105,0.295465084847701,-1.58222282723202,0.231186426936651,0
"359","S_2177_S11_L003",1.81340925416867,-0.625875969405868,0," 359","1"," 358",0.119314441168034,0.295929648306476,-0.506561528237834,1.30684772593084,1.25743342968294
"360","S_2194_S133",1.81340925416867,-0.67134627892179,0," 360","1"," 359",0.73853173188888,0.302696090708303,0.06718545296709,1.88059470713576,1.8612097182042
"361","S_2195_S129",1.81340925416867,-0.736259985912585,0," 361","1"," 360",-0.907228532619732,0.321942837816547,-1.64348851853232,0.169920735636355,0
"362","S_2200_S5",1.81340925416867,-0.761656967575548,0," 362","1"," 361",-0.57238954442969,0.332299926542291,-1.33404651200524,0.479362742163434,0.562341325190349
"363","S_2224_S161",1.81340925416867,-0.555321026716712,0," 363","1"," 362",0.866322504224165,0.276887994297055,0.311001477507453,2.12441073167612,2.34034731932072
"364","S_2225_S110",1.81340925416867,-0.637003658796292,0," 364","1"," 363",0.0411689142050394,0.395195452264473,-0.595834744591252,1.21757450957742,1.31607401295249
"365","S_2233_S80_L003",1.81340925416867,-0.609509511391919,0," 365","1"," 364",0.266734351100273,0.287176769553443,-0.342775160291646,1.47063409387703,1.56508458007329
"366","S_2277_S189",1.81340925416867,-0.592498974814926,0," 366","1"," 365",0.510693873758807,0.413123324420498,-0.0818051010561186,1.73160415311255,2.05976714390712
"367","S_228_S138",1.81340925416867,-0.305082349484855,0," 367","1"," 366",-0.71479141853345,0.280598854030534,-1.0198737680183,0.793535486150367,0.840896415253715
"368","S_2296_S115",1.81340925416867,-0.446513063173988,0," 368","1"," 367",-1.09431366594529,0.314292343225863,-1.54082672911928,0.272582525049393,0
"369","S_229_S24_L003",1.81340925416867,-0.14880193040152,0," 369","1"," 368",0.471339794236043,0.280216257975702,0.322537863834523,2.13594711800319,1.96798967126543
"370","S_2316_S149",1.81340925416867,-0.510363469925206,0," 370","1"," 369",-0.196039311921909,0.306878212269015,-0.706402781847115,1.10700647232156,1
"371","S_2317_S77_L003",1.81340925416867,-0.251427894669182,0," 371","1"," 370",0.0697476647494765,0.295818662603116,-0.181680229919706,1.63172902424897,1.49534878122122
"372","S_2318_S85",1.81340925416867,-0.260850557759009,0," 372","1"," 371",0.677346173520955,0.295702653718802,0.416495615761946,2.22990486993062,2.44948974278318
"373","S_2326_S100",1.81340925416867,-0.243945891998279,0," 373","1"," 372",-1.41383916965059,0.26557617225288,-1.65778506164887,0.155624192519805,0
"374","S_2332_S35_L003",1.81340925416867,-0.198397246252569,0," 374","1"," 373",0.3145682404132,0.270075969970101,0.11617099416063,1.9295802483293,1.96798967126543
"375","S_2335_S96",1.81340925416867,-0.621596462962854,0," 375","1"," 374",-0.554129386709537,0.47179451141721,-1.17572584967239,0.637683404496281,0
"376","S_2341_S56",1.81340925416867,-0.366320054104589,0," 376","1"," 375",-1.58883780353795,0.277621991832077,-1.95515785764254,0,0
"377","S_2344_S156",1.81340925416867,-0.627290830306429,0," 377","1"," 376",-0.631693547857807,0.465066125388862,-1.25898437816424,0.554424876004435,0
"378","S_2346_S152",1.81340925416867,-0.393488068835161,0," 378","1"," 377",-1.39020133482869,0.29599940888166,-1.78368940366385,0.0297198505048217,0
"379","S_2387_S147",1.81340925416867,-0.357991754295493,0," 379","1"," 378",-0.250933478558664,0.299923099015619,-0.608925232854158,1.20448402131451,1.18920711500272
"380","S_2397_S166",1.81340925416867,-0.511116869812448,0," 380","1"," 379",0.207548892717075,0.312871194672246,-0.303567977095373,1.5098412770733,1.56508458007329
"381","S_255_S45",1.81340925416867,-0.739656015813291,0," 381","1"," 380",-0.79524056392705,0.324883423536682,-1.53489657974034,0.278512674428331,0
"382","S_256_S39_L003",1.81340925416867,-0.656934762669914,0," 382","1"," 381",-1.20140756423134,0.295834795864254,-1.85834232690125,0,0
"383","S_274_S192",1.81340925416867,-0.657100187685965,0," 383","1"," 382",-1.04283964903404,0.323403984094278,-1.69993983672,0.113469417448671,0
"384","S_276_S74",1.81340925416867,-0.608098170531657,0," 384","1"," 383",0.192529307700886,0.300211921015802,-0.415568862830771,1.3978403913379,1.49534878122122
"385","S_27_S7",1.81340925416867,-0.650008472155604,0," 385","1"," 384",-0.575945476301342,0.295554335696646,-1.22595394845695,0.587455305711726,0.840896415253715
"386","S_285_1_S191",1.81340925416867,-0.534532018977662,0," 386","1"," 385",0.870544284089966,0.258487405172159,0.336012265112303,2.14942151928097,2.05976714390712
"387","S_289_S32_L003",1.81340925416867,-0.566112140678843,0," 387","1"," 386",-0.0487998493715731,0.400893681935837,-0.614911990050416,1.19849726411826,1.31607401295249
"388","S_292_S80",1.81340925416867,-0.32060426727055,0," 388","1"," 387",-0.30904795453767,0.290166824136244,-0.62965222180822,1.18375703236045,1.31607401295249
"389","S_295_S46_L003",1.81340925416867,-0.253327017278134,0," 389","1"," 388",-0.304772642964373,0.303177902655793,-0.558099660242507,1.25530959392616,1.31607401295249
"390","S_297_S95",1.81340925416867,-0.176587941576063,0," 390","1"," 389",0.82087065155688,0.280463297084672,0.644282709980817,2.45769196414949,2.51486685936587
"391","S_302_S182",1.81340925416867,-0.387316269005127,0," 391","1"," 390",0.498369878199133,0.302048881362858,0.111053609194005,1.92446286336268,2.11474252688113
"392","S_328_S179",1.81340925416867,-0.620963229623836,0," 392","1"," 391",0.205437809558985,0.346383957841844,-0.415525420064851,1.39788383410382,1.56508458007329
"393","S_32_S152",1.81340925416867,-0.656421146554103,0," 393","1"," 392",-0.975488188204622,0.322405932154193,-1.63190933475872,0.181499919409947,0
"394","S_331_S25",1.81340925416867,-0.568458265620162,0," 394","1"," 393",-1.05414011291717,0.278456901917968,-1.62259837853733,0.190810875631338,0
"395","S_334_S137",1.81340925416867,-0.602016023531775,0," 395","1"," 394",-1.26413531774648,0.305654207497529,-1.86615134127826,0,0
"396","S_337_S8",1.81340925416867,-0.159138838433875,0," 396","1"," 395",1.16995787637385,0.279453344966468,1.01081903793997,2.82422829210865,2.99069756244244
"397","S_339_S28_L003",1.81340925416867,-0.191219767539413,0," 397","1"," 396",-1.31997709157419,0.27131193707717,-1.51119685911361,0.302212395055067,0
"398","S_341_S162",1.81340925416867,-0.48922738979215,0," 398","1"," 397",0.266221952191997,0.384702707545278,-0.223005437600153,1.59040381656852,1.83142075074235
"399","S_344_S160",1.81340925416867,-0.578466064816307,0," 399","1"," 398",0.118326028087633,0.441119351607981,-0.460140036728674,1.35326921744,1.56508458007329
"400","S_357_S87",1.81340925416867,-0.123546799133678,0," 400","1"," 399",-0.241742798040252,0.274864968536037,-0.36528959717393,1.44811965699474,1.49534878122122
"401","S_371_S41_L003",1.81340925416867,-0.360573366842258,0," 401","1"," 400",-0.397726218196839,0.312150150265427,-0.758299585039098,1.05510966912957,1
"402","S_373_S73",1.81340925416867,-0.739158917974274,0," 402","1"," 401",-0.636210828027342,0.33201249274631,-1.37536974600162,0.438039508167056,0
"403","S_377_S12_L003",1.81340925416867,-0.697207249214062,0," 403","1"," 402",1.32834338449142,0.304077729393306,0.631136135277362,2.44454538944603,2.78315768371374
"404","S_385_S62_L003",1.81340925416867,-0.618603779407129,0," 404","1"," 403",0.863033751648766,0.28690771276165,0.244429972241637,2.05783922641031,2.23606797749979
"405","S_393_S135",1.81340925416867,-0.626041163776627,0," 405","2","   2",-0.101444174217877,0.308537597773573,-0.727485337994504,1.08592391617417,NA
"406","S_397_S176",1.81340925416867,-0.668442562381547,0," 406","1"," 404",-0.0010260137210043,0.298810210712194,-0.669468576102551,1.14394067806612,1.18920711500272
"407","S_406_S140",1.81340925416867,-0.576838944334018,0," 407","1"," 405",1.21892511448518,0.27750222768634,0.642086170151159,2.45549542431983,2.65914794847249
"408","S_407_S131",1.81340925416867,-0.739288853562621,0," 408","1"," 406",-1.11091385534598,0.317127029914783,-1.8502027089086,0,0
"409","S_413_S86_L003",1.81340925416867,-0.766169177311334,0," 409","1"," 407",-0.812467162630012,0.325791607522152,-1.57863633994135,0.234772914227326,0
"410","S_419_S1",1.81340925416867,-0.717326015941133,0," 410","1"," 408",0.368728713248592,0.309136238712593,-0.348597302692541,1.46481195147613,1.49534878122122
"411","S_41_S124",1.81340925416867,-0.6955806014476,0," 411","1"," 409",-1.06932094063364,0.306241932870716,-1.76490154208124,0.0485077120874355,0
"412","S_440_S128",1.81340925416867,-0.698513779614332,0," 412","1"," 410",-0.700950627363784,0.428756442391539,-1.39946440697812,0.413944847190556,0
"413","S_450_S135",1.81340925416867,-0.692124824621076,0," 413","1"," 411",-0.20721674620611,0.30354587652481,-0.899341570827187,0.914067683341485,0.840896415253715
"414","S_453_S63",1.81340925416867,-0.646157172479303,0," 414","1"," 412",-0.961197653980847,0.335242675695416,-1.60735482646015,0.206054427708521,0
"415","S_454_S71_L003",1.81340925416867,-0.698674929628856,0," 415","1"," 413",1.18116093816044,0.309592664156256,0.482486008531588,2.29589526270026,2.54572989502183
"416","S_469_S119",1.81340925416867,-0.778531700717751,0," 416","1"," 414",1.43082408515446,0.339559881897786,0.652292384436709,2.46570163860538,2.89250760851908
"417","S_474_S89_L003",1.81340925416867,-0.639006156727965,0," 417","1"," 415",-0.49502780472835,0.462688852023942,-1.13403396145631,0.679375292712357,0
"418","S_481_S27_L003",1.81340925416867,-0.784699480650402,0," 418","1"," 416",-0.159364390153357,0.329934550901201,-0.944063870803759,0.869345383364913,0.840896415253715
"419","S_487_S31",1.81340925416867,-0.790612734819276,0," 419","1"," 417",0.301984079263108,0.330479572133241,-0.488628655556168,1.3247805986125,1.49534878122122
"420","S_501_S43",1.81340925416867,-0.684420899720533,0," 420","1"," 418",-0.837598512300859,0.301337768649963,-1.52201941202139,0.29138984214728,0
"421","S_509_S109",1.81340925416867,-0.797405996677179,0," 421","1"," 419",-1.04157998156938,0.340142463206987,-1.83898597824656,0,0
"422","S_515_S58",1.81340925416867,-0.684223216380097,0," 422","1"," 420",-1.05408736247,0.312795102649517,-1.7383105788501,0.0750986753185745,0
"423","S_516_S138",1.81340925416867,-0.682342770226792,0," 423","1"," 421",-0.842043601237652,0.445294673542362,-1.52438637146444,0.289022882704227,0
"424","S_517_S20_L003",1.81340925416867,-0.662930083318621,0," 424","1"," 422",1.5273707012703,0.298519271321644,0.864440617951678,2.67784987212035,2.89250760851908
"425","S_522_S10",1.81340925416867,-0.565515328767727,0," 425","1"," 423",0.980272209802765,0.275845209838765,0.414756881035037,2.22816613520371,2.34034731932072
"426","S_524_S33_L003",1.81340925416867,-0.704102261010611,0," 426","1"," 424",0.264242140852387,0.308552178867168,-0.439860120158224,1.37354913401045,1.31607401295249
"427","S_528_S103",1.81340925416867,-0.724222672362245,0," 427","1"," 425",1.0926481263678,0.310570353950175,0.368425454005554,2.18183470817423,2.34034731932072
"428","S_533_S68",1.81340925416867,-0.657362825315642,0," 428","1"," 426",0.401730437323174,0.344169721771772,-0.255632387992468,1.5577768661762,1.56508458007329
"429","S_537_S78_L003",1.81340925416867,-0.794513145128254,0," 429","1"," 427",1.65926967150758,0.327791847995841,0.864756526379328,2.678165780548,2.78315768371374
"430","S_545_S69",1.81340925416867,-0.727140093559135,0," 430","1"," 428",0.047622444679119,0.314593986854926,-0.679517648880016,1.13389160528866,1.10668191970032
"431","S_565_S149",1.81340925416867,-0.712556680191128,0," 431","1"," 429",0.732815519064894,0.306937895947504,0.0202588388737652,1.83366809304244,2.05976714390712
"432","S_567_S165",1.81340925416867,-0.743147265093007,0," 432","1"," 430",-0.982921322607425,0.317045809189225,-1.72606858770043,0.0873406664682395,0
"433","S_574_S155",1.81340925416867,-0.668513942561607,0," 433","1"," 431",-0.588489115801679,0.458542439955986,-1.25700305836329,0.556406195805386,0
"434","S_591_S99",1.81340925416867,-0.654250189866445,0," 434","1"," 432",0.33209729526896,0.300492566921634,-0.322152894597485,1.49125635957119,1.49534878122122
"435","S_5_S63_L003",1.81340925416867,-0.598543335340208,0," 435","1"," 433",0.801207149132465,0.418605676437106,0.202663813792257,2.01607306796093,2.51486685936587
"436","S_629_S113",1.81340925416867,-0.241774238047754,0," 436","1"," 434",0.161609582679401,0.275881892077269,-0.0801646553683528,1.73324459880032,1.77827941003892
"437","S_630_S51_L003",1.81340925416867,-0.346698667323497,0," 437","1"," 435",0.483417140832434,0.287053059323901,0.136718473508937,1.95012772767761,2.11474252688113
"438","S_631_S87_L003",1.81340925416867,-0.243408136615261,0," 438","1"," 436",0.262626561222383,0.28616395641098,0.0192184246071218,1.83262767877579,1.96798967126543
"439","S_63_S170",1.81340925416867,-0.507780335687815,0," 439","1"," 437",-0.636997592006169,0.266094583425374,-1.14477792769398,0.668631326474688,0
"440","S_640_S178",1.81340925416867,-0.338779303637032,0," 440","1"," 438",-1.31586417746919,0.292524677272649,-1.65464348110622,0.158765773062454,0
"441","S_646_S142",1.81340925416867,-0.242639581490324,0," 441","1"," 439",-0.306319620488585,0.278743227690363,-0.548959201978909,1.26445005218976,1.25743342968294
"442","S_650_S129",1.81340925416867,-0.564555007526375,0," 442","1"," 440",0.614660603025434,0.42810529744793,0.0501055954990586,1.86351484966773,2.17793858734643
"443","S_653_S6",1.81340925416867,-0.0143202817653045,0," 443","1"," 441",1.03325645551675,0.28977880886115,1.01893617375144,2.83234542792012,2.34034731932072
"444","S_656_S181",1.81340925416867,-0.181853378869754,0," 444","1"," 442",0.70601292682989,0.283359468534748,0.524159547960137,2.33756880212881,2.34034731932072
"445","S_657_S154",1.81340925416867,-0.580800515196188,0," 445","1"," 443",0.490998060177929,0.448233733265162,-0.0898024550182593,1.72360679915041,2.23606797749979
"446","S_658_S33",1.81340925416867,-0.0133896539359482,0," 446","1"," 444",0.95284593765026,0.291149247652883,0.939456283714312,2.75286553788298,2.89250760851908
"447","S_65_S29_L003",1.81340925416867,-0.559705845037002,0," 447","1"," 445",0.725893951553914,0.308226398151277,0.166188106516911,1.97959736068558,2.11474252688113
"448","S_662_S98",1.81340925416867,-0.313101499959999,0," 448","1"," 446",-0.569952197202668,0.269549728244358,-0.883053697162668,0.930355557006004,0.840896415253715
"449","S_673_S40_L003",1.81340925416867,-0.285932274082923,0," 449","1"," 447",-0.164986107822432,0.293468428956252,-0.450918381905356,1.36249087226332,1.4142135623731
"450","S_674_S130",1.81340925416867,-0.304221402340247,0," 450","1"," 448",-1.36739218472675,0.297086255066231,-1.671613587067,0.141795667101671,0
"451","S_679_S9",1.81340925416867,-0.258917632949674,0," 451","1"," 449",-0.362463940173196,0.275976062578334,-0.621381573122869,1.1920276810458,1.25743342968294
"452","S_685_S121",1.81340925416867,-0.221130315531648,0," 452","1"," 450",-0.134934503247296,0.296221751459506,-0.356064818778945,1.45734443538973,1.31607401295249
"453","S_695_S46",1.81340925416867,-0.203836225577296,0," 453","1"," 451",0.675907457456615,0.283689341268388,0.472071231879319,2.28548048604799,2.51486685936587
"454","S_696_S88",1.81340925416867,-0.346893433595501,0," 454","1"," 452",0.697815131273517,0.309689513623598,0.350921697678016,2.16433095184669,2.34034731932072
"455","S_706_S108",1.81340925416867,-0.185807833990811,0," 455","1"," 453",-0.314833542163101,0.299671250524018,-0.500641376153912,1.31276787801476,1.25743342968294
"456","S_711_S50",1.81340925416867,-0.298331187176387,0," 456","1"," 454",0.0903565698299177,0.280426812816853,-0.207974617346469,1.6054346368222,1.49534878122122
"457","S_712_S136",1.81340925416867,-0.173225956666774,0," 457","1"," 455",-0.0451405434202693,0.27468601646342,-0.218366500087043,1.59504275408163,1.45647531512197
"458","S_713_S163",1.81340925416867,-0.527426301030877,0," 458","1"," 456",0.339950522938971,0.388771958455516,-0.187475778091906,1.62593347607677,1.77827941003892
"459","S_714_S34_L003",1.81340925416867,-0.168781172579999,0," 459","1"," 457",-0.176251189629679,0.295229448207949,-0.345032362209678,1.46837689195899,1.56508458007329
"460","S_726_S69_L003",1.81340925416867,-0.0882009860054208,0," 460","1"," 458",1.09712874887618,0.288950507044921,1.00892776287075,2.82233701703943,2.78315768371374
"461","S_733_S67_L003",1.81340925416867,-0.15645309987285,0," 461","1"," 459",-0.400625516156226,0.260120956329019,-0.557078616029077,1.2563306381396,1.25743342968294
"462","S_738_S39",1.81340925416867,-0.0599080462348448,0," 462","1"," 460",-0.0691613821412888,0.295363624964236,-0.129069428376134,1.68433982579254,1.56508458007329
"463","S_758_S128",1.81340925416867,-0.182062612478674,0," 463","1"," 461",0.994277635717167,0.29949832988568,0.812215023238492,2.62562427740716,2.65914794847249
"464","S_762_S173",1.81340925416867,-0.254446216801219,0," 464","1"," 462",0.592798374234552,0.298908497735059,0.338352157433333,2.151761411602,2.11474252688113
"465","S_764_S93_L003",1.81340925416867,-0.201239541822919,0," 465","1"," 463",1.25591958022733,0.296356942614741,1.05468003840442,2.86808929257309,2.89250760851908
"466","S_765_S48",1.81340925416867,-0.3058428537624,0," 466","1"," 464",0.0628391097977434,0.303221204039644,-0.243003743964657,1.57040551020401,1.31607401295249
"467","S_770_S57_L003",1.81340925416867,-0.480015159836857,0," 467","1"," 465",-0.0688589388073864,0.321007130390472,-0.548874098644244,1.26453515552443,1.4142135623731
"468","S_772_S58_L003",1.81340925416867,-0.297751558051636,0," 468","1"," 466",-1.43596321784057,0.275995217895167,-1.7337147758922,0.0796944782764688,0
"469","S_779_S94_L003",1.81340925416867,-0.384160144237033,0," 469","1"," 467",-1.20464739622976,0.275418922565436,-1.58880754046679,0.224601713701881,0
"470","S_7_S141",1.81340925416867,-0.541002752475278,0," 470","1"," 468",0.0399978442498297,0.301807688606296,-0.501004908225448,1.31240434594322,1.31607401295249
"471","S_813_S44_L003",1.81340925416867,-0.232171993935331,0," 471","1"," 469",0.537870384843702,0.258977581299958,0.305698390908371,2.11910764507704,2.23606797749979
"472","S_824_S40",1.81340925416867,-0.264622667958891,0," 472","1"," 470",-1.16043631415111,0.282288527375407,-1.42505898211,0.388350272058667,0
"473","S_825_S71",1.81340925416867,-0.22365386648424,0," 473","1"," 471",-0.42700331961354,0.29719216035182,-0.65065718609778,1.16275206807089,1.25743342968294
"474","S_826_S8_L003",1.81340925416867,-0.310834922538678,0," 474","1"," 472",-0.118497431390049,0.286706255404344,-0.429332353928727,1.38407690023994,1.56508458007329
"475","S_837_S50_L003",1.81340925416867,-0.0671615210583456,0," 475","1"," 473",0.759776347393818,0.267876613931927,0.692614826335473,2.50602408050414,2.65914794847249
"476","S_83_S14",1.81340925416867,-0.642971031630345,0," 476","1"," 474",-1.00273270699027,0.317559025312554,-1.64570373862061,0.16770551554806,0
"477","S_840_S88_L003",1.81340925416867,-0.286085323819661,0," 477","1"," 475",0.383121944143707,0.26449735706688,0.0970366203240466,1.91044587449272,1.77827941003892
"478","S_844_S151",1.81340925416867,-0.304314642969576,0," 478","1"," 476",-1.31227474731151,0.286567726369541,-1.61658939028109,0.196819863887582,0
"479","S_85_S36_L003",1.81340925416867,-0.709633841873439,0," 479","1"," 477",0.0399762830199626,0.326213477126852,-0.669657558853477,1.1437516953152,1.18920711500272
"480","S_861_S22_L003",1.81340925416867,-0.290223205330382,0," 480","1"," 478",0.778551015768974,0.284008377717395,0.488327810438592,2.30173706460726,2.51486685936587
"481","S_865_S82",1.81340925416867,-0.327690343043788,0," 481","1"," 479",0.162232704593647,0.273452969005551,-0.165457638450141,1.64795161571853,1.77827941003892
"482","S_879_S97",1.81340925416867,-0.318938100697074,0," 482","1"," 480",-0.0425357217738014,0.278401776398125,-0.361473822470875,1.4519354316978,1.31607401295249
"483","S_87_S81",1.81340925416867,-0.643506519836275,0," 483","1"," 481",0.772240529939967,0.296766014497439,0.128734010103691,1.94214326427236,2.34034731932072
"484","S_885_S77",1.81340925416867,-0.27439892205848,0," 484","1"," 482",-0.601472142506075,0.264067628111398,-0.875871064564555,0.937538189604116,0.840896415253715
"485","S_901_S136",1.81340925416867,-0.565038117190463,0," 485","2","   3",-0.216457438706882,0.361796463148364,-0.781495555897346,1.03191369827133,NA
"486","S_932_S42_L003",1.81340925416867,-0.48636620653938,0," 486","1"," 483",-0.121659745494499,0.275765579707614,-0.608025952033879,1.20538330213479,1.31607401295249
"487","S_961_S70_L003",1.81340925416867,-0.198220667799635,0," 487","1"," 484",0.87017908333243,0.282641228457123,0.671958415532796,2.48536766970147,2.63214802590498
"488","S_962_S42",1.81340925416867,-0.261342954032863,0," 488","1"," 485",0.112932076100399,0.270311891615702,-0.148410877932463,1.66499837623621,1.49534878122122
"489","S_972_S142",1.81340925416867,-0.595675215983165,0," 489","1"," 486",-0.604316431809123,0.427568105607269,-1.19999164779229,0.613417606376384,0
"490","S_978_S90",1.81340925416867,-0.465325240328732,0," 490","1"," 487",-1.18730499223495,0.336798679483453,-1.65263023256368,0.160779021604993,0
"491","S_983_S4",1.81340925416867,-0.217536214323757,0," 491","1"," 488",-1.48828634405149,0.277469313365563,-1.70582255837524,0.107586695793428,0
"492","S_993_S55",1.81340925416867,-0.209452232136428,0," 492","1"," 489",-0.581185697842501,0.266398774561374,-0.790637929978929,1.02277132418974,0.840896415253715
"493","NSW1211213",1.81340925416867,0.424703825647137,0," 493","2","   4",-0.180645450241611,0.154086736932993,0.244058375405526,2.0574676295742,NA
"494","NSW1214505",1.81340925416867,0.4935445445733,0," 494","2","   5",-0.0236596254779981,0.0793899119247609,0.469884919095302,2.28329417326397,NA
"495","NSW1213770",1.81340925416867,-0.0587482088815256,0," 495","2","   6",-0.373952763720549,0.134099166780015,-0.432700972602075,1.3807082815666,NA
"496","NSW1411007",1.81340925416867,-0.119831963967967,0," 496","2","   7",-0.127066295024596,0.144346546175973,-0.246898258992563,1.56651099517611,NA
"497","NSW1214237",1.81340925416867,0.468640533583725,0," 497","2","   8",0.0424946045703691,0.1351519312991,0.511135138154094,2.32454439232277,NA
"498","NSW8770831",1.81340925416867,-0.318187422596202,0," 498","2","   9",-0.165060627772243,0.271759347256064,-0.483248050368444,1.33016120380023,NA
"499","NSW1214266",1.81340925416867,0.16148609749189,0," 499","2","  10",-0.441225629705661,0.138563819409202,-0.279739532213771,1.5336697219549,NA
"500","NSW571323",1.81340925416867,-0.317553219294079,0," 500","2","  11",0.222643814850836,0.268516995084491,-0.0949094044432425,1.71849984972543,NA
"501","NSW1214628",1.81340925416867,0.21690129691505,0," 501","2","  12",-0.125288668196079,0.124103400105235,0.0916126287189711,1.90502188288764,NA
"502","NSW1213965",1.81340925416867,0.391890458559222,0," 502","2","  13",0.356222828596736,0.145315778548304,0.748113287155958,2.56152254132463,NA
"503","NSW1213883",1.81340925416867,0.511441658725461,0," 503","2","  14",-0.218822446253137,0.116134749749492,0.292619212472324,2.106028466641,NA
"504","NSW1410992",1.81340925416867,-0.124978725098992,0," 504","2","  15",-0.382839407455151,0.112068066278238,-0.507818132554144,1.30559112161453,NA
"505","NSW1211217",1.81340925416867,0.391805681385237,0," 505","2","  16",0.203170793612719,0.149152050763826,0.594976474997956,2.40838572916663,NA
"506","NSW1213846",1.81340925416867,-0.105102956445904,0," 506","2","  17",-0.461864356827265,0.129682523319193,-0.566967313273169,1.2464419408955,NA
"507","NSW1213790",1.81340925416867,0.475295836811996,0," 507","2","  18",0.321517588476544,0.117380713058898,0.79681342528854,2.61022267945721,NA
"508","NSW1214261",1.81340925416867,0.380597131317839,0," 508","2","  19",-0.509655444566377,0.110157496441778,-0.129058313248538,1.68435094092013,NA
"509","NSW491198",1.81340925416867,0.27088318134384,0," 509","2","  20",0.301558262074475,0.0964622563153972,0.572441443418315,2.38585069758699,NA
"510","NSW1211174",1.81340925416867,0.342109805312018,0," 510","2","  21",-0.17984463084225,0.160371673595406,0.162265174469768,1.97567442863844,NA
"511","NSW1214200",1.81340925416867,0.478267933871496,0," 511","2","  22",0.38090432532405,0.123241315489858,0.859172259195546,2.67258151336422,NA
"512","NSW1214088",1.81340925416867,0.877045442566029,0," 512","2","  23",-0.0212894544949532,0.265958230990267,0.855755988071076,2.66916524223975,NA
"513","NSW1214157",1.81340925416867,0.808422497713391,0," 513","2","  24",0.313846451966085,0.279781357435737,1.12226894967948,2.93567820384815,NA
"514","NSW23510",1.81340925416867,0.0628870533124798,0," 514","2","  25",0.076157685865639,0.135341930756352,0.139044739178119,1.95245399334679,NA
"515","NSW1214485",1.81340925416867,0.469169037020046,0," 515","2","  26",0.188971224310408,0.126752076128822,0.658140261330455,2.47154951549913,NA
"516","NSW1213851",1.81340925416867,0.469085583908103,0," 516","2","  27",-0.0430218378753916,0.118619973302387,0.426063746032711,2.23947300020138,NA
"517","NSW1213775",1.81340925416867,0.503124398024771,0," 517","2","  28",0.0522397098797772,0.089556126897862,0.555364107904548,2.36877336207322,NA
"518","NSW101691",1.81340925416867,0.20037178747287,0," 518","2","  29",0.00614752294785729,0.188953126357059,0.206519310420728,2.0199285645894,NA
"519","NSW1214252",1.81340925416867,0.417800723774872,0," 519","2","  30",-0.0596406954286306,0.107849716914401,0.358160028346241,2.17156928251491,NA
"520","NSW1214302",1.81340925416867,0.436342916442643,0," 520","2","  31",-0.56276895115414,0.11731035060942,-0.126426034711497,1.68698321945717,NA
"521","NSW1214267",1.81340925416867,0.11990072255991,0," 521","2","  32",0.0683474939666492,0.134064655532312,0.188248216526559,2.00165747069523,NA
"522","NSW1213841",1.81340925416867,-0.235154033998728,0," 522","2","  33",0.244488187888402,0.135186993229525,0.00933415388967473,1.82274340805835,NA
"523","NSW1411035",1.81340925416867,-0.270440310691111,0," 523","2","  34",0.10416093485685,0.175332363417517,-0.16627937583426,1.64712987833441,NA
"524","NSW1214162",1.81340925416867,-0.292503706549767,0," 524","2","  35",0.340784002872019,0.155758537728192,0.0482802963222529,1.86168955049092,NA
"525","NSW1214648",1.81340925416867,0.102854723237025,0," 525","2","  36",-0.27410001159486,0.126360912282928,-0.171245288357834,1.64216396581084,NA
"526","NSW1211220",1.81340925416867,-0.202490492778819,0," 526","2","  37",-0.580390404906751,0.163694996277637,-0.78288089768557,1.0305283564831,NA
"527","NSW1214010",1.81340925416867,-0.167714932633275,0," 527","2","  38",0.193942787866785,0.125636669716481,0.0262278552335093,1.83963710940218,NA
"528","NSW1213720",1.81340925416867,0.494110217156924,0," 528","2","  39",0.155945022629306,0.122979768441362,0.650055239786229,2.4634644939549,NA
"529","NSW1211189",1.81340925416867,0.130496251450678,0," 529","2","  40",-0.113540222529554,0.130567388990104,0.0169560289211233,1.83036528308979,NA
"530","NSW256390",1.81340925416867,-0.0108364300167916,0," 530","2","  41",0.319814021627165,0.169198384055232,0.308977591610374,2.12238684577905,NA
"531","NSW571325",1.81340925416867,0.166058802780248,0," 531","2","  42",0.592578150012922,0.108213354121643,0.75863695279317,2.57204620696184,NA
"532","NSW1211178",1.81340925416867,0.449326347975591,0," 532","2","  43",0.0504651511026014,0.125145775286168,0.499791499078193,2.31320075324686,NA
"533","NSW20106",1.81340925416867,-0.512763596681889,0," 533","2","  44",-0.156669626694781,0.411858893397553,-0.66943322337667,1.143976030792,NA
"534","NSW1214293",1.81340925416867,0.860713341218884,0," 534","2","  45",0.111446744443759,0.267898744280948,0.972160085662642,2.78556933983131,NA
"535","NSW1213907",1.81340925416867,0.423557118419346,0," 535","2","  46",0.249606881679678,0.107886794180692,0.673164000099024,2.4865732542677,NA
"536","NSW1211099",1.81340925416867,0.494304468710876,0," 536","2","  47",0.236285563093308,0.100728578097423,0.730590031804184,2.54399928597286,NA
"537","NSW1214225",1.81340925416867,0.464720841219306,0," 537","2","  48",0.308369094749767,0.0978161314313314,0.773089935969073,2.58649919013775,NA
"538","NSW1214005",1.81340925416867,0.486129559324558,0," 538","2","  49",0.0732310512133516,0.0938868134662316,0.559360610537909,2.37276986470658,NA
"539","NSW1214623",1.81340925416867,0.390316635600827,0," 539","2","  50",-0.601116657054537,0.157705335058702,-0.21080002145371,1.60260923271496,NA
"540","NSW495968",1.81340925416867,-0.0569465836607245,0," 540","2","  51",-0.218269753877456,0.127920934167508,-0.275216337538181,1.53819291663049,NA
"541","NSW1211214",1.81340925416867,0.446027276452913,0," 541","2","  52",-0.197795968668067,0.141077495865433,0.248231307784846,2.06164056195352,NA
"542","NSW1211185",1.81340925416867,0.157634286680963,0," 542","2","  53",-0.0245135550417784,0.123672168895216,0.133120731639184,1.94652998580786,NA
"543","NSW1214307",1.81340925416867,0.335350158254917,0," 543","2","  54",-0.234487233739729,0.12526008717814,0.100862924515188,1.91427217868386,NA
"544","NSW1211224",1.81340925416867,0.254933893411165,0," 544","2","  55",-0.561097686323572,0.0944620179526339,-0.306163792912407,1.50724546125626,NA
"545","NSW1213868",1.81340925416867,-0.198642038180082,0," 545","2","  56",0.0582477651491604,0.172045103736949,-0.140394273030921,1.67301498113775,NA
"546","NSW1211222",1.81340925416867,0.528052315331711,0," 546","2","  57",-0.123351801653769,0.11769965388481,0.404700513677941,2.21810976784661,NA
"547","NSW1213854",1.81340925416867,0.429428601175702,0," 547","2","  58",-0.0995076077402423,0.102733737213532,0.32992099343546,2.14333024760413,NA
"548","NSW1053806",1.81340925416867,0.194049167205479,0," 548","2","  59",-0.184849219888864,0.114957900636449,0.00919994731661478,1.82260920148529,NA
"549","NSW1213833",1.81340925416867,0.341058356239434,0," 549","2","  60",0.276897597462433,0.104637303113891,0.617955953701867,2.43136520787054,NA
"550","NSW1214006",1.81340925416867,0.472741761916008,0," 550","2","  61",-0.478047961576058,0.10989128333043,-0.00530619966004947,1.80810305450862,NA
"551","NSW1211117",1.81340925416867,0.862629180053859,0," 551","2","  62",0.11986621075843,0.283886316963767,0.982495390812289,2.79590464498096,NA
"552","NSW1211180",1.81340925416867,0.18866005567827,0," 552","2","  63",-0.0383358586311456,0.125737623716526,0.150324197047124,1.9637334512158,NA
"553","NSW1211209",1.81340925416867,0.0851720392626804,0," 553","2","  64",0.123478138776121,0.139370447366062,0.208650178038802,2.02205943220747,NA
"554","NSW210866",1.81340925416867,-0.0421511408488675,0," 554","2","  65",-0.596733724133651,0.139276524235308,-0.638884864982519,1.17452438918615,NA
"555","NSW1211218",1.81340925416867,0.178990954333729,0," 555","2","  66",-0.459454911061333,0.144218115443705,-0.280463956727603,1.53294529744107,NA
"556","NSW1213860",1.81340925416867,0.86505932970472,0," 556","2","  67",-0.023350434891182,0.264543684703913,0.841708894813538,2.65511814898221,NA
"557","NSW1411002",1.81340925416867,0.463868070956519,0," 557","2","  68",-0.317078142556401,0.137619246892452,0.146789928400118,1.96019918256879,NA
"558","NSW1213844",1.81340925416867,0.501689196213784,0," 558","2","  69",-0.0932287719894088,0.0933207213162073,0.408460424224375,2.22186967839305,NA
"559","NSW1214233",1.81340925416867,0.753222142296437,0," 559","2","  70",0.403926006271825,0.167096484940972,1.15714814856826,2.97055740273693,NA
"560","NSW1214189",1.81340925416867,0.396316192453702,0," 560","2","  71",-0.19083483083472,0.110166348765167,0.205481361618982,2.01889061578765,NA
"561","NSW1214286",1.81340925416867,0.166985218645595,0," 561","2","  72",-0.190802045856641,0.115806663734124,-0.0238168272110454,1.78959242695763,NA
"562","NSW1211194",1.81340925416867,0.161575051924913,0," 562","2","  73",0.0392084076733351,0.137228532688225,0.200783459598248,2.01419271376692,NA
"563","NSW1211198",1.81340925416867,0.410919023850979,0," 563","2","  74",-0.46021833838189,0.0990425320423321,-0.0492993145309114,1.76410993963776,NA
"564","NSW1211219",1.81340925416867,0.25252537121976,0," 564","2","  75",0.147894111186527,0.130612973680807,0.400419482406287,2.21382873657496,NA
"565","NSW1411022",1.81340925416867,0.815436940021832,0," 565","2","  76",0.00420541945057893,0.274293352062845,0.819642359472411,2.63305161364108,NA
"566","NSW1410997",1.81340925416867,0.425623236883456,0," 566","2","  77",0.455859373094351,0.104970520947399,0.881482609977807,2.69489186414648,NA
"567","NSW1411006",1.81340925416867,0.626682882551803,0," 567","2","  78",-0.134226710709298,0.161485401742557,0.492456171842505,2.30586542601118,NA
"568","NSW1214287",1.81340925416867,0.162722133055733,0," 568","2","  79",0.0462134082683389,0.126043626447117,0.208935541324072,2.02234479549274,NA
"569","NSW1214489",1.81340925416867,0.450040291131057,0," 569","2","  80",-0.239694009463732,0.0929063319200684,0.210346281667325,2.023755535836,NA
"570","NSW1214184",1.81340925416867,0.407104727181064,0," 570","2","  81",0.332872566486914,0.105766869017989,0.739977293667977,2.55338654783665,NA
"571","NSW1214292",1.81340925416867,0.469907013623924,0," 571","2","  82",-0.235922436821969,0.0836576748113129,0.233984576801955,2.04739383097063,NA
"572","NSW1211173",1.81340925416867,0.344647353785278,0," 572","2","  83",-0.1244226117449,0.115147151479932,0.220224742040378,2.03363399620905,NA
"573","NSW282670",1.81340925416867,-0.501076142041877,0," 573","2","  84",0.106470955118676,0.403357468653741,-0.394605186923201,1.41880406724547,NA
"574","NSW1214282",1.81340925416867,0.382518200059767,0," 574","2","  85",-0.375600700051533,0.118726060608338,0.00691750000823355,1.82032675417691,NA
"575","NSW571090",1.81340925416867,0.321348289302298,0," 575","2","  86",-0.133665594229829,0.14546779319272,0.187682695072469,2.00109194924114,NA
"576","NSW1411001",1.81340925416867,0.465948317165534,0," 576","2","  87",0.0353771290037175,0.117694521827706,0.501325446169251,2.31473470033792,NA
"577","NSW1214195",1.81340925416867,0.421432367791937,0," 577","2","  88",-0.254430672377217,0.0836523981165265,0.16700169541472,1.98041094958339,NA
"578","NSW1214587",1.81340925416867,0.461645585849247,0," 578","2","  89",-0.604050748400113,0.135143419380722,-0.142405162550865,1.67100409161781,NA
"579","NSW1214164",1.81340925416867,-0.150130277510517,0," 579","2","  90",0.541820776267395,0.112897669137581,0.391690498756878,2.20509975292555,NA
"580","NSW1211188",1.81340925416867,0.384668606421212,0," 580","2","  91",-0.421460808910225,0.124718262172507,-0.0367922024890132,1.77661705167966,NA
"581","NSW1211201",1.81340925416867,0.408587351203458,0," 581","2","  92",0.0732926059721489,0.116695915019741,0.481879957175607,2.29528921134428,NA
"582","NSW1211131",1.81340925416867,-0.311863715174194,0," 582","2","  93",0.48963881524766,0.143570656538926,0.177775100073465,1.99118435424214,NA
"583","NSW1211244",1.81340925416867,-0.196272055645289,0," 583","2","  94",-0.290166051069757,0.138296901056829,-0.486438106715046,1.32697114745363,NA
"584","NSW1214602",1.81340925416867,-0.144727701082904,0," 584","2","  95",-0.480644055555003,0.147906868064327,-0.625371756637907,1.18803749753076,NA
"585","NSW1211197",1.81340925416867,0.561347322721164,0," 585","2","  96",0.245278193967802,0.106587583229208,0.806625516688967,2.62003477085764,NA
"586","NSW1214199",1.81340925416867,0.750171727972627,0," 586","2","  97",-0.36289554046054,0.303087584144089,0.387276187512087,2.20068544168076,NA
"587","NSW1214174",1.81340925416867,0.453119541037292,0," 587","2","  98",-0.689633441350597,0.0948515222617802,-0.236513900313304,1.57689535385537,NA
"588","NSW1214631",1.81340925416867,0.38100690827411,0," 588","2","  99",0.318281012064277,0.134759611651959,0.699287920338387,2.51269717450706,NA
"589","NSW1214582",1.81340925416867,-0.124251261467345,0," 589","2"," 100",-0.0556416400137503,0.109988975476656,-0.179892901481096,1.63351635268758,NA
"590","NSW1214599",1.81340925416867,-0.193864777489712,0," 590","2"," 101",-0.64101712434565,0.149743036672395,-0.834881901835362,0.978527352333309,NA
"591","NSW1214073",1.81340925416867,0.514230900379737,0," 591","2"," 102",-0.292705287004256,0.11054189513217,0.221525613375481,2.03493486754415,NA
"592","NSW1214104",1.81340925416867,0.521919416890024,0," 592","2"," 103",-0.101304559656916,0.101604549240098,0.420614857233108,2.23402411140178,NA
"593","NSW1214630",1.81340925416867,0.812665779049758,0," 593","2"," 104",-0.207193836824326,0.275294647466592,0.605471942225432,2.4188811963941,NA
"594","NSW1211245",1.81340925416867,-0.273740504364593,0," 594","2"," 105",0.562828441877971,0.146510830783507,0.289087937513379,2.10249719168205,NA
"595","NSW1211098",1.81340925416867,0.477235753992381,0," 595","2"," 106",-0.106587407604498,0.0903840383631386,0.370648346387883,2.18405760055655,NA
"596","NSW1214128",1.81340925416867,0.436769135752361,0," 596","2"," 107",0.323481256655373,0.0902374067508144,0.760250392407733,2.57365964657641,NA
"597","NSW1213778",1.81340925416867,-0.266758473503357,0," 597","2"," 108",0.577253885764896,0.160875448387407,0.310495412261539,2.12390466643021,NA
"598","NSW1211193",1.81340925416867,0.22668010021276,0," 598","2"," 109",-0.215843498821369,0.205145610547255,0.0108366013913907,1.82424585556006,NA
"599","NSW1410977",1.81340925416867,0.469354323931336,0," 599","2"," 110",0.309162448639257,0.0906247481133351,0.778516772570593,2.59192602673926,NA
"600","NSW1213736",1.81340925416867,-0.236831689961238,0," 600","2"," 111",0.58835876684751,0.168101814449846,0.351527076886272,2.16493633105494,NA
"601","NSW1214570",1.81340925416867,-0.214719380642844,0," 601","2"," 112",-0.411772501294274,0.136988540046172,-0.626491881937118,1.18691737223155,NA
"602","NSW1214544",1.81340925416867,-0.18922103123806,0," 602","2"," 113",0.386974683425681,0.127959910348011,0.197753652187621,2.01116290635629,NA
"603","NSW1211225",1.81340925416867,0.329994201759518,0," 603","2"," 114",-0.0180863719607314,0.145243099314237,0.311907829798786,2.12531708396746,NA
"604","NSW1213800",1.81340925416867,0.379102689967639,0," 604","2"," 115",0.340011771589847,0.11177490738438,0.719114461557486,2.53252371572616,NA
"605","NSW1213830",1.81340925416867,0.50227113771748,0," 605","2"," 116",0.3453665888352,0.10089067563974,0.84763772655268,2.66104698072135,NA
"606","NSW1214652",1.81340925416867,-0.100253990272918,0," 606","2"," 117",-0.419691823258984,0.13491628913207,-0.519945813531902,1.29346344063677,NA
"607","NSW1211132",1.81340925416867,0.876072133959484,0," 607","2"," 118",0.0244593086240699,0.276476270141584,0.900531442583554,2.71394069675223,NA
"608","NSW1214641",1.81340925416867,0.47018873103093,0," 608","2"," 119",0.37305407283686,0.102086920532495,0.84324280386779,2.65665205803646,NA
"609","NSW1211118",1.81340925416867,0.442193342239877,0," 609","2"," 120",0.30324462855386,0.117674504273247,0.745437970793737,2.55884722496241,NA
"610","NSW1214538",1.81340925416867,0.479215025805077,0," 610","2"," 121",0.462949082104288,0.088074916392472,0.942164107909365,2.75557336207804,NA
"611","NSW1211206",1.81340925416867,-0.090163211240748,0," 611","2"," 122",-0.557425534042646,0.14295467186858,-0.647588745283394,1.16582050888528,NA
"612","NSW1213953",1.81340925416867,-0.147572287189285,0," 612","2"," 123",0.361829145936924,0.137398715914026,0.214256858747639,2.02766611291631,NA
"613","NSW1211179",1.81340925416867,0.162915712585785,0," 613","2"," 124",0.231375628817786,0.130705695290916,0.394291341403572,2.20770059557224,NA
"614","NSW1214540",1.81340925416867,-0.207449816550332,0," 614","2"," 125",-0.642638772844205,0.195479308902812,-0.850088589394537,0.963320664774135,NA
"615","NSW1211112",1.81340925416867,-0.0829965509262123,0," 615","2"," 126",-0.502156780147757,0.150083587685533,-0.585153331073969,1.2282559230947,NA
"616","NSW1214160",1.81340925416867,0.439763849153395,0," 616","2"," 127",-0.248377394343913,0.107833337592082,0.191386454809483,2.00479570897815,NA
"617","NSW1214011",1.81340925416867,0.425142081160658,0," 617","2"," 128",0.0292104656215715,0.0945501592481492,0.454352546782229,2.2677618009509,NA
"618","NSW1214527",1.81340925416867,-0.169578982152657,0," 618","2"," 129",0.965348648526299,0.110541174807028,0.795769666373642,2.60917892054231,NA
"619","NSW1211155",1.81340925416867,0.437415204795684,0," 619","2"," 130",-0.301258727773631,0.131789236345887,0.136156477022053,1.94956573119072,NA
"620","NSW1200771",1.81340925416867,0.157212511973353,0," 620","2"," 131",0.392092808346778,0.105877504924967,0.549305320320131,2.3627145744888,NA
"621","NSW1214506",1.81340925416867,-0.325890187323198,0," 621","2"," 132",0.626271282890801,0.15902977907639,0.300381095567603,2.11379034973627,NA
"622","NSW1214297",1.81340925416867,-0.250603204575107,0," 622","2"," 133",0.248436995019576,0.170273352017681,-0.00216620955553085,1.81124304461314,NA
"623","NSW1213887",1.81340925416867,-0.137213325310343,0," 623","2"," 134",-0.662715553458984,0.145369749771693,-0.799928878769326,1.01348037539935,NA
"624","NSW20078",1.81340925416867,-0.5513808264589,0," 624","2"," 135",-0.304392195056611,0.431830691035431,-0.855773021515511,0.957636232653161,NA
"625","NSW1211202",1.81340925416867,0.415489974548671,0," 625","2"," 136",0.0875116387103782,0.106951765778844,0.503001613259049,2.31641086742772,NA
"626","NSW1214099",1.81340925416867,-0.125745289221248,0," 626","2"," 137",-0.100709253105027,0.322594616914239,-0.226454542326274,1.5869547118424,NA
"627","NSW1214543",1.81340925416867,0.72685222146441,0," 627","2"," 138",-0.201119795500361,0.299893600302961,0.525732425964048,2.33914168013272,NA
"628","NSW1214155",1.81340925416867,0.381970796964195,0," 628","2"," 139",0.268328228114203,0.139404875151054,0.650299025078398,2.46370827924707,NA
"629","NSW1214185",1.81340925416867,0.442513010103207,0," 629","2"," 140",0.181404251604415,0.125403990697076,0.623917261707622,2.43732651587629,NA
"630","NSW1214651",1.81340925416867,-0.0587866187194356,0," 630","2"," 141",0.212564763081359,0.109329420288237,0.153778144361923,1.96718739853059,NA
"631","NSW1211125",1.81340925416867,-0.183796432001085,0," 631","2"," 142",-0.358303313027039,0.121309699314203,-0.542099745028124,1.27130950914055,NA
"632","NSW1211234",1.81340925416867,0.503606480959202,0," 632","2"," 143",0.0163996123791265,0.0893724892925408,0.520006093338329,2.333415347507,NA
"633","NSW1211196",1.81340925416867,0.866442399945698,0," 633","2"," 144",-0.133160585513193,0.260218641198789,0.733281814432505,2.54669106860118,NA
"634","NSW1214645",1.81340925416867,0.442546737653296,0," 634","2"," 145",0.407134199692735,0.114343990978262,0.849680937346031,2.6630901915147,NA
"635","NSW1211142",1.81340925416867,0.345337347660918,0," 635","2"," 146",-0.327238751228167,0.153638131736621,0.0180985964327508,1.83150785060142,NA
"636","NSW1214251",1.81340925416867,0.4474480264948,0," 636","2"," 147",-0.267241241000995,0.113599448411695,0.180206785493805,1.99361603966248,NA
"637","NSW1211093",1.81340925416867,-0.414293718295999,0," 637","2"," 148",-0.260835336601101,0.269222733696271,-0.675129054897099,1.13828019927157,NA
"638","NSW1214309",1.81340925416867,-0.146926817374829,0," 638","2"," 149",-0.168638627513745,0.134615095184407,-0.315565444888573,1.4978438092801,NA
"639","NSW1211106",1.81340925416867,-0.12542814869864,0," 639","2"," 150",-0.0290276957486835,0.129998193265945,-0.154455844447323,1.65895340972135,NA
"640","NSW1214175",1.81340925416867,0.387782448580059,0," 640","2"," 151",0.233909300058532,0.0948550498668408,0.621691748638591,2.43510100280726,NA
"641","NSW1211203",1.81340925416867,0.143761003688362,0," 641","2"," 152",-0.374926574276027,0.146485450147191,-0.231165570587665,1.58224368358101,NA
"642","NSW1214169",1.81340925416867,-0.200059264754898,0," 642","2"," 153",-0.703082834605225,0.149560872738738,-0.903142099360123,0.910267154808549,NA
"643","NSW1214497",1.81340925416867,-0.132557545615284,0," 643","2"," 154",-0.146187451507088,0.120375274995767,-0.278744997122372,1.5346642570463,NA
"644","NSW1213728",1.81340925416867,0.432582973315388,0," 644","2"," 155",-0.721857438094218,0.115027002734419,-0.28927446477883,1.52413478938984,NA
"645","NSW1213859",1.81340925416867,-0.242977111746483,0," 645","2"," 156",0.750533571198952,0.164639469899187,0.507556459452469,2.32096571362114,NA
"646","NSW1214098",1.81340925416867,0.492329146403402,0," 646","2"," 157",0.6576154200142,0.0987982812209509,1.1499445664176,2.96335382058627,NA
"647","NSW1214564",1.81340925416867,0.55052614069625,0," 647","2"," 158",0.253603449861188,0.122311583294185,0.804129590557438,2.61753884472611,NA
"648","NSW1214539",1.81340925416867,0.796074179726066,0," 648","2"," 159",0.0294337557934455,0.282604529194215,0.825507935519511,2.63891718968818,NA
"649","NSW1214154",1.81340925416867,0.811216771838883,0," 649","2"," 160",-0.0399700042340829,0.270984873824654,0.7712467676048,2.58465602177347,NA
"650","NSW1211181",1.81340925416867,-0.414559072379738,0," 650","2"," 161",0.747311140954879,0.202086220938033,0.332752068575141,2.14616132274381,NA
"651","NSW1213788",1.81340925416867,-0.165164806035732,0," 651","2"," 162",-0.223997438064337,0.113756850891986,-0.389162244100069,1.4242470100686,NA
"652","NSW1211228",1.81340925416867,0.527443714149794,0," 652","2"," 163",0.110175254843561,0.101106360922002,0.637618968993354,2.45102822316203,NA
"653","NSW1213780",1.81340925416867,-0.126356392589864,0," 653","2"," 164",-0.0295762655816232,0.115296061603122,-0.155932658171487,1.65747659599718,NA
"654","NSW1214240",1.81340925416867,0.42789814752015,0," 654","2"," 165",0.0620567781359556,0.146191806605126,0.489954925656106,2.30336417982478,NA
"655","NSW1214618",1.81340925416867,0.517714225031408,0," 655","2"," 166",0.312554985993686,0.10167247082748,0.830269211025094,2.64367846519377,NA
"656","NSW1214517",1.81340925416867,0.543117064560515,0," 656","2"," 167",0.0678013692861728,0.114737631380229,0.610918433846688,2.42432768801536,NA
"657","NSW1213908",1.81340925416867,0.82580602378478,0," 657","2"," 168",0.214384916397787,0.269973334500759,1.04019094018257,2.85360019435124,NA
"658","NSW1214165",1.81340925416867,-0.142532161612936,0," 658","2"," 169",-0.649639835102619,0.134234275615345,-0.792171996715555,1.02123725745312,NA
"659","NSW1214207",1.81340925416867,0.345087934405839,0," 659","2"," 170",0.119486530601379,0.0979938539994614,0.464574465007218,2.27798371917589,NA
"660","NSW1214123",1.81340925416867,0.620563189128457,0," 660","2"," 171",-0.0510965696257459,0.203422553620516,0.569466619502711,2.38287587367138,NA
"661","NSW1214495",1.81340925416867,0.372201342011179,0," 661","2"," 172",-0.0385296675472026,0.121732331511099,0.333671674463977,2.14708092863265,NA
"662","NSW1211207",1.81340925416867,-0.268979517357616,0," 662","2"," 173",0.474710264821508,0.146067114985395,0.205730747463892,2.01914000163256,NA
"663","NSW1214518",1.81340925416867,0.866207386884852,0," 663","2"," 174",-0.0197188620066472,0.265828044329622,0.846488524878205,2.65989777904688,NA
"664","NSW1211247",1.81340925416867,0.438701303538532,0," 664","2"," 175",-0.0711221570614342,0.099466672203577,0.367579146477097,2.18098840064577,NA
"665","NSW1214622",1.81340925416867,0.3490957668843,0," 665","2"," 176",-0.126519632130644,0.145418077593021,0.222576134753655,2.03598538892233,NA
"666","NSW1213733",1.81340925416867,0.465461335311638,0," 666","2"," 177",-0.308931710318371,0.113798044690417,0.156529624993267,1.96993887916194,NA
"667","NSW1214607",1.81340925416867,-0.141694964787833,0," 667","2"," 178",0.367207712306506,0.152096479204413,0.225512747518673,2.03892200168734,NA
"668","NSW1214611",1.81340925416867,0.381125785914851,0," 668","2"," 179",0.152731989480028,0.14880073175714,0.53385777539488,2.34726702956355,NA
"669","NSW1213848",1.81340925416867,-0.164457246287402,0," 669","2"," 180",-0.567745385640572,0.160694026751406,-0.732202631927974,1.0812066222407,NA
"670","NSW1213933",1.81340925416867,-0.221116428130027,0," 670","2"," 181",0.398180284139491,0.128116060317096,0.177063856009464,1.99047311017814,NA
"671","NSW1213737",1.81340925416867,-0.158133494857092,0," 671","2"," 182",0.164760839813978,0.137002550106414,0.00662734495688619,1.82003659912556,NA
"672","NSW1214494",1.81340925416867,-0.124598491008363,0," 672","2"," 183",0.147103560479431,0.133285871832242,0.0225050694710685,1.83591432363974,NA
"673","NSW1213879",1.81340925416867,0.48875945732809,0," 673","2"," 184",0.0163911118536512,0.110127624197538,0.505150569181741,2.31855982335041,NA
"674","NSW1213723",1.81340925416867,-0.127042799272135,0," 674","2"," 185",-0.360940482474653,0.13867578582036,-0.487983281746787,1.32542597242188,NA
"675","NSW1214541",1.81340925416867,0.502889832010425,0," 675","2"," 186",-0.511673578435133,0.0904223118274058,-0.00878374642470792,1.80462550774396,NA
"676","NSW1214503",1.81340925416867,-0.209285765898422,0," 676","2"," 187",-0.411860148198679,0.144829620050962,-0.621145914097101,1.19226334007157,NA
"677","NSW1211091",1.81340925416867,0.417947677087619,0," 677","2"," 188",0.0862810224131044,0.101751977409041,0.504228699500723,2.31763795366939,NA
"678","NSW1214558",1.81340925416867,-0.158021432564732,0," 678","2"," 189",-0.35564227828129,0.141766227033173,-0.513663710846022,1.29974554332265,NA
"679","NSW1214586",1.81340925416867,0.847829577280848,0," 679","2"," 190",0.00117577087985299,0.287270238955298,0.849005348160701,2.66241460232937,NA
"680","NSW1214551",1.81340925416867,0.795143762130117,0," 680","2"," 191",0.0327921823106463,0.307641071171314,0.827935944440764,2.64134519860944,NA
"681","NSW1213843",1.81340925416867,0.550777125281251,0," 681","2"," 192",0.55966727488149,0.118172522480585,1.11044440016274,2.92385365433141,NA
"682","NSW1213948",1.81340925416867,-0.226894679016766,0," 682","2"," 193",0.285034195485788,0.139271704908626,0.0581395164690227,1.87154877063769,NA
"683","NSW1213722",1.81340925416867,-0.129954802187821,0," 683","2"," 194",-0.486369741985035,0.150706234920612,-0.616324544172856,1.19708470999582,NA
"684","NSW1214028",1.81340925416867,-0.182908509343047,0," 684","2"," 195",0.156381713960477,0.130080728922733,-0.0265267953825705,1.7868824587861,NA
"685","NSW1213897",1.81340925416867,0.423147117030387,0," 685","2"," 196",-0.0357606008198634,0.118453864933473,0.387386516210524,2.2007957703792,NA
"686","NSW1214118",1.81340925416867,-0.226968277869317,0," 686","2"," 197",0.158390202813428,0.165774956225309,-0.0685780750558889,1.74483117911278,NA
"687","NSW1213747",1.81340925416867,0.465922417758615,0," 687","2"," 198",0.113293744462815,0.106698712681966,0.57921616222143,2.3926254163901,NA
"688","NSW1214004",1.81340925416867,0.363643619502798,0," 688","2"," 199",-0.238598178258353,0.102353894589801,0.125045441244444,1.93845469541312,NA
"689","NSW1213784",1.81340925416867,0.405827363546165,0," 689","2"," 200",0.0272565908379614,0.10816447091574,0.433083954384126,2.2464932085528,NA
"690","NSW1211227",1.81340925416867,-0.111863937547458,0," 690","2"," 201",-0.0346932586576471,0.133597990128588,-0.146557196205105,1.66685205796357,NA
"691","NSW1213812",1.81340925416867,0.82843659184078,0," 691","2"," 202",-0.0938726611542603,0.272977747355556,0.73456393068652,2.54797318485519,NA
"692","NSW1213796",1.81340925416867,0.546541099309768,0," 692","2"," 203",-0.428170899366602,0.093869050634323,0.118370199943166,1.93177945411184,NA
"693","NSW1213727",1.81340925416867,-0.173019279320974,0," 693","2"," 204",0.443618045723728,0.111853901659652,0.270598766402754,2.08400802057143,NA
"694","NSW1214617",1.81340925416867,0.570037651389333,0," 694","2"," 205",-0.475587841527221,0.0874709227190887,0.094449809862112,1.90785906403078,NA
"695","NSW1213762",1.81340925416867,-0.216074139640222,0," 695","2"," 206",-0.434642646157818,0.147920561615329,-0.65071678579804,1.16269246837063,NA
"696","NSW1211231",1.81340925416867,0.434015084022521,0," 696","2"," 207",0.548054507593967,0.128458608057029,0.982069591616488,2.79547884578516,NA
"697","NSW1214490",1.81340925416867,0.473056748841651,0," 697","2"," 208",0.260737604893316,0.12950917547186,0.733794353734967,2.54720360790364,NA
"698","NSW1214565",1.81340925416867,0.474661048143395,0," 698","2"," 209",0.0606611010158439,0.100460744269729,0.535322149159239,2.34873140332791,NA
"699","NSW1211233",1.81340925416867,-0.0583456028388434,0," 699","2"," 210",-0.296895274017598,0.107807503712014,-0.355240876856442,1.45816837731223,NA
"700","NSW1214299",1.81340925416867,0.485155448300861,0," 700","2"," 211",0.285741814379168,0.0938021314903972,0.77089726268003,2.5843065168487,NA
"701","NSW1214561",1.81340925416867,-0.226140998706584,0," 701","2"," 212",0.275477820278843,0.14745487418568,0.0493368215722588,1.86274607574093,NA
"702","NSW1211144",1.81340925416867,0.429850447042637,0," 702","2"," 213",0.229107674332972,0.0773121017982266,0.658958121375609,2.47236737554428,NA
"703","NSW1213817",1.81340925416867,-0.136019066481239,0," 703","2"," 214",0.779244813987557,0.129632759107789,0.643225747506318,2.45663500167499,NA
"704","NSW1213801",1.81340925416867,0.40421763749108,0," 704","2"," 215",-0.0424567986056445,0.114881356301582,0.361760838885436,2.17517009305411,NA
"705","NSW1213751",1.81340925416867,0.365213124720159,0," 705","2"," 216",0.547437423937192,0.0926073486637081,0.912650548657351,2.72605980282602,NA
"706","NSW1214058",1.81340925416867,0.749188951563454,0," 706","2"," 217",-0.00400515446349326,0.283706803148778,0.745183797099961,2.55859305126863,NA
"707","NSW1211141",1.81340925416867,0.421547569342984,0," 707","2"," 218",-0.510602687845755,0.128654865879741,-0.0890551185027714,1.7243541356659,NA
"708","NSW1211085",1.81340925416867,0.477921101449455,0," 708","2"," 219",-0.272295262105663,0.0822652507047163,0.205625839343793,2.01903509351246,NA
"709","NSW1213821",1.81340925416867,0.552089739698099,0," 709","2"," 220",-0.215385113154732,0.100127990173672,0.336704626543368,2.15011388071204,NA
"710","NSW1211121",1.81340925416867,0.522199595859067,0," 710","2"," 221",-0.1975375634383,0.106237682515379,0.324662032420767,2.13807128658944,NA
"711","NSW1213827",1.81340925416867,-0.115182786018394,0," 711","2"," 222",-0.612805873398761,0.128055927439307,-0.727988659417155,1.08542059475152,NA
"712","NSW1214526",1.81340925416867,0.389232055149406,0," 712","2"," 223",-0.243831055542754,0.110459394086318,0.145400999606652,1.95881025377532,NA
"713","NSW1214025",1.81340925416867,0.524982119135797,0," 713","2"," 224",-0.101266392821875,0.102452149618057,0.423715726313922,2.23712498048259,NA
"714","NSW1211252",1.81340925416867,0.348248290341384,0," 714","2"," 225",0.518036313300361,0.119889414905746,0.866284603641745,2.67969385781042,NA
"715","NSW1213981",1.81340925416867,0.382846286899667,0," 715","2"," 226",-0.0271080673838888,0.0892268429621685,0.355738219515778,2.16914747368445,NA
"716","NSW1213731",1.81340925416867,0.460717769797628,0," 716","2"," 227",-0.28754016129874,0.118333795206832,0.173177608498889,1.98658686266756,NA
"717","NSW1213781",1.81340925416867,0.388761399392265,0," 717","2"," 228",0.153865408393408,0.0872318935216004,0.542626807785673,2.35603606195434,NA
"718","NSW1213718",1.81340925416867,-0.148126625996259,0," 718","2"," 229",-0.364628076576483,0.136410924496033,-0.512754702572743,1.30065455159593,NA
"719","NSW1213764",1.81340925416867,-0.139268441119428,0," 719","2"," 230",-1.15031189206941,0.139058399220384,-1.28958033318883,0.523828920979838,NA
"720","NSW1211208",1.81340925416867,0.336717160116526,0," 720","2"," 231",-0.213203536230495,0.140253093361255,0.123513623886031,1.9369228780547,NA
"721","NSW1213874",1.81340925416867,-0.054522420354023,0," 721","2"," 232",-0.53792650201726,0.111849242040168,-0.592448922371283,1.22096033179739,NA
"722","NSW1211184",1.81340925416867,0.446313178847931,0," 722","2"," 233",-0.581395008194134,0.156832721571605,-0.135081829346202,1.67832742482247,NA
"723","NSW1213847",1.81340925416867,0.440269327965335,0," 723","2"," 234",-0.16511559015785,0.113069673484184,0.275153737807485,2.08856299197616,NA
"724","NSW1214566",1.81340925416867,-0.261656622421193,0," 724","2"," 235",0.447017446581,0.174335903051665,0.185360824159807,1.99877007832848,NA
"725","NSW1211235",1.81340925416867,0.515908896659823,0," 725","2"," 236",-0.148265331631196,0.0970375500455359,0.367643565028628,2.1810528191973,NA
"726","NSW1213752",1.81340925416867,0.446928629040239,0," 726","2"," 237",0.082445157015295,0.129308206781338,0.529373786055534,2.34278304022421,NA
"727","NSW1214510",1.81340925416867,0.400924328792268,0," 727","2"," 238",-0.208803290725478,0.117911851552627,0.19212103806679,2.00553029223546,NA
"728","NSW1214638",1.81340925416867,0.402696518528772,0," 728","2"," 239",-0.177058731601184,0.142297867017496,0.225637786927588,2.03904704109626,NA
"729","NSW1213986",1.81340925416867,0.486251852861992,0," 729","2"," 240",-0.284725983629706,0.102638799756659,0.201525869232286,2.01493512340096,NA
"730","NSW1214159",1.81340925416867,0.522551823256872,0," 730","2"," 241",0.0969659562850209,0.0888654139544145,0.619517779541893,2.43292703371056,NA
"731","NSW1214591",1.81340925416867,0.526666294247146,0," 731","2"," 242",-0.432872297329279,0.117866711983504,0.0937939969178676,1.90720325108654,NA
"732","NSW1214640",1.81340925416867,0.463390411332741,0," 732","2"," 243",-0.406888411806922,0.0978601469353053,0.0565019995258194,1.86991125369449,NA
"733","NSW1213869",1.81340925416867,0.538322721203158,0," 733","2"," 244",0.0944929018000966,0.121892864014816,0.632815623003254,2.44622487717193,NA
"734","NSW1214601",1.81340925416867,-0.102189693837161,0," 734","2"," 245",-0.0242955506863606,0.117310742583253,-0.126485244523521,1.68692400964515,NA
"735","NSW1213866",1.81340925416867,0.408771129900901,0," 735","2"," 246",0.0216037257414967,0.136510508005625,0.430374855642398,2.24378410981107,NA
"736","NSW1213842",1.81340925416867,-0.237268018813974,0," 736","2"," 247",0.510542288962303,0.12367264652758,0.273274270148329,2.086683524317,NA
"737","NSW1214047",1.81340925416867,-0.205212076452622,0," 737","2"," 248",0.198640254440186,0.122058592428728,-0.00657182201243667,1.80683743215624,NA
"738","NSW1214536",1.81340925416867,-0.143173596316356,0," 738","2"," 249",-0.475650175213742,0.159233284974597,-0.618823771530097,1.19458548263857,NA
"739","NSW1213822",1.81340925416867,-0.132090518278326,0," 739","2"," 250",0.132068189852473,0.117730405519694,-2.23284258528134e-05,1.81338692574282,NA
"740","NSW1213786",1.81340925416867,0.51724706391467,0," 740","2"," 251",-0.19097283089025,0.094861535956477,0.32627423302442,2.13968348719309,NA
"741","NSW1213726",1.81340925416867,0.458286643731719,0," 741","2"," 252",0.137622788458496,0.121712234855504,0.595909432190215,2.40931868635889,NA
"742","NSW1213789",1.81340925416867,0.503940953744948,0," 742","2"," 253",0.00167894594302133,0.098249464505223,0.50561989968797,2.31902915385664,NA
"743","NSW1214300",1.81340925416867,0.479189612398931,0," 743","2"," 254",0.152560301428404,0.0957581104721247,0.631749913827334,2.44515916799601,NA
"744","NSW1213839",1.81340925416867,0.602866735587224,0," 744","2"," 255",-0.14303743968444,0.1964700958982,0.459829295902784,2.27323855007146,NA
"745","NSW1214063",1.81340925416867,-0.173896180563298,0," 745","2"," 256",0.178873351220872,0.141404014550242,0.00497717065757391,1.81838642482625,NA
"746","NSW1211226",1.81340925416867,-0.140044886572256,0," 746","2"," 257",-1.17575572574503,0.129367794516787,-1.31580061231729,0.497608641851383,NA
"747","NSW1213832",1.81340925416867,0.428453350138822,0," 747","2"," 258",0.600004095591616,0.121754175719741,1.02845744573044,2.84186669989911,NA
"748","NSW1214031",1.81340925416867,0.454145561549505,0," 748","2"," 259",0.0606184110912246,0.137382656516774,0.514763972640729,2.3281732268094,NA
"749","NSW1213856",1.81340925416867,0.47386263645563,0," 749","2"," 260",-0.715037682964037,0.0803412208030324,-0.241175046508408,1.57223420766026,NA
"750","NSW1213783",1.81340925416867,-0.0609452282564582,0," 750","2"," 261",-0.820856914692921,0.114283316258579,-0.881802142949379,0.931607111219293,NA
"751","NSW1213816",1.81340925416867,-0.111822916795644,0," 751","2"," 262",-0.505909805923779,0.138172619181709,-0.617732722719423,1.19567653144925,NA
"752","NSW1213757",1.81340925416867,-0.209686005453905,0," 752","2"," 263",-0.47709866452528,0.143674552168569,-0.686784669979185,1.12662458418949,NA
"753","NSW1214511",1.81340925416867,0.468319978355684,0," 753","2"," 264",0.207601340657071,0.0935403007589111,0.675921319012755,2.48933057318143,NA
"754","NSW1411031",1.81340925416867,0.528481457062161,0," 754","2"," 265",0.553601602673972,0.0945886200233722,1.08208305973613,2.8954923139048,NA
"755","NSW1213834",1.81340925416867,-0.141603130853133,0," 755","2"," 266",-0.396216537576949,0.13193684090402,-0.537819668430081,1.27558958573859,NA
"756","NSW1214256",1.81340925416867,0.316520614520637,0," 756","2"," 267",-0.330396578518405,0.134213477855723,-0.0138759639977674,1.7995332901709,NA
"757","NSW1211182",1.81340925416867,0.40199832261644,0," 757","2"," 268",0.0821520153071515,0.0930877702484199,0.484150337923592,2.29755959209226,NA
"758","NSW1211137",1.81340925416867,-0.286764217698027,0," 758","2"," 269",0.631249948311085,0.131675556345266,0.344485730613058,2.15789498478173,NA
"759","NSW1214052",1.81340925416867,0.497533476389774,0," 759","2"," 270",-0.294225650975758,0.0975172532655151,0.203307825414016,2.01671707958269,NA
"760","NSW1214228",1.81340925416867,-0.398170289517448,0," 760","2"," 271",-0.067510990655545,0.264980672510768,-0.465681280172993,1.34772797399568,NA
"761","NSW1211115",1.81340925416867,-0.217289469777653,0," 761","2"," 272",-0.0570315457001529,0.130377871730625,-0.274321015477806,1.53908823869087,NA
"762","NSW1213739",1.81340925416867,-0.205067327135662,0," 762","2"," 273",0.381219212658362,0.142043358118929,0.176151885522699,1.98956113969137,NA
"763","NSW1214192",1.81340925416867,0.330785249408064,0," 763","2"," 274",0.532041507871075,0.174496691654907,0.86282675727914,2.67623601144781,NA
"764","NSW1213915",1.81340925416867,0.293336821469358,0," 764","2"," 275",-0.265933743020389,0.13455717958728,0.0274030784489691,1.84081233261764,NA
"765","NSW1213853",1.81340925416867,-0.196865905337506,0," 765","2"," 276",0.058899241062127,0.146294759855707,-0.137966664275379,1.67544258989329,NA
"766","NSW1211110",1.81340925416867,0.393289377462951,0," 766","2"," 277",-0.17663122449107,0.112108869110447,0.216658152971881,2.03006740714055,NA
"767","NSW1410971",1.81340925416867,0.498382625551143,0," 767","2"," 278",0.321668824982117,0.123694676021562,0.82005145053326,2.63346070470193,NA
"768","NSW1214217",1.81340925416867,-0.3705702130243,0," 768","2"," 279",0.376241171150906,0.172856937471184,0.00567095812660601,1.81908021229528,NA
"769","NSW1411033",1.81340925416867,0.326107775500086,0," 769","2"," 280",0.0276635511823218,0.147759484583963,0.353771326682408,2.16718058085108,NA
"770","NSW1211101",1.81340925416867,0.383309721291292,0," 770","2"," 281",0.419343601839942,0.0791737060255499,0.802653323131234,2.61606257729991,NA
"771","NSW1213806",1.81340925416867,0.728364136495169,0," 771","2"," 282",-0.305656496703714,0.297251071402906,0.422707639791455,2.23611689396013,NA
"772","NSW1213917",1.81340925416867,0.879403768022842,0," 772","2"," 283",0.170567823461985,0.272620939735554,1.04997159148483,2.8633808456535,NA
"773","NSW1213886",1.81340925416867,-0.413589749181868,0," 773","2"," 284",-0.366746095754914,0.321249416785289,-0.780335844936782,1.03307340923189,NA
"774","NSW1213793",1.81340925416867,-0.2293461054908,0," 774","2"," 285",0.657150587392117,0.157300639462913,0.427804481901317,2.24121373606999,NA
"775","NSW1213729",1.81340925416867,0.222395415771975,0," 775","2"," 286",0.425737763716042,0.187738450759507,0.648133179488017,2.46154243365669,NA
"776","NSW1410973",1.81340925416867,-0.121948147096103,0," 776","2"," 287",-0.747620530974387,0.11843419247012,-0.86956867807049,0.943840576098182,NA
"777","NSW1213858",1.81340925416867,0.421717490935636,0," 777","2"," 288",0.540989660763063,0.0878515865300584,0.962707151698699,2.77611640586737,NA
"778","NSW1211164",1.81340925416867,-0.100859113346205,0," 778","2"," 289",0.282915997447083,0.12601843674675,0.182056884100879,1.99546613826955,NA
"779","NSW1410976",1.81340925416867,-0.389554614069194,0," 779","2"," 290",0.500373602183273,0.19019395874372,0.11081898811408,1.92422824228275,NA
"780","NSW1213771",1.81340925416867,-0.197568663277584,0," 780","2"," 291",-0.376264140844172,0.139323793139888,-0.573832804121755,1.23957645004692,NA
"781","NSW1410981",1.81340925416867,-0.28350357957025,0," 781","2"," 292",0.129207407424398,0.346347918682814,-0.154296172145853,1.65911308202282,NA
"782","NSW1213831",1.81340925416867,-0.188771158844013,0," 782","2"," 293",0.27677729583152,0.161191324693706,0.0880061369875071,1.90141539115618,NA
"783","NSW1211100",1.81340925416867,-0.199219805638754,0," 783","2"," 294",-0.722766957795551,0.137654679045218,-0.921986763434305,0.891422490734367,NA
"784","NSW1214197",1.81340925416867,0.454818960702752,0," 784","2"," 295",0.210248009130288,0.0891275544400088,0.66506696983304,2.47847622400171,NA
"785","NSW1214190",1.81340925416867,-0.14836014079766,0," 785","2"," 296",0.0329222066411484,0.121229647436939,-0.115437934156512,1.69797132001216,NA
"786","NSW1211136",1.81340925416867,0.522606134243928,0," 786","2"," 297",0.301388901858475,0.114163358110657,0.823995036102402,2.63740429027107,NA
"787","NSW1214167",1.81340925416867,0.0702729050756075,0," 787","2"," 298",-0.0416980008961862,0.237716208477036,0.0285749041794213,1.84198415834809,NA
"788","NSW1213799",1.81340925416867,-0.179955198583101,0," 788","2"," 299",-0.281957508324443,0.121280110441222,-0.461912706907543,1.35149654726113,NA
"789","NSW1214546",1.81340925416867,0.8015594227621,0," 789","2"," 300",0.21592566115175,0.289302851622405,1.01748508391385,2.83089433808252,NA
"790","NSW1214278",1.81340925416867,-0.306991406118118,0," 790","2"," 301",0.437924284192017,0.152349198575232,0.130932878073899,1.94434213224257,NA
"791","NSW1214084",1.81340925416867,-0.2501445667155,0," 791","2"," 302",0.681046510602646,0.115873778317851,0.430901943887147,2.24431119805582,NA
"792","NSW1410982",1.81340925416867,0.440189496970535,0," 792","2"," 303",-0.102607213449301,0.144360857906901,0.337582283521235,2.15099153768991,NA
"793","NSW1213951",1.81340925416867,-0.136242133744424,0," 793","2"," 304",0.00954522400740749,0.131266674111302,-0.126696909737016,1.68671234443166,NA
"794","NSW1214590",1.81340925416867,0.0242292568806001,0," 794","2"," 305",0.196177627554791,0.403275727940547,0.220406884435392,2.03381613860406,NA
"795","NSW1213758",1.81340925416867,0.798289437211039,0," 795","2"," 306",0.0922653411444511,0.254581120065794,0.89055477835549,2.70396403252416,NA
"796","NSW1211114",1.81340925416867,0.444493571508066,0," 796","2"," 307",0.28790329892018,0.0929586558933068,0.732396870428246,2.54580612459692,NA
"797","NSW1214585",1.81340925416867,0.466737610972039,0," 797","2"," 308",0.308620763934975,0.115561658101099,0.775358374907015,2.58876762907569,NA
"798","NSW1213798",1.81340925416867,-0.0990539316517479,0," 798","2"," 309",-0.360923842326106,0.140477770940602,-0.459977773977854,1.35343148019082,NA
"799","NSW1213807",1.81340925416867,0.39760031601189,0," 799","2"," 310",-0.329439860415617,0.0808473086990053,0.0681604555962737,1.88156970976495,NA
"800","NSW1410983",1.81340925416867,-0.144894518055836,0," 800","2"," 311",0.0293206935225471,0.126214304721089,-0.115573824533289,1.69783542963538,NA
"801","NSW1410993",1.81340925416867,-0.170899383013671,0," 801","2"," 312",-0.00287401513295754,0.118408434062086,-0.173773398146629,1.63963585602204,NA
"802","NSW1214171",1.81340925416867,-0.308208682381173,0," 802","2"," 313",-0.261016476727889,0.151397529803868,-0.569225159109062,1.24418409505961,NA
"803","NSW1214078",1.81340925416867,-0.157332727409672,0," 803","2"," 314",-0.109290747956722,0.158046378626853,-0.266623475366394,1.54678577880228,NA
"804","NSW1410958",1.81340925416867,0.419964963374713,0," 804","2"," 315",0.104930120643062,0.0872537691335264,0.524895084017776,2.33830433818645,NA
"805","NSW1214113",1.81340925416867,-0.306166413412015,0," 805","2"," 316",0.682054562509866,0.157879670291165,0.375888149097851,2.18929740326652,NA
"806","NSW1214486",1.81340925416867,-0.310415708758797,0," 806","2"," 317",0.0547190690850129,0.153420498463693,-0.255696639673784,1.55771261449489,NA
"807","NSW1213743",1.81340925416867,0.525419113499472,0," 807","2"," 318",0.400951991380344,0.0904945563140958,0.926371104879816,2.73978035904849,NA
"808","NSW1213861",1.81340925416867,0.498201385012442,0," 808","2"," 319",0.253006575944665,0.0955462276972223,0.751207960957107,2.56461721512578,NA
"809","NSW1214222",1.81340925416867,0.507885898323132,0," 809","2"," 320",-0.0657241999357231,0.110255217474213,0.442161698387409,2.25557095255608,NA
"810","NSW1214000",1.81340925416867,0.826654482437242,0," 810","2"," 321",0.185285599509234,0.269066492265242,1.01194008194648,2.82534933611515,NA
"811","NSW1410988",1.81340925416867,-0.0297993600140267,0," 811","2"," 322",-0.403465529048472,0.211123299430984,-0.433264889062499,1.38014436510617,NA
"812","NSW1214133",1.81340925416867,-0.155655802093965,0," 812","2"," 323",0.453637962143336,0.125632767510523,0.297982160049371,2.11139141421804,NA
"813","NSW1213920",1.81340925416867,0.346801220125367,0," 813","2"," 324",-0.181647238179375,0.171640845559589,0.165153981945993,1.97856323611466,NA
"814","NSW1214273",1.81340925416867,0.530982657785561,0," 814","2"," 325",-0.180836703060524,0.0955746446677801,0.350145954725037,2.16355520889371,NA
"815","NSW1211166",1.81340925416867,0.521368458456673,0," 815","2"," 326",0.2773543846954,0.104345245895682,0.798722843152072,2.61213209732074,NA
"816","NSW1211169",1.81340925416867,-0.011138844794909,0," 816","2"," 327",0.354233707650132,0.260658533854133,0.343094862855223,2.15650411702389,NA
"817","NSW1214147",1.81340925416867,0.41646358231714,0," 817","2"," 328",-0.248505365569061,0.134670191424234,0.167958216748079,1.98136747091675,NA
"818","NSW1213838",1.81340925416867,0.500674315900141,0," 818","2"," 329",0.188855704571708,0.0936226273860534,0.68953002047185,2.50293927464052,NA
"819","NSW1211212",1.81340925416867,-0.180007997612517,0," 819","2"," 330",0.645170160134189,0.12823052956787,0.465162162521672,2.27857141669034,NA
"820","NSW1214271",1.81340925416867,0.505646460129574,0," 820","2"," 331",-0.16165189877525,0.0914713067454452,0.343994561354323,2.157403815523,NA
"821","NSW1214054",1.81340925416867,-0.162804540387503,0," 821","2"," 332",0.343635381587529,0.121908296407914,0.180830841200025,1.9942400953687,NA
"822","NSW1211102",1.81340925416867,-0.24514495954514,0," 822","2"," 333",-0.273620489819004,0.143086492275345,-0.518765449364144,1.29464380480453,NA
"823","NSW1211175",1.81340925416867,0.486381038541221,0," 823","2"," 334",-0.244191465593861,0.0897241542237317,0.24218957294736,2.05559882711603,NA
"824","NSW1214009",1.81340925416867,0.398149467386608,0," 824","2"," 335",0.477213281718561,0.101568299257811,0.875362749105168,2.68877200327384,NA
"825","NSW1211134",1.81340925416867,0.68709352912458,0," 825","2"," 336",0.160000084594894,0.16116914731827,0.847093613719474,2.66050286788815,NA
"826","NSW1211239",1.81340925416867,0.448912313759965,0," 826","2"," 337",0.140341858476535,0.328012560712184,0.589254172236501,2.40266342640517,NA
"827","NSW1213823",1.81340925416867,0.519369471961361,0," 827","2"," 338",-0.0777652801168408,0.11597797511085,0.44160419184452,2.25501344601319,NA
"828","NSW1214038",1.81340925416867,0.479664583440844,0," 828","2"," 339",-0.00888062107658037,0.094610819020184,0.470783962364264,2.28419321653294,NA
"829","NSW1214243",1.81340925416867,0.822103726558458,0," 829","2"," 340",0.266770926119564,0.267878058581759,1.08887465267802,2.90228390684669,NA
"830","NSW1213995",1.81340925416867,0.400185246247384,0," 830","2"," 341",-0.128695679599271,0.137643166245249,0.271489566648113,2.08489882081678,NA
"831","NSW1214232",1.81340925416867,0.511322291997538,0," 831","2"," 342",-0.0557685262560997,0.115665046625025,0.455553765741438,2.26896301991011,NA
"832","NSW1214034",1.81340925416867,0.282155288114909,0," 832","2"," 343",-0.321624721650715,0.166745821711419,-0.0394694335358062,1.77393982063287,NA
"833","NSW1214500",1.81340925416867,-0.27603376681651,0," 833","2"," 344",0.199651076908321,0.118881623744368,-0.0763826899081884,1.73702656426048,NA
"834","NSW1214625",1.81340925416867,0.477620673461064,0," 834","2"," 345",-0.0410228943792885,0.119401577284309,0.436597779081776,2.25000703325045,NA
"835","NSW1211124",1.81340925416867,-0.19257499036458,0," 835","2"," 346",0.282240628977817,0.140609434492996,0.0896656386132371,1.90307489278191,NA
"836","NSW1214502",1.81340925416867,0.44196029928,0," 836","2"," 347",-0.0501668789646943,0.102184844880351,0.391793420315306,2.20520267448398,NA
"837","NSW210872",1.81340925416867,-0.0746036177885408,0," 837","2"," 348",-0.807913104322138,0.183897442463063,-0.882516722110679,0.930892532057992,NA
"838","NSW1211167",1.81340925416867,0.366340074914152,0," 838","2"," 349",0.437612429557531,0.124533615975915,0.803952504471683,2.61736175864035,NA
"839","NSW1213994",1.81340925416867,0.428585838710491,0," 839","2"," 350",0.0331571353599975,0.105087800066809,0.461742974070488,2.27515222823916,NA
"840","NSW1213721",1.81340925416867,0.446555056984767,0," 840","2"," 351",0.373306672145968,0.144512791429897,0.819861729130735,2.63327098329941,NA
"841","NSW1211105",1.81340925416867,0.415683823692675,0," 841","2"," 352",0.403406713891783,0.0757878416538279,0.819090537584458,2.63249979175313,NA
"842","NSW1214015",1.81340925416867,0.410167091703484,0," 842","2"," 353",0.230749522876442,0.118243994511164,0.640916614579927,2.4543258687486,NA
"843","NSW1213989",1.81340925416867,0.540955435849869,0," 843","2"," 354",0.178168093345132,0.103778384742449,0.719123529195,2.53253278336367,NA
"844","NSW1214542",1.81340925416867,-0.193209552714984,0," 844","2"," 355",0.772248997872454,0.124901948272733,0.57903944515747,2.39244869932614,NA
"845","NSW1214624",1.81340925416867,-0.21693186230598,0," 845","2"," 356",0.070291778878903,0.181362657807036,-0.146640083427077,1.66676917074159,NA
"846","NSW1211248",1.81340925416867,-0.167324186080154,0," 846","2"," 357",-0.152448664261012,0.150712807591051,-0.319772850341166,1.49363640382751,NA
"847","NSW1211116",1.81340925416867,-0.183366195348023,0," 847","2"," 358",0.379998412981721,0.139799358179335,0.196632217633699,2.01004147180237,NA
"848","NSW1214524",1.81340925416867,0.463845193182954,0," 848","2"," 359",0.264733783465376,0.0946700761443375,0.72857897664833,2.541988230817,NA
"849","NSW1213991",1.81340925416867,0.446771975921758,0," 849","2"," 360",-0.0676981440879842,0.116845228376748,0.379073831833774,2.19248308600245,NA
"850","NSW1214636",1.81340925416867,-0.285714301285798,0," 850","2"," 361",-0.146608579811381,0.14939507091394,-0.432322881097178,1.38108637307149,NA
"851","NSW1214512",1.81340925416867,0.430144252547024,0," 851","2"," 362",0.419920323349022,0.108640026829405,0.850064575896046,2.66347383006472,NA
"852","NSW1214620",1.81340925416867,0.453370805291368,0," 852","2"," 363",-0.524432965674448,0.0989727396436241,-0.0710621603830798,1.74234709378559,NA
"853","NSW1214305",1.81340925416867,-0.128307931259867,0," 853","2"," 364",-0.340053643944463,0.135442193331662,-0.468361575204329,1.34504767896434,NA
"854","NSW1213990",1.81340925416867,0.498205147184687,0," 854","2"," 365",0.151442461419581,0.126364749755543,0.649647608604268,2.46305686277294,NA
"855","NSW1214646",1.81340925416867,-0.119990137831126,0," 855","2"," 366",-0.276921986921485,0.122505055235449,-0.39691212475261,1.41649712941606,NA
"856","NSW1214210",1.81340925416867,0.432767139156212,0," 856","2"," 367",0.420325105641654,0.0904658462021297,0.853092244797866,2.66650149896654,NA
"857","NSW1211183",1.81340925416867,0.10783296894021,0," 857","2"," 368",-0.0681610778628657,0.126527633725721,0.0396718910773443,1.85308114524602,NA
"858","NSW1213958",1.81340925416867,-0.133766009440251,0," 858","2"," 369",-0.794645819804971,0.112439275461006,-0.928411829245222,0.88499742492345,NA
"859","NSW1214496",1.81340925416867,-0.122422728498152,0," 859","2"," 370",-0.219527763687749,0.122637876983448,-0.341950492185901,1.47145876198277,NA
"860","NSW1214627",1.81340925416867,-0.28918591240122,0," 860","2"," 371",0.352603016209234,0.15257952970892,0.0634171038080145,1.87682635797669,NA
"861","NSW1211216",1.81340925416867,0.200756599645339,0," 861","2"," 372",-0.154327549506314,0.121032619700045,0.0464290501390248,1.8598383043077,NA
"862","NSW1214493",1.81340925416867,0.497340129128407,0," 862","2"," 373",-0.141481673002663,0.0911326999195316,0.355858456125744,2.16926771029442,NA
"863","NSW1410963",1.81340925416867,0.450871008920809,0," 863","2"," 374",0.130901574591341,0.142593898281799,0.58177258351215,2.39518183768082,NA
"864","NSW1214509",1.81340925416867,0.48385790883809,0," 864","2"," 375",-0.390272423803162,0.0918079382023022,0.093585485034928,1.9069947392036,NA
"865","NSW1213980",1.81340925416867,0.429120189174071,0," 865","2"," 376",0.0815128767384831,0.117663495527996,0.510633065912554,2.32404232008123,NA
"866","NSW1214138",1.81340925416867,0.458068754254332,0," 866","2"," 377",0.303565186749574,0.112319695638284,0.761633941003906,2.57504319517258,NA
"867","NSW1214567",1.81340925416867,0.554724294709029,0," 867","2"," 378",0.135098886679747,0.106771052214248,0.689823181388777,2.50323243555745,NA
"868","NSW1410986",1.81340925416867,0.484355775088821,0," 868","2"," 379",0.434393300387669,0.0809871908302941,0.91874907547649,2.73215832964516,NA
"869","NSW1211163",1.81340925416867,0.383864740721996,0," 869","2"," 380",0.0565231359297169,0.108048678900927,0.440387876651713,2.25379713082038,NA
"870","NSW1214253",1.81340925416867,-0.179206246373703,0," 870","2"," 381",-0.606489177168951,0.127568428962053,-0.785695423542654,1.02771383062602,NA
"871","NSW1214619",1.81340925416867,0.390400222756384,0," 871","2"," 382",-0.157725419648644,0.110050149998699,0.232674803107739,2.04608405727641,NA
"872","NSW1213836",1.81340925416867,-0.18320205770183,0," 872","2"," 383",-1.07333228779545,0.135734429404465,-1.25653434549728,0.556874908671389,NA
"873","NSW1214279",1.81340925416867,0.331055241903024,0," 873","2"," 384",-0.1171577884061,0.110765528952009,0.213897453496924,2.0273067076656,NA
"874","NSW1214310",1.81340925416867,-0.0946733189584726,0," 874","2"," 385",-0.237750719012527,0.116854361787032,-0.332424037971,1.48098521619767,NA
"875","NSW1213756",1.81340925416867,0.851268303459249,0," 875","2"," 386",0.000204616257117894,0.276991800326337,0.851472919716367,2.66488217388504,NA
"876","NSW1214563",1.81340925416867,0.860688803625928,0," 876","2"," 387",0.227324070295444,0.269019325848656,1.08801287392137,2.90142212809004,NA
"877","NSW1213730",1.81340925416867,0.426435277074246,0," 877","2"," 388",-0.0873969676774842,0.116761470985216,0.339038309396762,2.15244756356543,NA
"878","NSW1214065",1.81340925416867,-0.1883935260421,0," 878","2"," 389",0.298431969379352,0.122347541285946,0.110038443337252,1.92344769750592,NA
"879","NSW1214615",1.81340925416867,0.385739470066683,0," 879","2"," 390",0.0816532681605702,0.103343045296268,0.467392738227253,2.28080199239592,NA
"880","NSW1213934",1.81340925416867,0.870256851599628,0," 880","2"," 391",0.0980769153126665,0.276946353803521,0.968333766912294,2.78174302108097,NA
"881","NSW1213891",1.81340925416867,0.478776948898398,0," 881","2"," 392",0.462029269535356,0.107316289572419,0.940806218433753,2.75421547260243,NA
"882","NSW1214559",1.81340925416867,-0.0626553393863226,0," 882","2"," 393",-0.411981719387732,0.129081163692183,-0.474637058774055,1.33877219539462,NA
"883","NSW1214022",1.81340925416867,-0.147939910012026,0," 883","2"," 394",0.333334688063545,0.124873986206297,0.185394778051519,1.99880403222019,NA
"884","NSW1214554",1.81340925416867,0.404502979559014,0," 884","2"," 395",0.227601836957099,0.10441354723588,0.632104816516112,2.44551407068478,NA
"885","NSW1214547",1.81340925416867,-0.228028130074304,0," 885","2"," 396",0.7918457419788,0.12421611916612,0.563817611904496,2.37722686607317,NA
"886","NSW1211145",1.81340925416867,0.479246908523532,0," 886","2"," 397",0.213313046043121,0.109745573972393,0.692559954566652,2.50596920873532,NA
"887","NSW1214177",1.81340925416867,0.795116744580083,0," 887","2"," 398",0.228816182411222,0.291664512514077,1.0239329269913,2.83734218115998,NA
"888","NSW1213725",1.81340925416867,0.50595838216981,0," 888","2"," 399",-0.220248783562788,0.100689110462467,0.285709598607022,2.09911885277569,NA
"889","NSW1211089",1.81340925416867,0.449133528581583,0," 889","2"," 400",0.299124300402541,0.121798885545868,0.748257828984124,2.5616670831528,NA
"890","NSW1211104",1.81340925416867,0.524029450577285,0," 890","2"," 401",0.0603759785080424,0.111941018788275,0.584405429085327,2.397814683254,NA
"891","NSW1211170",1.81340925416867,0.760713787381709,0," 891","2"," 402",0.212801178304013,0.289358212666284,0.973514965685722,2.78692421985439,NA
"892","NSW1214577",1.81340925416867,0.486815718215296,0," 892","2"," 403",-0.136956907847727,0.0930252757477545,0.349858810367569,2.16326806453624,NA
"893","NSW1211205",1.81340925416867,-0.265409519604295,0," 893","2"," 404",0.522731995348784,0.136059866552719,0.257322475744489,2.07073172991316,NA
"894","NSW1214531",1.81340925416867,-0.281647859458831,0," 894","2"," 405",0.133003601742038,0.145749215018225,-0.148644257716793,1.66476499645188,NA
"895","NSW1211168",1.81340925416867,-0.366053197180879,0," 895","2"," 406",0.413386312748757,0.174602849941477,0.0473331155678786,1.86074236973655,NA
"896","NSW1214487",1.81340925416867,-0.193628851757646,0," 896","2"," 407",-0.624271771055685,0.119733161637874,-0.817900622813331,0.995508631355341,NA
"897","NSW1213734",1.81340925416867,-0.12345465410764,0," 897","2"," 408",0.202944510210477,0.117213410098653,0.0794898561028369,1.89289911027151,NA
"898","NSW1211199",1.81340925416867,0.0957027914965838,0," 898","2"," 409",-0.245416224197722,0.135260004985362,-0.149713432701138,1.66369582146753,NA
"899","NSW1214152",1.81340925416867,-0.198892448347326,0," 899","2"," 410",0.686628390794491,0.158393696648456,0.487735942447165,2.30114519661584,NA
"900","NSW1211232",1.81340925416867,0.82023266571924,0," 900","2"," 411",0.142059838419181,0.261936220286955,0.962292504138421,2.77570175830709,NA
"901","NSW1214055",1.81340925416867,-0.287612997374406,0," 901","2"," 412",-0.406113522285116,0.171865006990197,-0.693726519659522,1.11968273450915,NA
"902","NSW1213910",1.81340925416867,-0.127528244633496,0," 902","2"," 413",-0.451762749039072,0.135909626493805,-0.579290993672567,1.2341182604961,NA
"903","NSW1214522",1.81340925416867,0.616763188843965,0," 903","2"," 414",0.626744829550017,0.0967543061008588,1.24350801839398,3.05691727256265,NA
"904","NSW1213930",1.81340925416867,0.522862638962877,0," 904","2"," 415",-0.00569419162137237,0.0979938657851364,0.517168447341504,2.33057770151018,NA
"905","NSW1411032",1.81340925416867,0.454343711145625,0," 905","2"," 416",0.183691434803806,0.0901272225266615,0.638035145949431,2.4514444001181,NA
"906","NSW1211210",1.81340925416867,0.364041732880778,0," 906","2"," 417",-0.173757956194131,0.0840241491998387,0.190283776686647,2.00369303085532,NA
"907","NSW1214576",1.81340925416867,0.393909389012984,0," 907","2"," 418",0.0740406012467389,0.153714370321785,0.467949990259722,2.28135924442839,NA
"908","NSW1214226",1.81340925416867,-0.0784615495086834,0," 908","2"," 419",-0.202946328131575,0.133718349079504,-0.281407877640259,1.53200137652841,NA
"909","NSW1214283",1.81340925416867,-0.129279793318666,0," 909","2"," 420",-0.564828266820344,0.139896213010961,-0.69410806013901,1.11930119402966,NA
"910","NSW1214191",1.81340925416867,0.193507200045192,0," 910","2"," 421",0.0581068194009587,0.202462741300686,0.251614019446151,2.06502327361482,NA
"911","NSW1214262",1.81340925416867,0.11570381069417,0," 911","2"," 422",-0.199952847266736,0.134398717373962,-0.0842490365725658,1.72916021759611,NA
"912","NSW1211146",1.81340925416867,0.462279770913387,0," 912","2"," 423",0.47973540816067,0.0925003987892537,0.942015179074057,2.75542443324273,NA
"913","NSW1214592",1.81340925416867,0.428427184166916,0," 913","2"," 424",-0.0837751430550919,0.0921024918229142,0.344652041111824,2.1580612952805,NA
"914","NSW1211109",1.81340925416867,0.45955636760671,0," 914","2"," 425",0.313918501640008,0.0884259859784661,0.773474869246718,2.58688412341539,NA
"915","NSW1211159",1.81340925416867,0.503211514075754,0," 915","2"," 426",0.27440950984452,0.0949279075499701,0.777621023920274,2.59103027808895,NA
"916","NSW1214606",1.81340925416867,0.394245204277626,0," 916","2"," 427",-0.00612485669690911,0.122795123451592,0.388120347580717,2.20152960174939,NA
"917","NSW1211236",1.81340925416867,0.403125004364587,0," 917","2"," 428",0.113081633309971,0.114248458199029,0.516206637674558,2.32961589184323,NA
"918","NSW1213791",1.81340925416867,0.479576943151455,0," 918","2"," 429",-0.0660826244444147,0.105880005351796,0.413494318707041,2.22690357287571,NA
"919","NSW1211172",1.81340925416867,-0.151042327130153,0," 919","2"," 430",-0.332606365044433,0.114430793916621,-0.483648692174586,1.32976056199409,NA
"920","NSW1214528",1.81340925416867,-0.0736183065762447,0," 920","2"," 431",-0.240799230137409,0.136413840017616,-0.314417536713653,1.49899171745502,NA
"921","NSW1214093",1.81340925416867,0.791428328846541,0," 921","2"," 432",0.20998615599843,0.285421780622866,1.00141448484497,2.81482373901364,NA
"922","NSW1213740",1.81340925416867,0.546461109856271,0," 922","2"," 433",0.313330392141649,0.109036072631665,0.859791501997921,2.67320075616659,NA
"923","NSW1214616",1.81340925416867,-0.0802367386055486,0," 923","2"," 434",-0.238581305362588,0.267130979101784,-0.318818043968136,1.49459121020054,NA
"924","NSW1211120",1.81340925416867,0.515091273222706,0," 924","2"," 435",0.471011550793935,0.103950541996247,0.986102824016641,2.79951207818531,NA
"925","NSW1211171",1.81340925416867,0.492033368069268,0," 925","2"," 436",0.574696211479991,0.126170427466377,1.06672957954926,2.88013883371793,NA
"926","NSW1213943",1.81340925416867,0.441494832404557,0," 926","2"," 437",-0.337891911090987,0.113036482891723,0.10360292131357,1.91701217548224,NA
"927","NSW1410978",1.81340925416867,0.548676918523128,0," 927","2"," 438",0.153459595256273,0.0898652417638814,0.702136513779401,2.51554576794807,NA
"928","NSW1213779",1.81340925416867,-0.180716889634423,0," 928","2"," 439",-0.0170033403902444,0.140633491433849,-0.197720230024668,1.615689024144,NA
"929","NSW1214035",1.81340925416867,0.508013546232277,0," 929","2"," 440",0.0974356742440056,0.0758318654518988,0.605449220476283,2.41885847464495,NA
"930","NSW1214244",1.81340925416867,0.477242199324645,0," 930","2"," 441",0.095607155908659,0.142254144729168,0.572849355233304,2.38625860940198,NA
"931","NSW1213900",1.81340925416867,0.539992496893666,0," 931","2"," 442",0.221919458571603,0.0899177707916753,0.761911955465269,2.57532120963394,NA
"932","NSW1211119",1.81340925416867,0.425491538868399,0," 932","2"," 443",-0.127365259736397,0.10291781336502,0.298126279132003,2.11153553330067,NA
"933","NSW1211195",1.81340925416867,-0.25389690974909,0," 933","2"," 444",0.37589932679354,0.159824580605454,0.122002417044451,1.93541167121312,NA
"934","NSW1213975",1.81340925416867,0.503589845295128,0," 934","2"," 445",0.246888808673171,0.111192649497041,0.750478653968299,2.56388790813697,NA
"935","NSW1214176",1.81340925416867,-0.564792948562118,0," 935","2"," 446",-0.0590170874867502,0.408946011846581,-0.623810036048868,1.1895992181198,NA
"936","NSW1214501",1.81340925416867,0.529444748947843,0," 936","2"," 447",-0.0117224965759859,0.0944415597583696,0.517722252371858,2.33113150654053,NA
"937","NSW1213996",1.81340925416867,-0.152681417765064,0," 937","2"," 448",-0.26787060156432,0.129333167627153,-0.420552019329384,1.39285723483929,NA
"938","NSW1411037",1.81340925416867,-0.26708325368795,0," 938","2"," 449",0.612660384569435,0.153141190136249,0.345577130881485,2.15898638505016,NA
"939","NSW1211090",1.81340925416867,0.399054087304266,0," 939","2"," 450",0.349683946420091,0.133850227812963,0.748738033724358,2.56214728789303,NA
"940","NSW1213744",1.81340925416867,-0.155014052998315,0," 940","2"," 451",0.296073959438134,0.367315866206369,0.141059906439819,1.95446916060849,NA
"941","NSW1214182",1.81340925416867,0.43491617061868,0," 941","2"," 452",0.271401241879423,0.137463301692632,0.706317412498103,2.51972666666677,NA
"942","NSW1211204",1.81340925416867,0.241002457867362,0," 942","2"," 453",-0.315614033918815,0.173724236252857,-0.0746115760514529,1.73879767811722,NA
"943","NSW1214007",1.81340925416867,0.301949754840209,0," 943","2"," 454",-0.551799667916143,0.173866685465676,-0.249849913075934,1.56355934109274,NA
"944","NSW1214188",1.81340925416867,0.573559329665658,0," 944","2"," 455",0.315295113960886,0.178911610377089,0.888854443626544,2.70226369779522,NA
"945","NSW1213940",1.81340925416867,0.385147405507445,0," 945","2"," 456",-0.431851711567453,0.130684614341754,-0.0467043060600075,1.76670494810866,NA
"946","NSW1211229",1.81340925416867,-0.218309827382788,0," 946","2"," 457",0.697737983220276,0.141960683096181,0.479428155837488,2.29283741000616,NA
"947","NSW1213937",1.81340925416867,0.292263442764285,0," 947","2"," 458",0.29007053311095,0.18283546365337,0.582333975875234,2.39574323004391,NA
"948","NSW1214001",1.81340925416867,0.276281549715479,0," 948","2"," 459",-0.426205823260491,0.161855484126231,-0.149924273545013,1.66348498062366,NA
"949","NSW1214051",1.81340925416867,0.427279586566527,0," 949","2"," 460",0.379616999802539,0.128173801391329,0.806896586369067,2.62030584053774,NA
"950","NSW1211083",1.81340925416867,0.402471385370021,0," 950","2"," 461",0.27252640660809,0.132791275417173,0.674997791978112,2.48840704614678,NA
"951","NSW1214041",1.81340925416867,-0.282276284726448,0," 951","2"," 462",0.454459809071615,0.151944544451239,0.172183524345167,1.98559277851384,NA
"952","NSW1214012",1.81340925416867,-0.237084813182562,0," 952","2"," 463",0.412842966257972,0.206046273149294,0.17575815307541,1.98916740724408,NA
"953","NSW1213787",1.81340925416867,0.445195903475394,0," 953","2"," 464",0.202843810380709,0.0840970213841805,0.648039713856103,2.46144896802477,NA
"954","NSW1214303",1.81340925416867,-0.292117685532046,0," 954","2"," 465",0.615555366741106,0.164195774884793,0.323437681209059,2.13684693537773,NA
"955","NSW1214179",1.81340925416867,0.427036449607746,0," 955","2"," 466",0.1076192349192,0.105028981652348,0.534655684526946,2.34806493869562,NA
"956","NSW1213955",1.81340925416867,-0.217573881448586,0," 956","2"," 467",-0.319720910667022,0.333284422413813,-0.537294792115609,1.27611446205306,NA
"957","NSW1214037",1.81340925416867,-0.0425150922536801,0," 957","2"," 468",-0.24793361975317,0.133586836886899,-0.29044871200685,1.52296054216182,NA
"958","NSW1213960",1.81340925416867,-0.23650313050023,0," 958","2"," 469",0.80381082918951,0.138285324619536,0.56730769868928,2.38071695285795,NA
"959","NSW1214629",1.81340925416867,0.00434751596426625,0," 959","2"," 470",-0.349303157971588,0.261062359240485,-0.344955642007321,1.46845361216135,NA
"960","NSW1213857",1.81340925416867,0.438741105455307,0," 960","2"," 471",-0.254239416625022,0.102210961613185,0.184501688830285,1.99791094299896,NA
"961","NSW1211126",1.81340925416867,-0.215122008815592,0," 961","2"," 472",-0.276606361223424,0.15272462844682,-0.491728370039016,1.32168088412966,NA
"962","NSW1214581",1.81340925416867,-0.307080223582396,0," 962","2"," 473",0.539225712753725,0.137159155701334,0.232145489171329,2.04555474334,NA
"963","NSW1211139",1.81340925416867,-0.136963853788047,0," 963","2"," 474",-0.543800966143824,0.146415006323179,-0.680764819931871,1.1326444342368,NA
"964","NSW1213997",1.81340925416867,0.852761524172471,0," 964","2"," 475",0.175754908557291,0.278296546750163,1.02851643272976,2.84192568689843,NA
"965","NSW1214269",1.81340925416867,-0.401146452328501,0," 965","2"," 476",-0.348486824414231,0.365639161876544,-0.749633276742733,1.06377597742594,NA
"966","NSW1214083",1.81340925416867,0.654877671611018,0," 966","2"," 477",-0.0340072903127173,0.160179839770491,0.620870381298301,2.43427963546697,NA
"967","NSW1214230",1.81340925416867,0.446266818091157,0," 967","2"," 478",0.227952881248824,0.0941940518803387,0.674219699339981,2.48762895350865,NA
"968","NSW1214595",1.81340925416867,0.400044139611922,0," 968","2"," 479",0.113984516748761,0.106035641831859,0.514028656360683,2.32743791052935,NA
"969","NSW1411026",1.81340925416867,-0.159106173186358,0," 969","2"," 480",-0.93110001603067,0.130009398225908,-1.09020618921703,0.723203064951644,NA
"970","NSW1211097",1.81340925416867,0.251170770809933,0," 970","2"," 481",0.328924295275506,0.135413019479063,0.580095066085438,2.39350432025411,NA
"971","NSW1214021",1.81340925416867,-0.0767806437891942,0," 971","2"," 482",-0.336568019548792,0.112514199122748,-0.413348663337986,1.40006059083069,NA
"972","NSW1213759",1.81340925416867,-0.591758671770787,0," 972","2"," 483",-0.110469256153983,0.414281047457617,-0.70222792792477,1.1111813262439,NA
"973","NSW1211130",1.81340925416867,0.456427476104998,0," 973","2"," 484",-0.570742506305867,0.121003904665346,-0.114315030200869,1.6990942239678,NA
"974","NSW1213904",1.81340925416867,-0.383910051789091,0," 974","2"," 485",0.313976876395344,0.165250204106602,-0.069933175393747,1.74347607877492,NA
"975","NSW1214045",1.81340925416867,-0.143937941495479,0," 975","2"," 486",-0.319694217454127,0.120693629449869,-0.463632158949607,1.34977709521906,NA
"976","NSW1214525",1.81340925416867,0.446234955471219,0," 976","2"," 487",-0.207603012156021,0.0840861506647705,0.238631943315198,2.05204119748387,NA
"977","NSW1214186",1.81340925416867,0.404258499492675,0," 977","2"," 488",-0.104209355162446,0.136710080845519,0.300049144330229,2.1134583984989,NA
"978","NSW1411003",1.81340925416867,0.474389859568554,0," 978","2"," 489",-0.0172223034887984,0.0930206915602214,0.457167556079755,2.27057681024843,NA
"979","NSW1214508",1.81340925416867,0.460731851564087,0," 979","2"," 490",0.0386232594671978,0.103980194371416,0.499355111031285,2.31276436519996,NA
"980","NSW1214523",1.81340925416867,-0.102204742407132,0," 980","2"," 491",0.143663665966163,0.152020938316178,0.0414589235590305,1.8548681777277,NA
"981","NSW1213753",1.81340925416867,-0.140294659141791,0," 981","2"," 492",-0.0195544176290737,0.131658752534138,-0.159849076770864,1.65356017739781,NA
"982","NSW1211133",1.81340925416867,0.481569599535893,0," 982","2"," 493",-0.492580279681442,0.0901831298584938,-0.0110106801455492,1.80239857402312,NA
"983","NSW1213754",1.81340925416867,0.85156241656862,0," 983","2"," 494",-0.0671361365396259,0.260986317710501,0.784426280028994,2.59783553419767,NA
"984","NSW1213719",1.81340925416867,0.474828607440131,0," 984","2"," 495",0.309272920330944,0.11016794482922,0.784101527771075,2.59751078193975,NA
"985","NSW1211230",1.81340925416867,0.320211025792788,0," 985","2"," 496",0.260106877541081,0.128508942870772,0.580317903333869,2.39372715750254,NA
"986","NSW1213802",1.81340925416867,0.839013439084535,0," 986","2"," 497",-0.0966011479915265,0.282944289485975,0.742412291093008,2.55582154526168,NA
"987","NSW1214513",1.81340925416867,0.461520076626753,0," 987","2"," 498",0.438773703259651,0.114707682153852,0.900293779886403,2.71370303405507,NA
"988","NSW1411036",1.81340925416867,0.43667366085401,0," 988","2"," 499",-0.367316713370878,0.0945412084691564,0.0693569474831313,1.8827662016518,NA
"989","NSW1214298",1.81340925416867,-0.315906221470472,0," 989","2"," 500",0.259859367431896,0.216647575308262,-0.0560468540385765,1.7573624001301,NA
"990","NSW1214596",1.81340925416867,-0.441573758890767,0," 990","2"," 501",-0.309102117987237,0.305354503524627,-0.750675876878004,1.06273337729067,NA
"991","NSW1411012",1.81340925416867,-0.148248108856179,0," 991","2"," 502",0.0204169219970141,0.141273069770276,-0.127831186859165,1.68557806730951,NA
"992","NSW1214312",1.81340925416867,0.394428822161855,0," 992","2"," 503",-0.69876178061396,0.143835544770058,-0.304332958452105,1.50907629571657,NA
"993","NSW1214572",1.81340925416867,0.537328876203076,0," 993","2"," 504",-0.434896639294171,0.212483508409808,0.102432236908906,1.91584149107758,NA
"994","NSW1214027",1.81340925416867,-0.103331153155307,0," 994","2"," 505",0.0553396486036421,0.118842471698334,-0.0479915045516645,1.76541774961701,NA
"995","NSW1410968",1.81340925416867,-0.181490814594785,0," 995","2"," 506",-0.0429822626032334,0.149197063649163,-0.224473077198019,1.58893617697065,NA
"996","NSW1211108",1.81340925416867,0.444076230621217,0," 996","2"," 507",0.27170921356501,0.0947547551299821,0.715785444186227,2.5291946983549,NA
"997","NSW1213797",1.81340925416867,-0.604881207780945,0," 997","2"," 508",-0.0573724178924124,0.424072685988172,-0.662253625673357,1.15115562849531,NA
"998","NSW1214549",1.81340925416867,0.44944479603248,0," 998","2"," 509",-0.179523772470771,0.129765605979069,0.26992102356171,2.08333027773038,NA
"999","NSW1214634",1.81340925416867,-0.230489371771404,0," 999","2"," 510",0.164761365305595,0.160128411431728,-0.0657280064658089,1.74768124770286,NA
"1000","NSW1214229",1.81340925416867,0.38777439237016,0,"1000","2"," 511",0.134709766593352,0.131536905300788,0.522484158963512,2.33589341313218,NA
"1001","NSW1214108",1.81340925416867,0.497426519306153,0,"1001","2"," 512",-0.0622273427013282,0.116981554277638,0.435199176604824,2.2486084307735,NA
"1002","NSW1211148",1.81340925416867,-0.110103020095189,0,"1002","2"," 513",0.214511297710709,0.138271072606355,0.10440827761552,1.91781753178419,NA
"1003","NSW1214234",1.81340925416867,0.378815795591806,0,"1003","2"," 514",-0.0419984397353221,0.156846589523808,0.336817355856484,2.15022661002516,NA
"1004","NSW1214017",1.81340925416867,0.503818087257105,0,"1004","2"," 515",0.120998016773354,0.149660713272675,0.624816104030459,2.43822535819913,NA
"1005","NSW1214144",1.81340925416867,-0.373333398336388,0,"1005","2"," 516",-0.0990214226241268,0.290323951185011,-0.472354820960515,1.34105443320816,NA
"1006","NSW1213942",1.81340925416867,-0.166162317374508,0,"1006","2"," 517",-0.0143090686330292,0.143189429729687,-0.180471386007537,1.63293786816113,NA
"1007","NSW1213977",1.81340925416867,-0.0688638946276772,0,"1007","2"," 518",-0.771265993960389,0.126813315525003,-0.840129888588066,0.973279365580605,NA
"1008","NSW1211138",1.81340925416867,0.872428695456231,0,"1008","2"," 519",-0.138989330037395,0.26592313651876,0.733439365418836,2.54684861958751,NA
"1009","NSW1214032",1.81340925416867,0.437596084620895,0,"1009","2"," 520",-0.176292396157438,0.11499777727721,0.261303688463456,2.07471294263213,NA
"1010","NSW1213944",1.81340925416867,-0.141267334925142,0,"1010","2"," 521",0.272639532124855,0.125373142251466,0.131372197199713,1.94478145136838,NA
"1011","NSW1214204",1.81340925416867,0.244263857559084,0,"1011","2"," 522",-0.434476180706945,0.168258794224207,-0.19021232314786,1.62319693102081,NA
"1012","NSW1214239",1.81340925416867,0.888227761689131,0,"1012","2"," 523",0.0570316674889695,0.273641290338853,0.945259429178101,2.75866868334677,NA
"1013","NSW1411024",1.81340925416867,0.495836431503102,0,"1013","2"," 524",0.602065659709098,0.123973180429384,1.0979020912122,2.91131134538087,NA
"1014","NSW1214172",1.81340925416867,0.478557773148344,0,"1014","2"," 525",-0.138629740332813,0.114458728859362,0.339928032815531,2.1533372869842,NA
"1015","NSW1211149",1.81340925416867,0.373417047179528,0,"1015","2"," 526",0.377064132443088,0.114168381113742,0.750481179622616,2.56389043379129,NA
"1016","NSW1214209",1.81340925416867,-0.180099689547135,0,"1016","2"," 527",-0.586535342490577,0.182351760858447,-0.766635032037712,1.04677422213096,NA
"1017","NSW1211238",1.81340925416867,0.506971226692985,0,"1017","2"," 528",-0.0519645903381355,0.088683720924046,0.455006636354849,2.26841589052352,NA
"1018","NSW1211151",1.81340925416867,0.752716312138137,0,"1018","2"," 529",-0.0671074061411868,0.290307164070159,0.68560890599695,2.49901816016562,NA
"1019","NSW1214042",1.81340925416867,-0.0920804651537109,0,"1019","2"," 530",0.0156118678256775,0.136013050203709,-0.0764685973280334,1.73694065684064,NA
"1020","NSW1213970",1.81340925416867,0.298073859676823,0,"1020","2"," 531",0.291848295415187,0.116015420256389,0.58992215509201,2.40333140926068,NA
"1021","NSW1213914",1.81340925416867,-0.285359767691273,0,"1021","2"," 532",0.126268087076896,0.259665236632631,-0.159091680614376,1.6543175735543,NA
"1022","NSW1213818",1.81340925416867,-0.222293476212963,0,"1022","2"," 533",0.122559066459886,0.145647300455226,-0.0997344097530776,1.71367484441559,NA
"1023","NSW1211249",1.81340925416867,0.826379162676276,0,"1023","2"," 534",0.276980049868942,0.261457600127619,1.10335921254522,2.91676846671389,NA
"1024","NSW1211122",1.81340925416867,0.38385141747495,0,"1024","2"," 535",0.143136571060669,0.151714285988608,0.526987988535619,2.34039724270429,NA
"1025","NSW1211152",1.81340925416867,-0.128453635447618,0,"1025","2"," 536",-0.661188919722647,0.116187357438692,-0.789642555170265,1.02376669899841,NA
"1026","NSW1214187",1.81340925416867,-0.0684839917068149,0,"1026","2"," 537",-0.564901430543848,0.116826539852724,-0.633385422250663,1.18002383191801,NA
"1027","NSW1214258",1.81340925416867,0.441632376428081,0,"1027","2"," 538",0.116753236814726,0.10936982324978,0.558385613242807,2.37179486741148,NA
"1028","NSW1411011",1.81340925416867,0.586643196332006,0,"1028","2"," 539",-0.0440157904911792,0.169693142572509,0.542627405840827,2.3560366600095,NA
"1029","NSW1410996",1.81340925416867,0.439776505648196,0,"1029","2"," 540",-0.135287334746535,0.110066608173235,0.304489170901661,2.11789842507033,NA
"1030","NSW1214626",1.81340925416867,-0.106914388534759,0,"1030","2"," 541",0.0560708766357208,0.110192215078186,-0.0508435118990378,1.76256574226963,NA
"1031","NSW1214036",1.81340925416867,-0.152424783189033,0,"1031","2"," 542",-0.421570018380021,0.172493387099845,-0.573994801569054,1.23941445259962,NA
"1032","NSW1213962",1.81340925416867,0.486903714156883,0,"1032","2"," 543",0.232809699162451,0.126671204026794,0.719713413319334,2.53312266748801,NA
"1033","NSW1411018",1.81340925416867,-0.287485009325743,0,"1033","2"," 544",0.280253828518819,0.149638847637027,-0.00723118080692403,1.80617807336175,NA
"1034","NSW1410972",1.81340925416867,-0.19738136061894,0,"1034","2"," 545",0.603305381434451,0.134341292473558,0.405924020815511,2.21933327498418,NA
"1035","NSW1213794",1.81340925416867,0.434864004028786,0,"1035","2"," 546",-0.133554330524115,0.109450854259574,0.301309673504671,2.11471892767334,NA
"1036","NSW1214215",1.81340925416867,0.330210835073742,0,"1036","2"," 547",-0.333863976466433,0.13705568507988,-0.0036531413926908,1.80975611277598,NA
"1037","NSW1214016",1.81340925416867,0.465936773631806,0,"1037","2"," 548",-0.0528392383924303,0.119093458554157,0.413097535239375,2.22650678940805,NA
"1038","NSW1214247",1.81340925416867,-0.356280393503782,0,"1038","2"," 549",0.0543885315776183,0.35195593319746,-0.301891861926163,1.51151739224251,NA
"1039","NSW1214534",1.81340925416867,0.62485828489295,0,"1039","2"," 550",-0.225079878271965,0.166686693138104,0.399778406620984,2.21318766078966,NA
"1040","NSW1213945",1.81340925416867,-0.212057147297659,0,"1040","2"," 551",-0.496476626905974,0.176225067428885,-0.708533774203633,1.10487547996504,NA
"1041","NSW1213741",1.81340925416867,-0.254124324837237,0,"1041","2"," 552",-0.550218323310776,0.203194520946098,-0.804342648148012,1.00906660602066,NA
"1042","NSW1211103",1.81340925416867,-0.26114744749951,0,"1042","2"," 553",0.080489028792655,0.19456745820571,-0.180658418706855,1.63275083546182,NA
"1043","NSW1213849",1.81340925416867,0.60694392856068,0,"1043","2"," 554",-0.438898297408532,0.129154860120094,0.168045631152148,1.98145488532082,NA
"1044","NSW1410957",1.81340925416867,-0.134037832730324,0,"1044","2"," 555",-0.331016389020155,0.148808181251978,-0.465054221750478,1.34835503241819,NA
"1045","NSW1213773",1.81340925416867,-0.206355082027136,0,"1045","2"," 556",0.367889393457458,0.132545146100695,0.161534311430321,1.97494356559899,NA
"1046","NSW1214180",1.81340925416867,0.208458582498468,0,"1046","2"," 557",0.303584943818043,0.204349651927176,0.512043526316512,2.32545278048518,NA
"1047","NSW1214026",1.81340925416867,-0.390098854939558,0,"1047","2"," 558",0.0118693847881608,0.197180936318462,-0.378229470151398,1.43517978401727,NA
"1048","NSW1214308",1.81340925416867,-0.191727586302852,0,"1048","2"," 559",0.336977637207542,0.154102921480571,0.14525005090469,1.95865930507336,NA
"1049","NSW1214274",1.81340925416867,0.810064406714829,0,"1049","2"," 560",-0.106752687122069,0.288614015872569,0.70331171959276,2.51672097376143,NA
"1050","NSW1214637",1.81340925416867,0.460780763465979,0,"1050","2"," 561",0.110806023301,0.11485728842688,0.57158678676698,2.38499604093565,NA
"1051","NSW1214642",1.81340925416867,-0.143963059200989,0,"1051","2"," 562",-0.381484483357855,0.128576562901957,-0.525447542558844,1.28796171160983,NA
"1052","NSW1211140",1.81340925416867,0.455209910601418,0,"1052","2"," 563",0.302354676928035,0.0862226429122846,0.757564587529452,2.57097384169812,NA
"1053","NSW1214151",1.81340925416867,-0.174221518919212,0,"1053","2"," 564",-0.0780218252029509,0.341033942691751,-0.252243344122163,1.56116591004651,NA
"1054","NSW1214294",1.81340925416867,0.377179332592441,0,"1054","2"," 565",0.18967625699923,0.114274345361837,0.566855589591671,2.38026484376034,NA
"1055","NSW1214146",1.81340925416867,0.396363579676303,0,"1055","2"," 566",-0.526314532890837,0.132126402560764,-0.129950953214535,1.68345830095414,NA
"1056","NSW1214550",1.81340925416867,0.843188465932485,0,"1056","2"," 567",0.130051886923849,0.286848123031739,0.973240352856333,2.78664960702501,NA
"1057","NSW1211162",1.81340925416867,0.348133854120417,0,"1057","2"," 568",-0.307980816949367,0.146313531765118,0.0401530371710499,1.85356229133972,NA
"1058","NSW1213852",1.81340925416867,0.43852529216761,0,"1058","2"," 569",0.0964020929461518,0.113791867884991,0.534927385113762,2.34833663928243,NA
"1059","NSW1211243",1.81340925416867,0.45927014544386,0,"1059","2"," 570",0.323251435529006,0.0868812510169405,0.782521580972865,2.59593083514154,NA
"1060","NSW1211150",1.81340925416867,0.155144666696157,0,"1060","2"," 571",0.605007632040034,0.210707578201676,0.760152298736191,2.57356155290486,NA
"1061","NSW1211165",1.81340925416867,0.427239559380988,0,"1061","2"," 572",0.147792530326211,0.15974063961527,0.5750320897072,2.38844134387587,NA
"1062","NSW1214242",1.81340925416867,0.187300033464065,0,"1062","2"," 573",0.146037775524982,0.123088884964495,0.333337808989047,2.14674706315772,NA
"1063","NSW1213871",1.81340925416867,-0.358751234256927,0,"1063","2"," 574",0.218355625442246,0.388967547993924,-0.140395608814681,1.67301364535399,NA
"1064","NSW1214545",1.81340925416867,-0.339049980479872,0,"1064","2"," 575",-0.20488994518003,0.187642373745013,-0.543939925659902,1.26946932850877,NA
"1065","NSW1214529",1.81340925416867,-0.244962857495288,0,"1065","2"," 576",0.271722666339628,0.125025971267105,0.0267598088443399,1.84016906301301,NA
"1066","NSW1214521",1.81340925416867,0.811704640406262,0,"1066","2"," 577",-0.296116568145258,0.280395569314645,0.515588072261004,2.32899732642968,NA
"1067","NSW1211250",1.81340925416867,-0.177688599209614,0,"1067","2"," 578",-0.379976319192343,0.144483569491487,-0.557664918401957,1.25574433576671,NA
"1068","NSW1214488",1.81340925416867,-0.236548254286147,0,"1068","2"," 579",-0.345604793466818,0.236447894239714,-0.582153047752965,1.23125620641571,NA
"1069","NSW1214238",1.81340925416867,0.411205584653601,0,"1069","2"," 580",0.152359145324771,0.0922295927728478,0.563564729978372,2.37697398414704,NA
"1070","NSW1411023",1.81340925416867,-0.163476320959256,0,"1070","2"," 581",-0.610682681618101,0.132831651665978,-0.774159002577357,1.03925025159131,NA
"1071","NSW1213749",1.81340925416867,0.406488465729687,0,"1071","2"," 582",-0.237800069888006,0.141482788551199,0.168688395841681,1.98209765001035,NA
"1072","NSW1213748",1.81340925416867,-0.183677251779382,0,"1072","2"," 583",-0.499519046810223,0.126304530363818,-0.683196298589605,1.13021295557907,NA
"1073","NSW1213909",1.81340925416867,0.396104375321311,0,"1073","2"," 584",0.407522324283784,0.135726561035703,0.803626699605094,2.61703595377377,NA
"1074","NSW1213985",1.81340925416867,-0.231731356845851,0,"1074","2"," 585",0.62252291050083,0.121120878975243,0.390791553654979,2.20420080782365,NA
"1075","NSW1410966",1.81340925416867,-0.152424428601417,0,"1075","2"," 586",0.074868820700431,0.143039691862763,-0.0775556079009863,1.73585364626769,NA
"1076","NSW1410967",1.81340925416867,0.36151372960645,0,"1076","2"," 587",-0.112471999281273,0.124219838057439,0.249041730325177,2.06245098449385,NA
"1077","NSW1211161",1.81340925416867,-0.456070396168607,0,"1077","2"," 588",0.157825706959338,0.297494364081339,-0.298244689209269,1.5151645649594,NA
"1078","NSW1213929",1.81340925416867,0.4161252030613,0,"1078","2"," 589",0.283523928844839,0.111488241668514,0.699649131906139,2.51305838607481,NA
"1079","NSW1213862",1.81340925416867,0.452070941676748,0,"1079","2"," 590",-0.692000041762559,0.12145588188147,-0.239929100085811,1.57348015408286,NA
"1080","NSW1213792",1.81340925416867,-0.22856415403213,0,"1080","2"," 591",0.31008528380336,0.136657850880996,0.0815211297712298,1.8949303839399,NA
"1081","NSW1214575",1.81340925416867,0.471630563101502,0,"1081","2"," 592",0.46751815146132,0.0978905287490052,0.939148714562822,2.75255796873149,NA
"1082","NSW1214649",1.81340925416867,0.385133208323958,0,"1082","2"," 593",-0.562699474598822,0.152488055581874,-0.177566266274864,1.63584298789381,NA
"1083","NSW1213982",1.81340925416867,-0.084178298126734,0,"1083","2"," 594",-0.780027260670852,0.144970818478995,-0.864205558797586,0.949203695371086,NA
"1084","NSW1214145",1.81340925416867,-0.168822240817482,0,"1084","2"," 595",0.726901195377372,0.115538465409454,0.55807895455989,2.37148820872856,NA
"1085","NSW1214597",1.81340925416867,0.524698652437807,0,"1085","2"," 596",0.554514932571129,0.0867521333092112,1.07921358500894,2.89262283917761,NA
"1086","NSW1213926",1.81340925416867,0.0408488651699324,0,"1086","2"," 597",-0.631762484607301,0.260432100833074,-0.590913619437369,1.2224956347313,NA
"1087","NSW1213972",1.81340925416867,0.476825111575456,0,"1087","2"," 598",0.333656033596879,0.130125960149053,0.810481145172335,2.62389039934101,NA
"1088","NSW1214537",1.81340925416867,-0.171253530768948,0,"1088","2"," 599",0.426754610366002,0.125471741520239,0.255501079597054,2.06891033376573,NA
"1089","NSW1213947",1.81340925416867,-0.110757796945515,0,"1089","2"," 600",0.11879967019265,0.141506587958081,0.00804187324713496,1.82145112741581,NA
"1090","NSW1214194",1.81340925416867,0.467658969694188,0,"1090","2"," 601",-0.196954320291116,0.119345018213899,0.270704649403072,2.08411390357174,NA
"1091","NSW1214029",1.81340925416867,-0.228821239885563,0,"1091","2"," 602",0.102384017029044,0.126242897922626,-0.126437222856518,1.68697203131215,NA
"1092","NSW1213782",1.81340925416867,0.536014839094461,0,"1092","2"," 603",-0.208195337912814,0.0997932311673211,0.327819501181647,2.14122875535032,NA
"1093","NSW1214057",1.81340925416867,0.472427496707324,0,"1093","2"," 604",-0.0416115815508788,0.0793398707671709,0.430815915156446,2.24422516932512,NA
"1094","NSW1214249",1.81340925416867,0.285396820304849,0,"1094","2"," 605",-0.0571997009776044,0.155788381628987,0.228197119327245,2.04160637349592,NA
"1095","NSW1211241",1.81340925416867,0.308776417222141,0,"1095","2"," 606",0.203956394386658,0.159427929083354,0.512732811608799,2.32614206577747,NA
"1096","NSW1214507",1.81340925416867,-0.111692848339404,0,"1096","2"," 607",-0.107163486666167,0.0874799952699259,-0.218856335005571,1.5945529191631,NA
"1097","NSW1211135",1.81340925416867,-0.088814215018011,0,"1097","2"," 608",-0.962596573487516,0.125562067166868,-1.05141078850553,0.761998465663145,NA
"1098","NSW1214050",1.81340925416867,0.452519672234966,0,"1098","2"," 609",0.233710069586839,0.139550116592057,0.686229741821805,2.49963899599048,NA
"1099","NSW1214535",1.81340925416867,0.625589422760321,0,"1099","2"," 610",-0.201830653115392,0.271565666545252,0.423758769644929,2.2371680238136,NA
"1100","NSW1411030",1.81340925416867,0.532661957618887,0,"1100","2"," 611",-0.302072296270701,0.0936379578887258,0.230589661348187,2.04399891551686,NA
"1101","NSW1211156",1.81340925416867,0.842698103433594,0,"1101","2"," 612",-0.0111423594467288,0.285169370736714,0.831555743986865,2.64496499815554,NA
"1102","NSW1213889",1.81340925416867,0.258910414071147,0,"1102","2"," 613",-0.0228867427093792,0.1635027900216,0.236023671361768,2.04943292553044,NA
"1103","NSW1213892",1.81340925416867,0.529814808892649,0,"1103","2"," 614",0.634411551099762,0.0968887709754623,1.16422635999241,2.97763561416108,NA
"1104","NSW1211086",1.81340925416867,-0.204949619551964,0,"1104","2"," 615",0.192790464332896,0.136926882984216,-0.0121591552190677,1.8012500989496,NA
"1105","NSW1411017",1.81340925416867,0.481929627644272,0,"1105","2"," 616",0.149933660313471,0.116849783294602,0.631863287957743,2.44527254212641,NA
"1106","NSW1213772",1.81340925416867,0.387768588932783,0,"1106","2"," 617",0.333720896363645,0.0906865057651116,0.721489485296428,2.5348987394651,NA
"1107","NSW1213987",1.81340925416867,0.430624747088383,0,"1107","2"," 618",-0.544576610963813,0.101631020286184,-0.11395186387543,1.69945739029324,NA
"1108","NSW1214562",1.81340925416867,0.420579669882569,0,"1108","2"," 619",-0.0523761257299032,0.101001933157642,0.368203544152666,2.18161279832134,NA
"1109","NSW1211094",1.81340925416867,-0.128430257146011,0,"1109","2"," 620",0.552963619415475,0.118948684213789,0.424533362269464,2.23794261643814,NA
"1110","NSW1214193",1.81340925416867,-0.243256796656037,0,"1110","2"," 621",0.18538740740834,0.131236741190519,-0.0578693892476961,1.75553986492098,NA
"1111","NSW1214632",1.81340925416867,-0.183293623817424,0,"1111","2"," 622",-0.913832049751904,0.142756394233738,-1.09712567356933,0.716283580599344,NA
"1112","NSW1214633",1.81340925416867,-0.491891053153047,0,"1112","2"," 623",-0.12210881095292,0.401657396036744,-0.613999864105967,1.1994093900627,NA
"1113","NSW1213884",1.81340925416867,0.717878017083265,0,"1113","2"," 624",-0.234341900984714,0.280891995716738,0.483536116098551,2.29694537026722,NA
"1114","NSW1214263",1.81340925416867,0.478835684972258,0,"1114","2"," 625",0.128247074566058,0.126184664973778,0.607082759538317,2.42049201370699,NA
"1115","NSW1214259",1.81340925416867,0.392225366391792,0,"1115","2"," 626",-0.391842615155307,0.116295916422459,0.000382751236484069,1.81379200540516,NA
"1116","NSW1213876",1.81340925416867,-0.237543375656105,0,"1116","2"," 627",0.031584120116553,0.337415245789248,-0.205959255539552,1.60744999862912,NA
"1117","NSW1213992",1.81340925416867,0.404391447714072,0,"1117","2"," 628",-0.186815562823435,0.158384080239989,0.217575884890637,2.03098513905931,NA
"1118","NSW1214170",1.81340925416867,-0.218796215153658,0,"1118","2"," 629",-0.0935916926497554,0.144662518889052,-0.312387907803414,1.50102134636526,NA
"1119","NSW1214610",1.81340925416867,0.42049180490459,0,"1119","2"," 630",-0.255844234249881,0.105940566616306,0.164647570654709,1.97805682482338,NA
"1120","NSW1213777",1.81340925416867,0.265909172634383,0,"1120","2"," 631",0.184745248778633,0.133790271212705,0.450654421413017,2.26406367558169,NA
"1121","NSW1214019",1.81340925416867,0.403646429126376,0,"1121","2"," 632",0.270821910465699,0.124300345428132,0.674468339592075,2.48787759376075,NA
"1122","NSW1213881",1.81340925416867,-0.126192578836931,0,"1122","2"," 633",-0.0597536170055286,0.322239654400432,-0.18594619584246,1.62746305832621,NA
"1123","NSW1214254",1.81340925416867,-0.140233921467889,0,"1123","2"," 634",-0.664659112221012,0.103084476268301,-0.804893033688901,1.00851622047977,NA
"1124","NSW1211087",1.81340925416867,0.452099203066397,0,"1124","2"," 635",0.576617331296207,0.130385287387544,1.0287165343626,2.84212578853128,NA
"1125","NSW1213949",1.81340925416867,-0.269410662552587,0,"1125","2"," 636",0.610738645693473,0.124189000870551,0.341327983140886,2.15473723730956,NA
"1126","NSW1213767",1.81340925416867,0.840157854223113,0,"1126","2"," 637",0.00737698551829721,0.292925432719894,0.84753483974141,2.66094409391008,NA
"1127","NSW1214520",1.81340925416867,0.425706248010702,0,"1127","2"," 638",0.149763153412529,0.119782153038722,0.575469401423231,2.3888786555919,NA
"1128","NSW1211176",1.81340925416867,-0.237710853378035,0,"1128","2"," 639",0.680079604200355,0.154102507483934,0.44236875082232,2.25577800499099,NA
"1129","NSW1211129",1.81340925416867,-0.117750362324521,0,"1129","2"," 640",-0.614818048874811,0.133394051298713,-0.732568411199332,1.08084084296934,NA
"1130","NSW617635",1.81340925416867,-0.257386266192257,0,"1130","2"," 641",-0.0995554511056233,0.180005734742282,-0.35694171729788,1.45646753687079,NA
"1131","NSW1211160",1.81340925416867,0.390727761945473,0,"1131","2"," 642",0.271030248444871,0.100174459394801,0.661758010390344,2.47516726455902,NA
"1132","NSW1211240",1.81340925416867,-0.121078645075069,0,"1132","2"," 643",-0.304927043403795,0.124610241980894,-0.426005688478864,1.38740356568981,NA
"1133","NSW1214557",1.81340925416867,0.492705773850105,0,"1133","2"," 644",0.404543625738871,0.136649213188228,0.897249399588977,2.71065865375765,NA
"1134","NSW1213811",1.81340925416867,-0.211536338400852,0,"1134","2"," 645",-0.794667726861667,0.133067098527107,-1.00620406526252,0.807205188906153,NA
"1135","NSW1213956",1.81340925416867,0.414346393216328,0,"1135","2"," 646",0.346152523730783,0.107249288382885,0.760498916947111,2.57390817111578,NA
"1136","NSW1213894",1.81340925416867,0.090446689897567,0,"1136","2"," 647",0.189269776313549,0.235821255049152,0.279716466211116,2.09312572037979,NA
"1137","NSW1214264",1.81340925416867,-0.140797883623662,0,"1137","2"," 648",-0.492646433028579,0.122872386119639,-0.633444316652241,1.17996493751643,NA
"1138","NSW1214257",1.81340925416867,0.367499261169069,0,"1138","2"," 649",0.033876177136667,0.109784708458636,0.401375438305736,2.21478469247441,NA
"1139","NSW1214605",1.81340925416867,0.691392108352103,0,"1139","2"," 650",-0.308058882147218,0.312486596011231,0.383333226204885,2.19674248037356,NA
"1140","NSW1213924",1.81340925416867,-0.10135224237316,0,"1140","2"," 651",-0.432188275689409,0.0957348134091217,-0.533540518062569,1.2798687361061,NA
"1141","NSW1214594",1.81340925416867,0.493646963346586,0,"1141","2"," 652",-0.517297194351666,0.090815687891355,-0.0236502310050798,1.78975902316359,NA
"1142","NSW1214212",1.81340925416867,-0.189496657754478,0,"1142","2"," 653",0.4968768426033,0.114829569725492,0.307380184848822,2.12078943901749,NA
"1143","NSW1411034",1.81340925416867,0.397289317526073,0,"1143","2"," 654",-0.082088719496733,0.120514058091267,0.31520059802934,2.12860985219801,NA
"1144","NSW1211221",1.81340925416867,-0.183614803961192,0,"1144","2"," 655",0.328203133086597,0.135571964600102,0.144588329125404,1.95799758329408,NA
"1145","NSW1214635",1.81340925416867,-0.0702635216666161,0,"1145","2"," 656",-0.419290587999701,0.132849919073829,-0.489554109666317,1.32385514450235,NA
"1146","NSW1214498",1.81340925416867,0.523386277466154,0,"1146","2"," 657",0.339505531040257,0.0987209684748179,0.862891808506411,2.67630106267508,NA
"1147","NSW1213867",1.81340925416867,0.508526443490115,0,"1147","2"," 658",0.224059341958927,0.0954178397146312,0.732585785449042,2.54599503961771,NA
"1148","NSW1411038",1.81340925416867,0.511895703962227,0,"1148","2"," 659",0.152873602889978,0.09230934793217,0.664769306852205,2.47817856102088,NA
"1149","NSW1211096",1.81340925416867,-0.204946434308453,0,"1149","2"," 660",0.0966907779041522,0.157160759627021,-0.108255656404301,1.70515359776437,NA
"1150","NSW1214621",1.81340925416867,-0.13212539308139,0,"1150","2"," 661",0.739856998259183,0.150398293085003,0.607731605177793,2.42114085934646,NA
"1151","NSW1214288",1.81340925416867,-0.343133538765531,0,"1151","2"," 662",0.348389699477864,0.169872827296959,0.00525616071233337,1.81866541488101,NA
"1152","NSW1214483",1.81340925416867,0.398586821564777,0,"1152","2"," 663",-0.106936584589332,0.143221594993519,0.291650236975445,2.10505949114412,NA
"1153","NSW1213967",1.81340925416867,0.881307537095921,0,"1153","2"," 664",0.0698569306895531,0.278462321361301,0.951164467785474,2.76457372195415,NA
"1154","NSW1211187",1.81340925416867,0.593014247759713,0,"1154","2"," 665",-0.714571646127014,0.191346549960657,-0.121557398367301,1.69185185580137,NA
"1155","NSW1411029",1.81340925416867,-0.136229518649225,0,"1155","2"," 666",-0.21038534308703,0.137137215440354,-0.346614861736254,1.46679439243242,NA
"1156","NSW1214555",1.81340925416867,-0.208985681317357,0,"1156","2"," 667",0.206154084353158,0.13154199720654,-0.00283159696419982,1.81057765720447,NA
"1157","NSW1211084",1.81340925416867,0.911238521770772,0,"1157","2"," 668",-0.0886884657184713,0.278859366885447,0.822550056052301,2.63595931022097,NA
"1158","NSW1213805",1.81340925416867,-0.268722924025273,0,"1158","2"," 669",0.0563073278011639,0.182778623215961,-0.212415596224109,1.60099365794456,NA
"1159","NSW1211092",1.81340925416867,0.865889828261213,0,"1159","2"," 670",-0.0969409546555085,0.255734992877809,0.768948873605704,2.58235812777438,NA
"1160","NSW1214612",1.81340925416867,0.38764558239562,0,"1160","2"," 671",0.0951662640437251,0.148136911052864,0.482811846439345,2.29622110060802,NA
"1161","NSW1410998",1.81340925416867,0.4840222153643,0,"1161","2"," 672",0.399327454370565,0.127154773583812,0.883349669734865,2.69675892390354,NA
"1162","NSW1213745",1.81340925416867,0.331666454907898,0,"1162","2"," 673",0.363469545670278,0.10754663112162,0.695136000578176,2.50854525474685,NA
"1163","NSW1211177",1.81340925416867,-0.159596514647225,0,"1163","2"," 674",-0.392769171946418,0.215405607960159,-0.552365686593643,1.26104356757503,NA
"1164","NSW1214166",1.81340925416867,0.426547998056934,0,"1164","2"," 675",-0.138887462521397,0.16778105114036,0.287660535535538,2.10106978970421,NA
"1165","NSW1214600",1.81340925416867,-0.18900068483644,0,"1165","2"," 676",-0.207168490161289,0.159927968103426,-0.39616917499773,1.41724007917094,NA
"1166","NSW1214056",1.81340925416867,0.35220797820464,0,"1166","2"," 677",-0.353557019391795,0.15314534671069,-0.00134904118715423,1.81206021298152,NA
"1167","NSW1214484",1.81340925416867,0.473067733888284,0,"1167","2"," 678",-0.123853726076699,0.135903527004972,0.349214007811585,2.16262326198026,NA
"1168","NSW1411013",1.81340925416867,-0.127058915321348,0,"1168","2"," 679",-0.246390961541926,0.127094917340472,-0.373449876863274,1.4399593773054,NA
"1169","NSW1214235",1.81340925416867,0.445758835483981,0,"1169","2"," 680",-0.0277683430026057,0.116788791236712,0.417990492481375,2.23139974665005,NA
"1170","NSW1214553",1.81340925416867,-0.115084193439232,0,"1170","2"," 681",-0.521311655370367,0.106165159531433,-0.6363958488096,1.17701340535907,NA
"1171","NSW1211127",1.81340925416867,0.422069559714112,0,"1171","2"," 682",-0.250925997283352,0.149550967362864,0.17114356243076,1.98455281659943,NA
"1172","NSW1213872",1.81340925416867,-0.17360994819763,0,"1172","2"," 683",-0.244097505399389,0.129406989928271,-0.417707453597019,1.39570180057165,NA
"1173","NSW1213931",1.81340925416867,-0.340234850955099,0,"1173","2"," 684",0.212280824761889,0.179803836997046,-0.12795402619321,1.68545522797546,NA
"1174","NSW1213724",1.81340925416867,-0.390345305482243,0,"1174","2"," 685",0.069819870539456,0.246943403856419,-0.320525434942787,1.49288381922588,NA
"1175","NSW1213824",1.81340925416867,0.841451774121252,0,"1175","2"," 686",0.214074229542375,0.277049940418225,1.05552600366363,2.8689352578323,NA
"1176","NSW1214248",1.81340925416867,-0.12105135508039,0,"1176","2"," 687",0.541641368412808,0.127115112128587,0.420590013332418,2.23399926750109,NA
"1177","NSW1213938",1.81340925416867,0.446288097681648,0,"1177","2"," 688",0.218702131888593,0.0815091352728638,0.664990229570241,2.47839948373891,NA
"1178","NSW1211107",1.81340925416867,0.507658380422476,0,"1178","2"," 689",0.0170475078665784,0.0929018779154996,0.524705888289054,2.33811514245773,NA
"1179","NSW1213837",1.81340925416867,-0.15142858100412,0,"1179","2"," 690",-0.141161146398415,0.145403006141159,-0.292589727402536,1.52081952676614,NA
"1180","NSW1214284",1.81340925416867,-0.0570637041814761,0,"1180","2"," 691",-0.322337291414147,0.288334593105372,-0.379400995595623,1.43400825857305,NA
"1181","NSW1213921",1.81340925416867,-0.084207433178902,0,"1181","2"," 692",-0.325993136405402,0.130938517618477,-0.410200569584304,1.40320868458437,NA
"1182","NSW1214272",1.81340925416867,0.136149085532132,0,"1182","2"," 693",-0.601471831048008,0.228002414233891,-0.465322745515876,1.3480865086528,NA
"1183","NSW1214580",1.81340925416867,-0.223700688048068,0,"1183","2"," 694",0.295468425616966,0.123568378582342,0.0717677375688984,1.88517699173757,NA
"1184","NSW1214571",1.81340925416867,0.551108025797757,0,"1184","2"," 695",0.0923650777828778,0.103361694365184,0.643473103580635,2.45688235774931,NA
"1185","NSW1214103",1.81340925416867,-0.139060874241047,0,"1185","2"," 696",0.170381833496825,0.13247445285856,0.0313209592557778,1.84473021342445,NA
"1186","NSW1214516",1.81340925416867,-0.181175643373492,0,"1186","2"," 697",0.0308333029770149,0.137468883003737,-0.150342340396477,1.66306691377219,NA
"1187","NSW1211211",1.81340925416867,0.503303581993396,0,"1187","2"," 698",0.178083016662284,0.119384206683545,0.68138659865568,2.49479585282435,NA
"1188","NSW1211237",1.81340925416867,-0.242522911093946,0,"1188","2"," 699",0.163425192097367,0.147405516966848,-0.0790977189965796,1.73431153517209,NA
"1189","NSW1411027",1.81340925416867,-0.352057100070576,0,"1189","2"," 700",0.412682660118156,0.164460396371725,0.0606255600475804,1.87403481421625,NA
"1190","NSW1211153",1.81340925416867,-0.114535539279939,0,"1190","2"," 701",0.17888424187675,0.141774861842815,0.0643487025968115,1.87775795676548,NA
"1191","NSW1211158",1.81340925416867,0.444767934507427,0,"1191","2"," 702",-0.32508021795447,0.113376182804118,0.119687716552958,1.93309697072163,NA
"1192","NSW1213950",1.81340925416867,-0.152420358534136,0,"1192","2"," 703",-0.218399163645366,0.135152953591293,-0.370819522179502,1.44258973198917,NA
"1193","NSW1213774",1.81340925416867,-0.168473607267022,0,"1193","2"," 704",-0.217393194427812,0.123313880643492,-0.385866801694834,1.42754245247384,NA
"1194","NSW1214114",1.81340925416867,0.36551087021116,0,"1194","2"," 705",0.102404900227479,0.105543334503122,0.467915770438639,2.28132502460731,NA
"1195","NSW1213905",1.81340925416867,0.520569266150342,0,"1195","2"," 706",0.214331088709022,0.115490107664698,0.734900354859364,2.54830960902804,NA
"1196","NSW1211095",1.81340925416867,0.391800730689546,0,"1196","2"," 707",0.248924073826348,0.105859167880835,0.640724804515894,2.45413405868457,NA
"1197","NSW1214161",1.81340925416867,0.292620265255453,0,"1197","2"," 708",0.0762282124978546,0.150480702696607,0.368848477753307,2.18225773192198,NA
"1198","NSW1211088",1.81340925416867,0.39050762148982,0,"1198","2"," 709",0.308296109022217,0.145170960317116,0.698803730512037,2.51221298468071,NA
"1199","NSW1214002",1.81340925416867,0.857782653579745,0,"1199","2"," 710",0.341125762283419,0.263115939337685,1.19890841586316,3.01231767003184,NA
"1200","NSW1214515",1.81340925416867,-0.0933701538402075,0,"1200","2"," 711",-0.294795358495764,0.133849590026924,-0.388165512335972,1.4252437418327,NA
"1201","NSW1214304",1.81340925416867,-0.132589741809718,0,"1201","2"," 712",-0.269244227525154,0.147166640626993,-0.401833969334873,1.4115752848338,NA
"1202","NSW1214556",1.81340925416867,0.0678267010072626,0,"1202","2"," 713",0.190888074021703,0.220460651939105,0.258714775028966,2.07212402919764,NA
"1203","NSW1411016",1.81340925416867,-0.23566607876078,0,"1203","2"," 714",0.0765102025238531,0.178013903511906,-0.159155876236927,1.65425337793174,NA
"1204","NSW1214202",1.81340925416867,-0.133039498388687,0,"1204","2"," 715",0.567717866510542,0.130560332406086,0.434678368121855,2.24808762229053,NA
"1205","NSW1213735",1.81340925416867,0.369863698397605,0,"1205","2"," 716",0.110048138039061,0.113843636043604,0.479911836436666,2.29332109060534,NA
"1206","NSW1410991",1.81340925416867,-0.17434294264341,0,"1206","2"," 717",0.554514106733307,0.125951348234749,0.380171164089896,2.19358041825857,NA
"1207","NSW1213939",1.81340925416867,-0.181729370473451,0,"1207","2"," 718",-0.46853563602744,0.141896358040611,-0.650265006500891,1.16314424766778,NA
"1208","MLNP_168",1.81340925416867,0.352152270852369,0,"1208","2"," 719",0.217496712964574,0.103965634218519,0.569648983816943,2.38305823798561,NA
"1209","NSW1213912",1.81340925416867,0.375605671608156,0,"1209","2"," 720",0.131223826672927,0.142769580925917,0.506829498281083,2.32023875244975,NA
"1210","MLNP_689",1.81340925416867,0.339404413536288,0,"1210","2"," 721",-0.427373707200148,0.134154562653688,-0.0879692936638602,1.72543996050481,NA
"1211","Cattai_33",1.81340925416867,0.124790796980028,0,"1211","2"," 722",0.0990412373161847,0.110171299411544,0.223832034296213,2.03724128846488,NA
"1212","MLNP_112",1.81340925416867,0.336450288053201,0,"1212","2"," 723",-0.329318824220291,0.130761033318637,0.00713146383291008,1.82054071800158,NA
"1213","HWC_650",1.81340925416867,0.396287507535026,0,"1213","2"," 724",0.0759006419955337,0.113915678023011,0.47218814953056,2.28559740369923,NA
"1214","Cattai_13",1.81340925416867,0.238280207414927,0,"1214","2"," 725",0.498486663602345,0.076122661293211,0.736766871017271,2.55017612518594,NA
"1215","MLNP_114",1.81340925416867,0.274585740424029,0,"1215","2"," 726",-0.207867083219883,0.114362382113121,0.0667186572041455,1.88012791137282,NA
"1216","MLNP_153",1.81340925416867,0.343722660464102,0,"1216","2"," 727",0.39229497375895,0.099427449941632,0.736017634223052,2.54942688839172,NA
"1217","Cattai_482",1.81340925416867,0.186473061538739,0,"1217","2"," 728",-0.324372441565168,0.0935777581613759,-0.137899380026429,1.67550987414224,NA
"1218","Cattai_492",1.81340925416867,0.136702869275585,0,"1218","2"," 729",-0.0381756693779189,0.0949383521408413,0.0985271998976662,1.91193645406634,NA
"1219","NSW1213952",1.81340925416867,0.657623313028155,0,"1219","2"," 730",0.0251994524733464,0.278012886349776,0.682822765501502,2.49623201967017,NA
"1220","HWC_751",1.81340925416867,-0.0826169574953044,0,"1220","2"," 731",-0.212780171623461,0.264095274418698,-0.295397129118766,1.51801212504991,NA
"1221","HWC_776",1.81340925416867,0.490787680486381,0,"1221","2"," 732",-0.0132058460938028,0.12049767397026,0.477581834392578,2.29099108856125,NA
"1222","MLNP_115",1.81340925416867,0.262350565330882,0,"1222","2"," 733",-0.179431727111576,0.131506457098111,0.0829188382193058,1.89632809238798,NA
"1223","NSW1213877",1.81340925416867,-0.175110177470556,0,"1223","2"," 734",0.18830770103398,0.125933981788537,0.0131975235634235,1.8266067777321,NA
"1224","Cattai_622",1.81340925416867,0.140548147356389,0,"1224","2"," 735",0.131865367391585,0.129274556655106,0.272413514747974,2.08582276891665,NA
"1225","Cattai_607",1.81340925416867,0.203793031845945,0,"1225","2"," 736",0.113677681784124,0.0918513776116973,0.317470713630068,2.13087996779874,NA
"1226","MLNP_113",1.81340925416867,0.267973011308833,0,"1226","2"," 737",-0.514570847325529,0.148411285809431,-0.246597836016696,1.56681141815198,NA
"1227","HWC_195",1.81340925416867,0.466927784183221,0,"1227","2"," 738",0.0488320553498375,0.104918086221836,0.515759839533059,2.32916909370173,NA
"1228","Cattai_488",1.81340925416867,0.0660156292711502,0,"1228","2"," 739",-0.0938255843053496,0.123675996461454,-0.0278099550341993,1.78559929913447,NA
"1229","MLNP_651",1.81340925416867,0.508435344875723,0,"1229","2"," 740",0.0494994374010488,0.119327560663912,0.557934782276772,2.37134403644544,NA
"1230","MLNP_166",1.81340925416867,0.381809970566784,0,"1230","2"," 741",-0.00452811680121737,0.12518533480049,0.377281853765567,2.19069110793424,NA
"1231","MLNP_870",1.81340925416867,0.333830635403615,0,"1231","2"," 742",0.408467270688596,0.120360939337448,0.742297906092211,2.55570716026088,NA
"1232","HWC_101",1.81340925416867,0.310589577018697,0,"1232","2"," 743",-1.07677262012648,0.140717968546852,-0.766183043107786,1.04722621106089,NA
"1233","HWC_107",1.81340925416867,0.290476013449696,0,"1233","2"," 744",-0.785431819811617,0.149033677848461,-0.494955806361921,1.31845344780675,NA
"1234","Cattai_14",1.81340925416867,0.138019671670457,0,"1234","2"," 745",0.310195714495439,0.0977132610151296,0.448215386165896,2.26162464033457,NA
"1235","HWC_759",1.81340925416867,0.417949592546683,0,"1235","2"," 746",0.12244893228872,0.110226679327738,0.540398524835403,2.35380777900407,NA
"1236","Cattai_623",1.81340925416867,0.133734255822233,0,"1236","2"," 747",0.167089505289514,0.12523175714818,0.300823761111747,2.11423301528042,NA
"1237","Cattai_542",1.81340925416867,0.210155272074848,0,"1237","2"," 748",0.508684295335938,0.0950409651795344,0.718839567410787,2.53224882157946,NA
"1238","Cattai_52",1.81340925416867,0.161082744275991,0,"1238","2"," 749",-0.0705854249238187,0.102800584478371,0.0904973193521722,1.90390657352084,NA
"1239","Cattai_44",1.81340925416867,0.272452738379095,0,"1239","2"," 750",0.685336339406782,0.0940242426490243,0.957789077785876,2.77119833195455,NA
"1240","HWC_800",1.81340925416867,0.188828470568016,0,"1240","2"," 751",-0.217568802626366,0.180927881226056,-0.02874033205835,1.78466892211032,NA
"1241","Cattai_487",1.81340925416867,0.192430417316441,0,"1241","2"," 752",-0.58528630529473,0.0863645101123219,-0.392855887978289,1.42055336619038,NA
"1242","HWC_193",1.81340925416867,0.438725501798351,0,"1242","2"," 753",-0.024327484666022,0.0924506108585188,0.414398017132329,2.227807271301,NA
"1243","NSW1410987",1.81340925416867,0.436852094852276,0,"1243","2"," 754",0.0062636163384704,0.13640432160264,0.443115711190746,2.25652496535942,NA
"1244","MLNP_461",1.81340925416867,0.286723104875623,0,"1244","2"," 755",-0.148262175371331,0.116724678422507,0.138460929504292,1.95187018367296,NA
"1245","Cattai_496",1.81340925416867,0.143995997049754,0,"1245","2"," 756",-0.120226988517082,0.110383989327298,0.0237690085326723,1.83717826270134,NA
"1246","MLNP_458",1.81340925416867,0.357957453344714,0,"1246","2"," 757",-0.52518467400246,0.111286343834295,-0.167227220657747,1.64618203351093,NA
"1247","NSW1410962",1.81340925416867,-0.178369123321141,0,"1247","2"," 758",-0.370984083163422,0.136879627984453,-0.549353206484563,1.26405604768411,NA
"1248","HWC_502",1.81340925416867,0.374863126810896,0,"1248","2"," 759",0.0179848274136919,0.141525600369371,0.392847954224588,2.20625720839326,NA
"1249","HWC_108",1.81340925416867,0.400367487354022,0,"1249","2"," 760",-0.930259242496742,0.138286417935272,-0.529891755142719,1.28351749902595,NA
"1250","HWC_232",1.81340925416867,0.360667167893824,0,"1250","2"," 761",0.15695410705357,0.115304830330249,0.517621274947394,2.33103052911607,NA
"1251","Cattai_59",1.81340925416867,0.250584342312167,0,"1251","2"," 762",0.269729108107417,0.117222229395837,0.520313450419584,2.33372270458826,NA
"1252","HWC_249",1.81340925416867,0.371724948395848,0,"1252","2"," 763",-0.215947704766027,0.135135076247376,0.155777243629821,1.96918649779849,NA
"1253","HWC_110",1.81340925416867,0.352822766210429,0,"1253","2"," 764",-0.549712315461888,0.142679304779031,-0.196889549251459,1.61651970491721,NA
"1254","HWC_534",1.81340925416867,0.447095029900096,0,"1254","2"," 765",-0.200201110948394,0.116817702793572,0.246893918951702,2.06030317312037,NA
"1255","MLNP_801",1.81340925416867,0.350540224314104,0,"1255","2"," 766",-0.201287182848539,0.0889731776628979,0.149253041465565,1.96266229563424,NA
"1256","MLNP_783",1.81340925416867,0.421765516260499,0,"1256","2"," 767",0.227088098709279,0.127735920487621,0.648853614969778,2.46226286913845,NA
"1257","Cattai_36",1.81340925416867,0.17833889046805,0,"1257","2"," 768",0.243653642645311,0.0879200127730378,0.421992533113361,2.23540178728203,NA
"1258","HWC_761",1.81340925416867,0.411521186769812,0,"1258","2"," 769",-0.637583448365495,0.114840553757673,-0.226062261595684,1.58734699257299,NA
"1259","MLNP_466",1.81340925416867,0.402459804184507,0,"1259","2"," 770",0.0479503034637272,0.109945640432689,0.450410107648234,2.26381936181691,NA
"1260","MLNP_812",1.81340925416867,0.23631780956297,0,"1260","2"," 771",0.130265023461161,0.142051733387536,0.366582833024131,2.1799920871928,NA
"1261","HWC_233",1.81340925416867,0.371365182589313,0,"1261","2"," 772",-0.147857126641704,0.121530555869164,0.223508055947608,2.03691731011628,NA
"1262","Cattai_18",1.81340925416867,0.182211214855795,0,"1262","2"," 773",0.216171723187626,0.0852553324791638,0.398382938043421,2.21179219221209,NA
"1263","HWC_566",1.81340925416867,0.108076629110404,0,"1263","2"," 774",-0.193939259522602,0.104740851978646,-0.085862630412198,1.72754662375647,NA
"1264","Cattai_37",1.81340925416867,0.131179234317336,0,"1264","2"," 775",-0.14110574054141,0.0994687839343371,-0.00992650622407354,1.8034827479446,NA
"1265","HWC_503",1.81340925416867,0.442314341307656,0,"1265","2"," 776",-0.184843529499118,0.124885005214835,0.257470811808538,2.07088006597721,NA
"1266","Cattai_46",1.81340925416867,-0.0554647644476352,0,"1266","2"," 777",0.23463616596337,0.263215976060875,0.179171401515735,1.99258065568441,NA
"1267","MLNP_418",1.81340925416867,0.155033422997993,0,"1267","2"," 778",-0.259077750968278,0.142397350025144,-0.104044327970285,1.70936492619839,NA
"1268","NSW1214647",1.81340925416867,0.498892791224121,0,"1268","2"," 779",0.321218306176281,0.127455963240765,0.820111097400402,2.63352035156907,NA
"1269","MLNP_352",1.81340925416867,0.180920753401218,0,"1269","2"," 780",0.0724074851044234,0.197921130073572,0.253328238505641,2.06673749267431,NA
"1270","Cattai_29",1.81340925416867,0.207061369483664,0,"1270","2"," 781",0.152067865437573,0.0871084978193471,0.359129234921237,2.17253848908991,NA
"1271","MLNP_363",1.81340925416867,0.343050175395289,0,"1271","2"," 782",-0.351681895047922,0.130361536314149,-0.00863171965263343,1.80477753451604,NA
"1272","MLNP_688",1.81340925416867,0.305398598602594,0,"1272","2"," 783",-0.338584305006588,0.105818108537815,-0.0331857064039935,1.78022354776468,NA
"1273","HWC_816",1.81340925416867,0.290174260721106,0,"1273","2"," 784",-0.206823382969264,0.123971517864042,0.083350877751842,1.89676013192051,NA
"1274","Cattai_554",1.81340925416867,0.139385025892702,0,"1274","2"," 785",-0.110350688253231,0.113710959870908,0.0290343376394713,1.84244359180814,NA
"1275","Cattai_538",1.81340925416867,0.181143612872449,0,"1275","2"," 786",-0.0265965944459862,0.114076345824856,0.154547018426463,1.96795627259513,NA
"1276","HWC_649",1.81340925416867,0.199896572922709,0,"1276","2"," 787",-0.524126242789428,0.177939476676075,-0.324229669866719,1.48917958430195,NA
"1277","HWC_111",1.81340925416867,-0.303265334089941,0,"1277","2"," 788",-0.404543769652616,0.36038983833338,-0.707809103742557,1.10560015042611,NA
"1278","Cattai_45",1.81340925416867,0.160558836724956,0,"1278","2"," 789",0.57826558892694,0.0981599720342479,0.738824425651897,2.55223367982057,NA
"1279","MLNP_127",1.81340925416867,0.220933879809575,0,"1279","2"," 790",0.218365691476323,0.134986649110152,0.439299571285898,2.25270882545457,NA
"1280","HWC_819",1.81340925416867,0.192879269176978,0,"1280","2"," 791",-0.073434064841354,0.143776310019227,0.119445204335624,1.9328544585043,NA
"1281","Cattai_30",1.81340925416867,0.287742582169495,0,"1281","2"," 792",-0.363964127923019,0.0932246904860834,-0.0762215457535241,1.73718770841515,NA
"1282","MLNP_317",1.81340925416867,0.273956917133837,0,"1282","2"," 793",0.0271418065635747,0.127981579956132,0.301098723697412,2.11450797786608,NA
"1283","MLNP_463",1.81340925416867,0.344300082476414,0,"1283","2"," 794",0.239943129330221,0.132547320877206,0.584243211806635,2.39765246597531,NA
"1284","HWC_248",1.81340925416867,0.335277471806458,0,"1284","2"," 795",-0.0904527530190508,0.121588595019519,0.244824718787407,2.05823397295608,NA
"1285","Cattai_780",1.81340925416867,0.329639827709861,0,"1285","2"," 796",0.031632577435077,0.163910532616387,0.361272405144938,2.17468165931361,NA
"1286","HWC_504",1.81340925416867,0.459469985165259,0,"1286","2"," 797",0.51786856712475,0.114057334986086,0.977338552290009,2.79074780645868,NA
"1287","MLNP_106",1.81340925416867,0.304762110277482,0,"1287","2"," 798",-0.554447432668327,0.121781009227619,-0.249685322390845,1.56372393177783,NA
"1288","Cattai_541",1.81340925416867,0.0993501962896772,0,"1288","2"," 799",-0.624511803438877,0.10771245075253,-0.5251616071492,1.28824764701947,NA
"1289","MLNP_652",1.81340925416867,0.544108990518866,0,"1289","2"," 800",0.753763977105481,0.122397303803731,1.29787296762435,3.11128222179302,NA
"1290","MLNP_167",1.81340925416867,0.282559760313585,0,"1290","2"," 801",-0.0125211248740638,0.122946173303108,0.270038635439521,2.08344788960819,NA
"1291","Cattai_585",1.81340925416867,0.141992407637831,0,"1291","2"," 802",0.0947487263218434,0.111856788989044,0.236741133959675,2.05015038812835,NA
"1292","Cattai_539",1.81340925416867,0.106389303583904,0,"1292","2"," 803",0.249986406180248,0.116828166408942,0.356375709764152,2.16978496393282,NA
"1293","HWC_172",1.81340925416867,0.355133983919392,0,"1293","2"," 804",-0.52278467840606,0.109103473905711,-0.167650694486667,1.645758559682,NA
"1294","MLNP_471",1.81340925416867,0.373886427790735,0,"1294","2"," 805",0.107988103474609,0.135808996851158,0.481874531265344,2.29528378543402,NA
"1295","Cattai_50",1.81340925416867,0.19158310748753,0,"1295","2"," 806",0.498233459571999,0.10397326341647,0.689816567059529,2.5032258212282,NA
"1296","MLNP_813",1.81340925416867,0.176514480923006,0,"1296","2"," 807",0.100063516909024,0.160432301763752,0.27657799783203,2.0899872520007,NA
"1297","Cattai_552",1.81340925416867,0.20514913853778,0,"1297","2"," 808",0.188217601757759,0.107212001336265,0.393366740295539,2.20677599446421,NA
"1298","MLNP_690",1.81340925416867,0.278181787095677,0,"1298","2"," 809",-0.366949175783491,0.148224466316826,-0.0887673886878147,1.72464186548086,NA
"1299","MLNP_129",1.81340925416867,0.133154904534726,0,"1299","2"," 810",-0.808877316026833,0.198999262249286,-0.675722411492108,1.13768684267656,NA
"1300","MLNP_433",1.81340925416867,0.319495394974161,0,"1300","2"," 811",0.752105533580566,0.116152497305084,1.07160092855473,2.8850101827234,NA
"1301","HWC_531",1.81340925416867,0.463912673402761,0,"1301","2"," 812",-0.250010546563602,0.107952294244448,0.213902126839159,2.02731138100783,NA
"1302","NSW1213795",1.81340925416867,-0.240987952195423,0,"1302","2"," 813",0.187423979410264,0.13598592191358,-0.0535639727851587,1.75984528138351,NA
"1303","HWC_510",1.81340925416867,0.340935280768208,0,"1303","2"," 814",0.328425955804914,0.141183837720391,0.669361236573122,2.48277049074179,NA
"1304","HWC_102",1.81340925416867,0.387243157041407,0,"1304","2"," 815",-0.883842800864222,0.119199768472993,-0.496599643822816,1.31680961034586,NA
"1305","NSW1211251",1.81340925416867,-0.383257086395471,0,"1305","2"," 816",-0.0946455845467322,0.29430644347483,-0.477902670942203,1.33550658322647,NA
"1306","HWC_231",1.81340925416867,0.450459752566814,0,"1306","2"," 817",0.417533723466904,0.120941463586427,0.867993476033718,2.68140273020239,NA
"1307","MLNP_165",1.81340925416867,0.300327112560695,0,"1307","2"," 818",0.236990042954778,0.136025733346981,0.537317155515473,2.35072640968414,NA
"1308","HWC_778",1.81340925416867,0.395435254513119,0,"1308","2"," 819",-0.156393341990099,0.136964739927245,0.23904191252302,2.05245116669169,NA
"1309","NSW1213765",1.81340925416867,-0.176273712358693,0,"1309","2"," 820",-0.704344069601503,0.12856013065251,-0.880617781960196,0.932791472208476,NA
"1310","MLNP_687",1.81340925416867,0.356827253058131,0,"1310","2"," 821",0.241932170044344,0.11354084715261,0.598759423102474,2.41216867727115,NA
"1311","MLNP_882",1.81340925416867,0.299097835849347,0,"1311","2"," 822",-0.406461348969496,0.116176990691859,-0.107363513120148,1.70604574104852,NA
"1312","MLNP_898",1.81340925416867,0.274441131619818,0,"1312","2"," 823",0.303987524944633,0.0794942736946659,0.578428656564451,2.39183791073312,NA
"1313","Cattai_560",1.81340925416867,0.155131810973447,0,"1313","2"," 824",0.150040382764571,0.116311523570701,0.305172193738017,2.11858144790669,NA
"1314","HWC_841",1.81340925416867,0.366753884668973,0,"1314","2"," 825",0.293599597557081,0.129280867721982,0.660353482226055,2.47376273639473,NA
"1315","HWC_103",1.81340925416867,0.289099365904215,0,"1315","2"," 826",0.0863547120569689,0.159763322939787,0.375454077961184,2.18886333212986,NA
"1316","HWC_530",1.81340925416867,0.426899190468847,0,"1316","2"," 827",-0.0724001235618382,0.110788594645206,0.354499066907009,2.16790832107568,NA
"1317","HWC_752",1.81340925416867,0.360479075147068,0,"1317","2"," 828",-0.657565288175745,0.152822050005875,-0.297086213028677,1.51632304113999,NA
"1318","Cattai_84",1.81340925416867,0.15165460273559,0,"1318","2"," 829",-0.398496319444015,0.134198547551554,-0.246841716708426,1.56656753746025,NA
"1319","MLNP_164",1.81340925416867,0.266443514524054,0,"1319","2"," 830",0.14700042852393,0.121027830919684,0.413443943047984,2.22685319721666,NA
"1320","HWC_196",1.81340925416867,0.482826892329101,0,"1320","2"," 831",0.204510464806924,0.11747478030308,0.687337357136026,2.5007466113047,NA
"1321","NSW1213766",1.81340925416867,0.448084717071053,0,"1321","2"," 832",0.393981839420861,0.120884632605586,0.842066556491914,2.65547581066059,NA
"1322","Cattai_540",1.81340925416867,0.238636050062143,0,"1322","2"," 833",0.197348807701927,0.0858067462498655,0.435984857764069,2.24939411193274,NA
"1323","NSW1213750",1.81340925416867,0.667548837573868,0,"1323","2"," 834",0.0557706922551578,0.302487797062035,0.723319529829026,2.5367287839977,NA
"1324","NSW1214548",1.81340925416867,0.407735161006885,0,"1324","2"," 835",0.585975585743198,0.109080871284457,0.993710746750083,2.80712000091876,NA
"1325","HWC_836",1.81340925416867,0.335397749674263,0,"1325","2"," 836",0.0489051535400479,0.0993815351827319,0.384302903214311,2.19771215738298,NA
"1326","HWC_799",1.81340925416867,0.416584445425114,0,"1326","2"," 837",-0.339332856278027,0.135339685767426,0.0772515891470872,1.89066084331576,NA
"1327","MLNP_459",1.81340925416867,0.398821088395812,0,"1327","2"," 838",-0.727678046102775,0.10545960903533,-0.328856957706963,1.48455229646171,NA
"1328","Cattai_556",1.81340925416867,0.280304291411956,0,"1328","2"," 839",0.652845314918735,0.0950338315323079,0.933149606330691,2.74655886049936,NA
"1329","Cattai_550",1.81340925416867,0.153960184688028,0,"1329","2"," 840",0.158571795246755,0.08524047020538,0.312531979934782,2.12594123410345,NA
"1330","HWC_197",1.81340925416867,0.299148496932233,0,"1330","2"," 841",-0.0519616827597222,0.160712232647156,0.247186814172511,2.06059606834118,NA
"1331","Cattai_577",1.81340925416867,0.252393593453363,0,"1331","2"," 842",-0.153199136745438,0.0899645445178745,0.0991944567079247,1.9126037108766,NA
"1332","NSW1213755",1.81340925416867,-0.109409742556895,0,"1332","2"," 843",-0.223327714842056,0.130536926067302,-0.332737457398951,1.48067179676972,NA
"1333","HWC_775",1.81340925416867,0.304381201389148,0,"1333","2"," 844",-0.406131471816389,0.087604427247634,-0.101750270427241,1.71165898374143,NA
"1334","Cattai_497",1.81340925416867,0.210209337179693,0,"1334","2"," 845",0.0422832241734151,0.0992314168113459,0.252492561353108,2.06590181552178,NA
"1335","HWC_754",1.81340925416867,0.388231535995101,0,"1335","2"," 846",-0.197916477731756,0.130936367211091,0.190315058263345,2.00372431243202,NA
"1336","HWC_190",1.81340925416867,0.329731986259161,0,"1336","2"," 847",-0.60614270157697,0.0970056626225854,-0.276410715317809,1.53699853885086,NA
"1337","HWC_760",1.81340925416867,0.396636601497148,0,"1337","2"," 848",-0.0729419414433813,0.107538932258819,0.323694660053767,2.13710391422244,NA
"1338","NSW1214552",1.81340925416867,-0.292435131878874,0,"1338","2"," 849",0.236501283441935,0.145747495986327,-0.0559338484369385,1.75747540573173,NA
"1339","Cattai_746",1.81340925416867,0.165038708642744,0,"1339","2"," 850",-0.327183318740269,0.115711778922646,-0.162144610097525,1.65126464407115,NA
"1340","NSW1411028",1.81340925416867,0.356116718683531,0,"1340","2"," 851",0.185472893840769,0.136125752678444,0.5415896125243,2.35499886669297,NA
"1341","NSW1211111",1.81340925416867,0.350593455984676,0,"1341","2"," 852",-0.176839953603652,0.128505488521155,0.173753502381024,1.9871627565497,NA
"1342","Cattai_481",1.81340925416867,0.185046874736209,0,"1342","2"," 853",-0.334002649194413,0.0825412847204799,-0.148955774458204,1.66445347971047,NA
"1343","HWC_230",1.81340925416867,-0.188946520324176,0,"1343","2"," 854",0.620730954720628,0.130518221175234,0.431784434396452,2.24519368856512,NA
"1344","HWC_229",1.81340925416867,-0.187420097153704,0,"1344","2"," 855",0.343757610140344,0.146964112587011,0.15633751298664,1.96974676715531,NA
"1345","HWC_171",1.81340925416867,0.334698389832315,0,"1345","2"," 856",-1.09978137036059,0.0986138239343389,-0.765082980528276,1.0483262736404,NA
"1346","MLNP_782",1.81340925416867,0.407788134016895,0,"1346","2"," 857",0.22634146103753,0.100691705954137,0.634129595054425,2.4475388492231,NA
"1347","HWC_224",1.81340925416867,-0.0659102015677385,0,"1347","2"," 858",0.571886708885843,0.144751200360379,0.505976507318105,2.31938576148678,NA
"1348","MLNP_380",1.81340925416867,0.416262429950441,0,"1348","2"," 859",-0.306106672124887,0.104537625728933,0.110155757825554,1.92356501199423,NA
"1349","Cattai_31",1.81340925416867,0.0901504215362127,0,"1349","2"," 860",0.228237601161415,0.132370399874005,0.318388022697628,2.1317972768663,NA
"1350","Cattai_34",1.81340925416867,0.131115824260942,0,"1350","2"," 861",0.217696068978814,0.102117416855388,0.348811893239756,2.16222114740843,NA
"1351","MLNP_894",1.81340925416867,-0.506384694362555,0,"1351","2"," 862",-0.0570321602927736,0.435317285847431,-0.563416854655328,1.24999239951334,NA
"1352","MLNP_312",1.81340925416867,0.275152494687288,0,"1352","2"," 863",-0.210138549664183,0.110479616382158,0.0650139450231046,1.87842319919178,NA
"1353","HWC_104",1.81340925416867,0.347268803162357,0,"1353","2"," 864",-0.456236159127022,0.142096959714983,-0.108967355964664,1.70444189820401,NA
"1354","NSW1211257",1.81340925416867,-0.184692922797802,0,"1354","2"," 865",-0.474240125467656,0.157838024197001,-0.658933048265458,1.15447620590321,NA
"1355","NSW1214533",1.81340925416867,0.290909539073967,0,"1355","2"," 866",-0.0884316467453524,0.115753313046783,0.202477892328614,2.01588714649729,NA
"1356","NSW1213760",1.81340925416867,0.263350683218765,0,"1356","2"," 867",-0.375389038691136,0.362858463939974,-0.112038355472371,1.7013708986963,NA
"1357","HWC_774",1.81340925416867,0.341120676728717,0,"1357","2"," 868",-0.188927385913436,0.116976313985908,0.15219329081528,1.96560254498395,NA
"1358","NSW1214532",1.81340925416867,0.360620732122131,0,"1358","2"," 869",0.0303174611652723,0.349604328253655,0.390938193287403,2.20434744745607,NA
"1359","MLNP_413",1.81340925416867,0.316752185780825,0,"1359","2"," 870",0.0560129794637402,0.111370340031172,0.372765165244565,2.18617441941324,NA
"1360","Cattai_78",1.81340925416867,0.220212191405576,0,"1360","2"," 871",0.172730936221191,0.096765693778045,0.392943127626768,2.20635238179544,NA
"1361","MLNP_859",1.81340925416867,0.234312304325758,0,"1361","2"," 872",0.14774451670053,0.110754752847492,0.382056821026288,2.19546607519496,NA
"1362","MLNP_136",1.81340925416867,0.302899264212999,0,"1362","2"," 873",-0.380564641538997,0.101165869577095,-0.0776653773259984,1.73574387684267,NA
"1363","MLNP_686",1.81340925416867,0.309850555997845,0,"1363","2"," 874",-0.335998368843546,0.131384172333906,-0.0261478128457012,1.78726144132297,NA
"1364","Cattai_80",1.81340925416867,0.149218195075772,0,"1364","2"," 875",-0.189064654367963,0.102440109276291,-0.0398464592921908,1.77356279487648,NA
"1365","HWC_225",1.81340925416867,-0.191110999603441,0,"1365","2"," 876",0.0685619937159373,0.137292097713525,-0.122549005887504,1.69086024828117,NA
"1366","MLNP_480",1.81340925416867,0.328189730861683,0,"1366","2"," 877",-0.0720220671186681,0.123855093461176,0.256167663743015,2.06957691791169,NA
"1367","MLNP_781",1.81340925416867,0.355713632025363,0,"1367","2"," 878",0.160589161379213,0.11861502687477,0.516302793404576,2.32971204757325,NA
"1368","HWC_511",1.81340925416867,0.346905550946106,0,"1368","2"," 879",0.19966579275867,0.122735674937327,0.546571343704775,2.35998059787345,NA
"1369","Cattai_571",1.81340925416867,0.196874099057159,0,"1369","2"," 880",0.660422941744939,0.108777711925836,0.857297040802097,2.67070629497077,NA
"1370","NSW1213927",1.81340925416867,-0.495741314107506,0,"1370","2"," 881",0.071706033558021,0.350722483177784,-0.424035280549485,1.38937397361919,NA
"1371","MLNP_311",1.81340925416867,0.246151071681572,0,"1371","2"," 882",-0.482321046180827,0.147702479695463,-0.236169974499255,1.57723927966942,NA
"1372","HWC_648",1.81340925416867,0.353800258651006,0,"1372","2"," 883",0.0869965232689573,0.114344602100978,0.440796781919963,2.25420603608863,NA
"1373","HWC_798",1.81340925416867,0.350770749180775,0,"1373","2"," 884",0.209549562111255,0.115247795749193,0.56032031129203,2.3737295654607,NA
"1374","HWC_173",1.81340925416867,0.408108475455733,0,"1374","2"," 885",0.0651741853547749,0.10034426835619,0.473282660810508,2.28669191497918,NA
"1375","HWC_527",1.81340925416867,0.326067253152861,0,"1375","2"," 886",0.115894353442711,0.107947310669241,0.441961606595572,2.25537086076424,NA
"1376","HWC_505",1.81340925416867,0.322271514184951,0,"1376","2"," 887",0.132911832432183,0.121138528529275,0.455183346617133,2.26859260078581,NA
"1377","HWC_509",1.81340925416867,0.34210363225702,0,"1377","2"," 888",0.212927952434735,0.127261598010493,0.555031584691756,2.36844083886043,NA
"1378","MLNP_657",1.81340925416867,0.446531814554362,0,"1378","2"," 889",-0.0799139652321524,0.137518910791724,0.36661784932221,2.18002710349088,NA
"1379","MLNP_470",1.81340925416867,-0.497013577735302,0,"1379","2"," 890",-0.160104255807364,0.422019251429349,-0.657117833542666,1.15629142062601,NA
"1380","Cattai_574",1.81340925416867,0.214542812926106,0,"1380","2"," 891",0.149093150976242,0.10588214162769,0.363635963902348,2.17704521807102,NA
"1381","MLNP_895",1.81340925416867,0.201046593537656,0,"1381","2"," 892",-0.822437297361186,0.131299967777781,-0.62139070382353,1.19201855034514,NA
"1382","MLNP_435",1.81340925416867,0.287028461093257,0,"1382","2"," 893",0.290103998748527,0.114045441455463,0.577132459841784,2.39054171401046,NA
"1383","NSW1214220",1.81340925416867,0.879305432147823,0,"1383","2"," 894",-0.216628700833905,0.276448076381861,0.662676731313919,2.47608598548259,NA
"1384","HWC_532",1.81340925416867,0.205817890353966,0,"1384","2"," 895",-0.0925975949018581,0.0784285768789777,0.113220295452108,1.92662954962078,NA
"1385","HWC_771",1.81340925416867,0.401082349987662,0,"1385","2"," 896",0.282862067216473,0.113874512479783,0.683944417204135,2.49735367137281,NA
"1386","MLNP_478",1.81340925416867,0.351932754543909,0,"1386","2"," 897",-0.148054989539068,0.134289054930575,0.203877765004841,2.01728701917351,NA
"1387","HWC_192",1.81340925416867,0.467190387552486,0,"1387","2"," 898",0.175889430443341,0.116231793326078,0.643079817995827,2.4564890721645,NA
"1388","Cattai_617",1.81340925416867,0.0895332647024958,0,"1388","2"," 899",-0.239816171661159,0.140074139157876,-0.150282906958663,1.66312634721001,NA
"1389","MLNP_154",1.81340925416867,0.222497726361019,0,"1389","2"," 900",0.0553715994965135,0.129070229094816,0.277869325857532,2.0912785800262,NA
"1390","MLNP_815",1.81340925416867,0.318501186153646,0,"1390","2"," 901",0.446076842375985,0.131861706988295,0.764578028529631,2.5779872826983,NA
"1391","Cattai_580",1.81340925416867,0.176059455737867,0,"1391","2"," 902",-0.584882716487406,0.12476170420525,-0.408823260749538,1.40458599341913,NA
"1392","Cattai_83",1.81340925416867,0.17547042629366,0,"1392","2"," 903",-0.187812781410697,0.114352639161136,-0.0123423551170369,1.80106689905163,NA
"1393","HWC_762",1.81340925416867,0.413791823076595,0,"1393","2"," 904",-0.084893644971947,0.114568194743161,0.328898178104648,2.14230743227332,NA
"1394","HWC_183",1.81340925416867,0.307106370640769,0,"1394","2"," 905",0.0512650703584379,0.144158516746486,0.358371440999207,2.17178069516788,NA
"1395","Cattai_26",1.81340925416867,0.205881100415635,0,"1395","2"," 906",0.0364947708836638,0.0953019080368665,0.242375871299299,2.05578512546797,NA
"1396","HWC_835",1.81340925416867,0.306602804355295,0,"1396","2"," 907",-0.376311474256174,0.102065089725093,-0.0697086699008787,1.74370058426779,NA
"1397","Cattai_495",1.81340925416867,0.0706616238001202,0,"1397","2"," 908",-0.443960559200811,0.130350806599901,-0.373298935400691,1.44011031876798,NA
"1398","HWC_506",1.81340925416867,0.295347834418178,0,"1398","2"," 909",0.229050330656326,0.148349332759404,0.524398165074504,2.33780741924318,NA
"1399","HWC_201",1.81340925416867,0.450851456305093,0,"1399","2"," 910",0.0616374705075473,0.0947938615229683,0.512488926812641,2.32589818098131,NA
"1400","MLNP_302",1.81340925416867,0.246941316739488,0,"1400","2"," 911",-0.373346975491122,0.110951668139438,-0.126405658751634,1.68700359541704,NA
"1401","MLNP_318",1.81340925416867,0.229321081562284,0,"1401","2"," 912",-0.566360056597107,0.122215394258612,-0.337038975034822,1.47637027913385,NA
"1402","Cattai_483",1.81340925416867,0.16658159575652,0,"1402","2"," 913",0.0458913491444375,0.0916506169535318,0.212472944900958,2.02588219906963,NA
"1403","MLNP_885",1.81340925416867,0.33795827691587,0,"1403","2"," 914",-0.128919846156783,0.0967553789205331,0.209038430759087,2.02244768492776,NA
"1404","MLNP_303",1.81340925416867,0.357075383198982,0,"1404","2"," 915",-0.597870982006793,0.109834319595149,-0.240795598807811,1.57261365536086,NA
"1405","MLNP_666",1.81340925416867,0.810019255019199,0,"1405","2"," 916",0.215513796536877,0.278115604737536,1.02553305155608,2.83894230572475,NA
"1406","HWC_180",1.81340925416867,0.293195038293332,0,"1406","2"," 917",-0.00696295886748946,0.101314898945506,0.286232079425842,2.09964133359451,NA
"1407","MLNP_656",1.81340925416867,0.504030835858362,0,"1407","2"," 918",0.581968328949381,0.102525588171224,1.08599916480774,2.89940841897641,NA
"1408","MLNP_162",1.81340925416867,0.260503524077023,0,"1408","2"," 919",-0.230206129176147,0.11185505079041,0.0302973949008754,1.84370664906955,NA
"1409","Cattai_35",1.81340925416867,0.0397662467104206,0,"1409","2"," 920",-0.071941467686831,0.123380434530781,-0.0321752209764104,1.78123403319226,NA
"1410","Cattai_27",1.81340925416867,0.204522881209448,0,"1410","2"," 921",-0.0225785648357973,0.0964073295304554,0.181944316373651,1.99535357054232,NA
"1411","Cattai_28",1.81340925416867,0.159873823698061,0,"1411","2"," 922",0.302608626132791,0.0849859259367581,0.462482449830852,2.27589170399952,NA
"1412","MLNP_659",1.81340925416867,0.40684912891004,0,"1412","2"," 923",-0.0105146488356569,0.122984840930248,0.396334480074383,2.20974373424305,NA
"1413","MLNP_437",1.81340925416867,0.23817751824906,0,"1413","2"," 924",0.755631354240984,0.133071206188106,0.993808872490045,2.80721812665872,NA
"1414","HWC_535",1.81340925416867,0.386282677513479,0,"1414","2"," 925",-0.0992700050322753,0.133843982963801,0.287012672481203,2.10042192664987,NA
"1415","MLNP_665",1.81340925416867,0.240554030987557,0,"1415","2"," 926",-0.49674816798758,0.191908392600738,-0.256194137000023,1.55721511716865,NA
"1416","MLNP_160",1.81340925416867,0.40069511102853,0,"1416","2"," 927",-0.108420639716164,0.118430844016981,0.292274471312366,2.10568372548104,NA
"1417","MLNP_429",1.81340925416867,0.211255209854855,0,"1417","2"," 928",0.909344173976223,0.134612922001605,1.12059938383108,2.93400863799975,NA
"1418","MLNP_663",1.81340925416867,0.382791472100061,0,"1418","2"," 929",-0.085135641974272,0.110472554381031,0.297655830125789,2.11106508429446,NA
"1419","MLNP_315",1.81340925416867,0.275874262685601,0,"1419","2"," 930",0.133239880832113,0.123634108448752,0.409114143517714,2.22252339768639,NA
"1420","NSW1213882",1.81340925416867,-0.156724289812692,0,"1420","2"," 931",0.277509546552055,0.154116662296811,0.120785256739363,1.93419451090804,NA
"1421","MLNP_417",1.81340925416867,0.184262861820814,0,"1421","2"," 932",-0.664944638833714,0.137089667446321,-0.4806817770129,1.33272747715577,NA
"1422","Cattai_25",1.81340925416867,0.138333374379809,0,"1422","2"," 933",0.366697301850569,0.0946111347083129,0.505030676230378,2.31843993039905,NA
"1423","MLNP_307",1.81340925416867,0.407202614293196,0,"1423","2"," 934",-0.144681900645103,0.100133033628884,0.262520713648093,2.07592996781676,NA
"1424","HWC_242",1.81340925416867,0.426004360332133,0,"1424","2"," 935",0.0331052337462218,0.114477575786226,0.459109594078355,2.27251884824703,NA
"1425","Cattai_575",1.81340925416867,0.203797458756698,0,"1425","2"," 936",0.267333410332648,0.0984456983408339,0.471130869089347,2.28454012325802,NA
"1426","MLNP_887",1.81340925416867,0.315546386902769,0,"1426","2"," 937",-0.351259655147857,0.124455027508358,-0.0357132682450876,1.77769598592358,NA
"1427","MLNP_453",1.81340925416867,0.251339123801152,0,"1427","2"," 938",-0.354012633211331,0.11825489907167,-0.10267350941018,1.71073574475849,NA
"1428","HWC_843",1.81340925416867,0.36268765252414,0,"1428","2"," 939",0.32804212738187,0.0878452496665839,0.69072977990601,2.50413903407468,NA
"1429","HWC_533",1.81340925416867,0.382313734160404,0,"1429","2"," 940",-0.18618946700686,0.122852801898266,0.196124267153544,2.00953352132221,NA
"1430","HWC_844",1.81340925416867,0.490391746647807,0,"1430","2"," 941",0.212624943764109,0.122841062135573,0.703016690411915,2.51642594458059,NA
"1431","MLNP_660",1.81340925416867,0.481754550434937,0,"1431","2"," 942",0.0235567585630217,0.119934014380827,0.505311308997959,2.31872056316663,NA
"1432","MLNP_430",1.81340925416867,0.164478097070853,0,"1432","2"," 943",0.712224030065307,0.130319280564994,0.87670212713616,2.69011138130483,NA
"1433","HWC_820",1.81340925416867,0.309035687240809,0,"1433","2"," 944",-0.201090007517572,0.113260823657861,0.107945679723237,1.92135493389191,NA
"1434","MLNP_661",1.81340925416867,0.48124698475666,0,"1434","2"," 945",-0.16148677260774,0.13254137224757,0.31976021214892,2.13316946631759,NA
"1435","Cattai_498",1.81340925416867,0.171766617219871,0,"1435","2"," 946",-0.107627173371641,0.111989547344773,0.0641394438482299,1.8775486980169,NA
"1436","HWC_507",1.81340925416867,0.352134082678842,0,"1436","2"," 947",0.452437089786903,0.128843043062537,0.804571172465745,2.61798042663442,NA
"1437","MLNP_892",1.81340925416867,0.276523805321088,0,"1437","2"," 948",-0.322476303909587,0.0999419719238386,-0.045952498588499,1.76745675558017,NA
"1438","MLNP_454",1.81340925416867,0.321579664098587,0,"1438","2"," 949",-0.235682092727052,0.0814990272407663,0.085897571371535,1.89930682554021,NA
"1439","MLNP_658",1.81340925416867,0.5016584195549,0,"1439","2"," 950",-0.0694605187300459,0.090869901348361,0.432197900824854,2.24560715499353,NA
"1440","Cattai_581",1.81340925416867,0.221248954624129,0,"1440","2"," 951",0.533370705474185,0.0722211546598694,0.754619660098315,2.56802891426699,NA
"1441","Cattai_32",1.81340925416867,0.142137442163872,0,"1441","2"," 952",0.65191598518684,0.104804084369773,0.794053427350712,2.60746268151938,NA
"1442","MLNP_469",1.81340925416867,0.341139034948148,0,"1442","2"," 953",-0.315700693352693,0.0923748292863391,0.0254383415954546,1.83884759576413,NA
"1443","Cattai_60",1.81340925416867,0.143319388963969,0,"1443","2"," 954",0.470728768543532,0.132295818207481,0.614048157507501,2.42745741167617,NA
"1444","HWC_772",1.81340925416867,0.26078378084087,0,"1444","2"," 955",-0.199604428300726,0.138368332138042,0.0611793525401436,1.87458860670882,NA
"1445","Cattai_16",1.81340925416867,0.178505038297185,0,"1445","2"," 956",0.29474987249811,0.116431659232246,0.473254910795295,2.28666416496397,NA
"1446","MLNP_479",1.81340925416867,0.382406372781159,0,"1446","2"," 957",-0.0796754161427005,0.119110633017367,0.302730956638459,2.11614021080713,NA
"1447","MLNP_308",1.81340925416867,0.256380242146826,0,"1447","2"," 958",-0.33115868488573,0.109442386187606,-0.0747784427389032,1.73863081142977,NA
"1448","HWC_188",1.81340925416867,0.26795541145707,0,"1448","2"," 959",-0.370869582441044,0.118497486670818,-0.102914170983974,1.7104950831847,NA
"1449","Cattai_555",1.81340925416867,0.159323560632512,0,"1449","2"," 960",0.560406573461261,0.112166878511062,0.719730134093773,2.53313938826244,NA
"1450","Cattai_583",1.81340925416867,0.273018067553953,0,"1450","2"," 961",0.197222642031647,0.0909727577140072,0.4702407095856,2.28364996375427,NA
"1451","HWC_198",1.81340925416867,0.423659392056613,0,"1451","2"," 962",-0.260778248835089,0.129569367191312,0.162881143221524,1.9762903973902,NA
"1452","MLNP_664",1.81340925416867,0.478699017840171,0,"1452","2"," 963",0.483045474719283,0.104323423072263,0.961744492559454,2.77515374672813,NA
"1453","Cattai_21",1.81340925416867,0.17009886142878,0,"1453","2"," 964",0.165227059129689,0.0865825512862021,0.335325920558468,2.14873517472714,NA
"1454","MLNP_662",1.81340925416867,0.48041878858139,0,"1454","2"," 965",0.146848754448671,0.0932153643170269,0.627267543030061,2.44067679719873,NA
"1455","MLNP_161",1.81340925416867,0.372017073241409,0,"1455","2"," 966",-0.216990216419714,0.107299337860948,0.155026856821695,1.96843611099037,NA
"1456","HWC_191",1.81340925416867,0.504129783683821,0,"1456","2"," 967",0.204108152182874,0.106491820303777,0.708237935866694,2.52164719003537,NA
"1457","Cattai_557",1.81340925416867,0.224885135977145,0,"1457","2"," 968",0.70519283809383,0.0919190043442256,0.930077974070975,2.74348722823965,NA
"1458","NSW1214216",1.81340925416867,0.501758191153234,0,"1458","2"," 969",0.0509580941919916,0.0951798245460833,0.552716285345226,2.3661255395139,NA
"1459","HWC_186",1.81340925416867,0.349123111820077,0,"1459","2"," 970",-0.804497236592926,0.120274035743304,-0.455374124772849,1.35803512939582,NA
"1460","MLNP_476",1.81340925416867,0.438055153842992,0,"1460","2"," 971",-0.300582350793801,0.0925700859893865,0.137472803049191,1.95088205721786,NA
"1461","Cattai_500",1.81340925416867,0.282008154266885,0,"1461","2"," 972",-0.209321603130909,0.0908198207614347,0.0726865511359764,1.88609580530465,NA
"1462","Cattai_24",1.81340925416867,0.0598793951113531,0,"1462","2"," 973",-0.0941176249731788,0.114417039907736,-0.0342382298618257,1.77917102430685,NA
"1463","HWC_184",1.81340925416867,0.29086539414851,0,"1463","2"," 974",-0.634625974190521,0.133974119907694,-0.343760580042011,1.46964867412666,NA
"1464","Cattai_493",1.81340925416867,0.236237647703479,0,"1464","2"," 975",-0.0837163528406946,0.0900321443606393,0.152521294862785,1.96593054903146,NA
"1465","MLNP_304",1.81340925416867,0.262029891908129,0,"1465","2"," 976",0.255121702830589,0.144414846938062,0.517151594738718,2.33056084890739,NA
"1466","MLNP_314",1.81340925416867,0.328895559086205,0,"1466","2"," 977",0.012123299139496,0.112275153833444,0.341018858225701,2.15442811239437,NA
"1467","MLNP_884",1.81340925416867,0.336644537913447,0,"1467","2"," 978",-0.99523638312217,0.123393490706468,-0.658591845208723,1.15481740895995,NA
"1468","MLNP_416",1.81340925416867,0.231880843260772,0,"1468","2"," 979",-0.499739794481459,0.131764293334034,-0.267858951220687,1.54555030294798,NA
"1469","MLNP_310",1.81340925416867,0.167647364323605,0,"1469","2"," 980",-0.0909066020158772,0.199169658697375,0.0767407623077275,1.8901500164764,NA
"1470","NSW1214560",1.81340925416867,-0.22323872549506,0,"1470","2"," 981",0.395163445646984,0.129555517974851,0.171924720151924,1.9853339743206,NA
"1471","MLNP_888",1.81340925416867,0.322193908850108,0,"1471","2"," 982",0.144643923801197,0.0994416186732127,0.466837832651304,2.28024708681998,NA
"1472","MLNP_157",1.81340925416867,0.435108122938976,0,"1472","2"," 983",-0.167679586325631,0.0846070882374653,0.267428536613345,2.08083779078202,NA
"1473","MLNP_473",1.81340925416867,0.331934886777739,0,"1473","2"," 984",0.176402034889246,0.157200692033964,0.508336921666985,2.32174617583566,NA
"1474","HWC_182",1.81340925416867,0.33686785171801,0,"1474","2"," 985",-0.442891235058815,0.0977828872940468,-0.106023383340805,1.70738587082787,NA
"1475","MLNP_422",1.81340925416867,-0.452634366001116,0,"1475","2"," 986",-0.659377915405791,0.39444361380027,-1.11201228140691,0.701396972761765,NA
"1476","MLNP_886",1.81340925416867,0.425434833548775,0,"1476","2"," 987",-0.282415664883867,0.101018840389337,0.143019168664908,1.95642842283358,NA
"1477","Cattai_582",1.81340925416867,0.162712722857122,0,"1477","2"," 988",0.0593791251050725,0.0905281344988033,0.222091847962195,2.03550110213087,NA
"1478","NSW1214268",1.81340925416867,-0.124970221912398,0,"1478","2"," 989",-0.322150202299585,0.154739268613052,-0.447120424211983,1.36628882995669,NA
"1479","MLNP_883",1.81340925416867,-0.360509418638116,0,"1479","2"," 990",0.110981726683184,0.360187754551842,-0.249527691954933,1.56388156221374,NA
"1480","HWC_194",1.81340925416867,0.42010025913581,0,"1480","2"," 991",0.051312644524747,0.114368660583935,0.471412903660557,2.28482215782923,NA
"1481","MLNP_353",1.81340925416867,0.411362194273835,0,"1481","2"," 992",-0.125355332992934,0.109174304379705,0.286006861280901,2.09941611544957,NA
"1482","MLNP_866",1.81340925416867,0.334571916229045,0,"1482","2"," 993",0.131274416346122,0.11581088201786,0.465846332575167,2.27925558674384,NA
"1483","Cattai_15",1.81340925416867,0.212665300459659,0,"1483","2"," 994",0.50477529703833,0.104207704980379,0.717440597497988,2.53084985166666,NA
"1484","Cattai_81",1.81340925416867,-0.185276208576398,0,"1484","2"," 995",-0.428833686941053,0.261796379038077,-0.614109895517451,1.19929935865122,NA
"1485","MLNP_414",1.81340925416867,0.166540119418283,0,"1485","2"," 996",-0.468972102616728,0.137822314518692,-0.302431983198446,1.51097727097023,NA
"1486","Cattai_23",1.81340925416867,0.234354985215676,0,"1486","2"," 997",-0.12961805251537,0.102359458822296,0.104736932700306,1.91814618686898,NA
"1487","Cattai_20",1.81340925416867,0.0654090584727197,0,"1487","2"," 998",0.279917808772271,0.203687540152303,0.34532686724499,2.15873612141366,NA
"1488","HWC_773",1.81340925416867,0.400672174442522,0,"1488","2"," 999",0.210556478590518,0.140029652309608,0.61122865303304,2.42463790720171,NA
"1489","HWC_777",1.81340925416867,0.370123666991124,0,"1489","2","1000",-0.317309136293535,0.112685993231642,0.052814530697589,1.86622378486626,NA
"1490","MLNP_128",1.81340925416867,0.165519399225041,0,"1490","2","1001",0.256019382831932,0.168630918608314,0.421538782056973,2.23494803622564,NA
"1491","HWC_825",1.81340925416867,0.320500435475941,0,"1491","2","1002",-0.52424481409505,0.121603000232788,-0.203744378619109,1.60966487554956,NA
"1492","HWC_241",1.81340925416867,0.444772121857267,0,"1492","2","1003",0.36583256836876,0.0993443256131119,0.810604690226027,2.6240139443947,NA
"1493","Cattai_572",1.81340925416867,0.201114504660761,0,"1493","2","1004",0.0256789466600604,0.0877446503844594,0.226793451320821,2.04020270548949,NA
"1494","MLNP_472",1.81340925416867,0.3515482202875,0,"1494","2","1005",0.148205580805559,0.132259056403632,0.499753801093059,2.31316305526173,NA
"1495","MLNP_134",1.81340925416867,0.217067519976863,0,"1495","2","1006",-0.578714379001106,0.149930617855367,-0.361646859024243,1.45176239514443,NA
"1496","HWC_244",1.81340925416867,0.355258120101868,0,"1496","2","1007",-0.280338326299752,0.128077421686467,0.0749197938021161,1.88832904797079,NA
"1497","MLNP_158",1.81340925416867,0.362115896147683,0,"1497","2","1008",-0.27741288461875,0.10999649913357,0.0847030115289329,1.8981122656976,NA
"1498","MLNP_678",1.81340925416867,0.860311749631143,0,"1498","2","1009",0.140778490593474,0.260680490777257,1.00109024022462,2.81449949439329,NA
"1499","HWC_829",1.81340925416867,0.320875253800823,0,"1499","2","1010",0.108683374550642,0.120106376212475,0.429558628351465,2.24296788252014,NA
"1500","Cattai_561",1.81340925416867,0.228022466079866,0,"1500","2","1011",0.461942518562263,0.128210881240615,0.689964984642129,2.5033742388108,NA
"1501","NSW1214020",1.81340925416867,0.422068294751874,0,"1501","2","1012",-0.419371609896411,0.255838395431597,0.00269668485546243,1.81610593902413,NA
"1502","MLNP_864",1.81340925416867,0.386821838617945,0,"1502","2","1013",0.21886940419445,0.120451753485047,0.605691242812394,2.41910049698107,NA
"1503","MLNP_890",1.81340925416867,0.310717199325452,0,"1503","2","1014",0.0424525749539354,0.12097974241223,0.353169774279387,2.16657902844806,NA
"1504","HWC_187",1.81340925416867,0.285337534538182,0,"1504","2","1015",-0.25434287963046,0.109833138192046,0.030994654907722,1.84440390907639,NA
"1505","MLNP_872",1.81340925416867,0.284716407938656,0,"1505","2","1016",-0.325549398972676,0.137522365266139,-0.0408329910340203,1.77257626313465,NA
"1506","MLNP_865",1.81340925416867,0.399822398580649,0,"1506","2","1017",0.0473562462370454,0.121334014762233,0.447178644817694,2.26058789898637,NA
"1507","MLNP_460",1.81340925416867,0.326458835137371,0,"1507","2","1018",-0.0453631481648463,0.0858488308757182,0.281095686972525,2.0945049411412,NA
"1508","MLNP_415",1.81340925416867,0.220247983460987,0,"1508","2","1019",-0.682108146147964,0.138359095238793,-0.461860162686977,1.35154909148169,NA
"1509","Cattai_584",1.81340925416867,0.11684443024335,0,"1509","2","1020",0.551022170784824,0.103520655304232,0.667866601028174,2.48127585519685,NA
"1510","Cattai_573",1.81340925416867,0.144859843866902,0,"1510","2","1021",-0.0293266970148041,0.125505322947622,0.115533146852098,1.92894240102077,NA
"1511","HWC_189",1.81340925416867,0.379992126055251,0,"1511","2","1022",-0.326881469141911,0.0914510498444127,0.0531106569133397,1.86651991108201,NA
"1512","NSW1411008",1.81340925416867,0.449201583737721,0,"1512","2","1023",0.461881450423924,0.0992811798154732,0.911083034161645,2.72449228833032,NA
"1513","MLNP_313",1.81340925416867,0.343424686673741,0,"1513","2","1024",0.439820163648295,0.107370620118571,0.783244850322036,2.59665410449071,NA
"1514","MLNP_468",1.81340925416867,0.324783297327054,0,"1514","2","1025",-0.124233121488927,0.123878867411093,0.200550175838126,2.0139594300068,NA
"1515","Cattai_494",1.81340925416867,0.189550084273677,0,"1515","2","1026",-0.0465865227676676,0.0845262944225631,0.14296356150601,1.95637281567468,NA
"1516","MLNP_170",1.81340925416867,0.345350586506441,0,"1516","2","1027",-0.212157308588151,0.124929464985969,0.133193277918289,1.94660253208696,NA
"1517","MLNP_655",1.81340925416867,0.536371645584858,0,"1517","2","1028",0.102106280225108,0.112357978150609,0.638477925809967,2.45188717997864,NA
"1518","MLNP_309",1.81340925416867,0.284817788632226,0,"1518","2","1029",0.0896474721192091,0.102564088784541,0.374465260751435,2.18787451492011,NA
"1519","MLNP_871",1.81340925416867,0.316625629428235,0,"1519","2","1030",0.13755059994256,0.126058932401248,0.454176229370795,2.26758548353947,NA
"1520","MLNP_133",1.81340925416867,0.208041518382874,0,"1520","2","1031",-0.479791560462913,0.185469144073993,-0.271750042080039,1.54165921208863,NA
"1521","HWC_243",1.81340925416867,0.353675129631521,0,"1521","2","1032",0.571176773232703,0.139132565789992,0.924851902864224,2.7382611570329,NA
"1522","NSW1214650",1.81340925416867,0.411417605382676,0,"1522","2","1033",-0.151048618614035,0.117202231765684,0.260368986768641,2.07377824093731,NA
"1523","Cattai_559",1.81340925416867,0.247159136667913,0,"1523","2","1034",-0.0181899160904504,0.090819036077308,0.228969220577462,2.04237847474613,NA
"1524","NSW1213768",1.81340925416867,-0.161083795678705,0,"1524","2","1035",-0.408352619444094,0.163115499333224,-0.569436415122798,1.24397283904587,NA
"1525","HWC_824",1.81340925416867,-0.15165067767903,0,"1525","2","1036",0.300509004369513,0.286636876996641,0.148858326690483,1.96226758085915,NA
"1526","MLNP_814",1.81340925416867,0.309964758508528,0,"1526","2","1037",0.102776790232322,0.116788116109742,0.41274154874085,2.22615080290952,NA
"1527","HWC_513",1.81340925416867,0.425553230829967,0,"1527","2","1038",0.0374396153468697,0.106901033125999,0.462992846176837,2.27640210034551,NA
"1528","MLNP_456",1.81340925416867,0.310381472791923,0,"1528","2","1039",0.109962535433517,0.0949199857012734,0.42034400822544,2.23375326239411,NA
"1529","Cattai_17",1.81340925416867,0.133169631160327,0,"1529","2","1040",0.116242803426807,0.0855371718044012,0.249412434587134,2.06282168875581,NA
"1530","MLNP_889",1.81340925416867,0.27531039070424,0,"1530","2","1041",0.0480242551850669,0.124514154740087,0.323334645889306,2.13674390005798,NA
"1531","MLNP_477",1.81340925416867,0.354103366646063,0,"1531","2","1042",-0.330500296476305,0.131478687996325,0.0236030701697575,1.83701232433843,NA
"1532","HWC_245",1.81340925416867,0.426151711500598,0,"1532","2","1043",0.292610945356254,0.108199699744571,0.718762656856853,2.53217191102552,NA
"1533","HWC_792",1.81340925416867,0.306329428253223,0,"1533","2","1044",-0.137269931077781,0.153522309466326,0.169059497175443,1.98246875134411,NA
"1534","MLNP_364",1.81340925416867,0.395307815774997,0,"1534","2","1045",-0.34942128937406,0.0929066773722031,0.0458865264009372,1.85929578056961,NA
"1535","MLNP_897",1.81340925416867,0.198728733441696,0,"1535","2","1046",-1.10741553313857,0.137207308270929,-0.908686799696872,0.9047224544718,NA
"1536","Cattai_79",1.81340925416867,-0.0440738112094942,0,"1536","2","1047",-0.398304611767087,0.231142357447199,-0.442378422976581,1.37103083119209,NA
"1537","HWC_508",1.81340925416867,0.373178082588842,0,"1537","2","1048",0.679107596038584,0.154151431774867,1.05228567862743,2.8656949327961,NA
"1538","NSW1214639",1.81340925416867,0.318862685025411,0,"1538","2","1049",-0.347114103708452,0.138798758287739,-0.028251418683041,1.78515783548563,NA
"1539","MLNP_618",1.81340925416867,0.19614495630179,0,"1539","2","1050",0.480411532935877,0.0837958879764113,0.676556489237667,2.48996574340634,NA
"1540","HWC_246",1.81340925416867,0.436488424123937,0,"1540","2","1051",0.596318570521535,0.115016847838404,1.03280699464547,2.84621624881414,NA
"1541","MLNP_365",1.81340925416867,0.325579324931073,0,"1541","2","1052",-0.580980363374496,0.115119189505599,-0.255401038443423,1.55800821572525,NA
"1542","Cattai_545",1.81340925416867,0.154678228477581,0,"1542","2","1053",-0.377585376624151,0.113546572747403,-0.22290714814657,1.5905021060221,NA
"1543","MLNP_462",1.81340925416867,0.351054031266202,0,"1543","2","1054",0.0655094441029494,0.0972131147020076,0.416563475369151,2.22997272953782,NA
"1544","HWC_247",1.81340925416867,0.412392001362971,0,"1544","2","1055",0.222066266463265,0.104936666129948,0.634458267826236,2.44786752199491,NA
"1545","NSW1214156",1.81340925416867,-0.185277719882924,0,"1545","2","1056",-0.0102261824198653,0.12687154146746,-0.195503902302789,1.61790535186588,NA
"1546","Cattai_85",1.81340925416867,0.193018595257381,0,"1546","2","1057",-0.0417286451963321,0.118683240636377,0.151289950061049,1.96469920422972,NA
"1547","MLNP_159",1.81340925416867,0.328832831330177,0,"1547","2","1058",0.0830203581339947,0.0999110149648205,0.411853189464171,2.22526244363284,NA
"1548","MLNP_301",1.81340925416867,0.289230026863964,0,"1548","2","1059",-0.108934821538256,0.117720107748749,0.180295205325708,1.99370445949438,NA
"1549","HWC_512",1.81340925416867,0.440437378993832,0,"1549","2","1060",0.37297978551883,0.109829497514921,0.813417164512662,2.62682641868133,NA
"1550","HWC_842",1.81340925416867,0.388815956045126,0,"1550","2","1061",0.322920662884105,0.122897020867803,0.711736618929231,2.5251458730979,NA
"1551","MLNP_467",1.81340925416867,0.349298107586062,0,"1551","2","1062",-0.122083050399155,0.132949772565537,0.227215057186907,2.04062431135558,NA
"1552","NSW1214289",1.81340925416867,0.356360819971165,0,"1552","2","1063",0.0487448072325326,0.109148138386346,0.405105627203697,2.21851488137237,NA
"1553","HWC_181",1.81340925416867,0.367151740257342,0,"1553","2","1064",-0.910916249877671,0.0985384903867352,-0.543764509620329,1.26964474454834,NA
"1554","MLNP_305",1.81340925416867,0.25950509485059,0,"1554","2","1065",-0.356935447185325,0.140314450006946,-0.0974303523347348,1.71597890183394,NA
"1555","MLNP_896",1.81340925416867,0.397019407801503,0,"1555","2","1066",-0.108298286842104,0.0946009918517091,0.288721120959399,2.10213037512807,NA
"1556","MLNP_135",1.81340925416867,0.201121064866784,0,"1556","2","1067",-0.720620164450116,0.157765304939263,-0.519499099583333,1.29391015458534,NA
"1557","Cattai_558",1.81340925416867,0.28718466854201,0,"1557","2","1068",0.221039286198262,0.0962662730709238,0.508223954740272,2.32163320890894,NA
"1558","NSW1211157",1.81340925416867,0.470294974268785,0,"1558","2","1069",0.0952690221623555,0.162320781963642,0.565563996431141,2.37897325059981,NA
"1559","Cattai_82",1.81340925416867,0.157959802006666,0,"1559","2","1070",-0.177110576478992,0.126707541423543,-0.0191507744723254,1.79425847969635,NA
"1560","NSW1214221",1.81340925416867,0.495853913575284,0,"1560","2","1071",0.0923648736779224,0.101466055253999,0.588218787253207,2.40162804142188,NA
"1561","NSW1411025",1.81340925416867,-0.195806730456464,0,"1561","2","1072",-0.0357969096760647,0.129388193170761,-0.231603640132529,1.58180561403614,NA
"1562","Cattai_563",1.81340925416867,0.180638624110346,0,"1562","2","1073",0.201093941622773,0.113407153512533,0.381732565733119,2.19514181990179,NA
"1563","HWC_185",1.81340925416867,0.313051387298718,0,"1563","2","1074",-0.0477635099096074,0.103657630291021,0.26528787738911,2.07869713155778,NA
"1564","Cattai_22",1.81340925416867,0.053010062476166,0,"1564","2","1075",0.00518585954802536,0.143054269447241,0.0581959220241913,1.87160517619286,NA
"1565","MLNP_667",1.81340925416867,0.491565715458176,0,"1565","2","1076",0.418676267098454,0.340016944233307,0.91024198255663,2.7236512367253,NA
"1566","NSW1213769",1.81340925416867,0.339873428703592,0,"1566","2","1077",0.283215611514885,0.154578379399365,0.623089040218477,2.43649829438715,NA
