"NSWID","PEV","Prediction_IID","IID","Flecking (white)","Chlorosis (red)","Necrosis","Active sporulation (restr./not restr.)","Coverage","Imm. resp.","COI scores","Binary_MS","Binary_MRMS","Notes","Drought_len","Mat_Line","Drought_sev","block_cell1","Status","Prediction","mean_COI"
"NSW1214505",0.043986528,2.044988578,165,"No","Yes","No","Mix","25","MS",18.75,0,1,"0","60","NSW1079701","Low","17",NA,2.05990208297769,34.4
"NSW1213770",0.111844466,1.259308598,532,"No","No","No","No","0","HR",0,0,0,"0","30","NSW1078653","Low","40",NA,2.26674450393043,0.111111111111111
"NSW1411007",0.11762739,1.533090517,563,"No","No","No","No","0","HR",0,0,0,"0","60","NSW1078653","Mid","42",NA,2.26674450393043,0.111111111111111
"NSW1213965",0.155774881,2.448586058,524,"No","No","No","No","0","HR",0,0,0,"0","30","NSW1079692","High","56",NA,2.02478482375471,22.6666666666667
"NSW1213883",0.091817525,2.056724073,270,"No","No","No","Unrestricted","80","HS",80,1,1,"0","30","NSW1079677","High","30",NA,NA,26.75
"NSW1410992",0.092853038,1.188817034,713,NA,NA,NA,NA,NA,NA,NA,NA,NA,NA,NA,NA,NA,NA,NA,NA,NA
"NSW1211217",0.151852337,2.315402069,468,"No","No","No","No","0","HR",0,0,0,"0","60","NSW1079692","Low","1",NA,2.02478482375471,22.6666666666667
"NSW1213846",0.085317121,1.235105863,534,"Yes","No","No","No","5","R",1.25,0,0,"0","30","NSW1078653","Low","40",NA,2.26674450393043,0.111111111111111
"NSW1213790",0.105146999,2.585935667,492,"No","Yes","No","No","1","R",0.25,0,0,"1 spot","30","NSW1079692","High","40",NA,2.02478482375471,22.6666666666667
"NSW1214200",0.108559592,2.581901842,475,"No","Yes","No","No","5","R",1.25,0,0,"0","30","NSW1079692","Mid","26",NA,2.02478482375471,22.6666666666667
"NSW1214088",0.182964552,2.52570864,76,"No","Yes","No","No","5","R",1.25,0,0,"0","30","NSW1079714","Low","11",NA,2.0494754862724,42
"NSW1214157",0.20084889,2.753859718,101,"No","Yes","No","Restricted","10","MRMS",5,0,0,"0","30","NSW1079714","Mid","32",NA,2.0494754862724,42
"NSW1214485",0.10115637,2.360824199,239,"No","Yes","No","Restricted","25","MRMS",12.5,0,0,"0","60","NSW1079677","Low","17",NA,NA,26.75
"NSW1213851",0.091581354,2.255565545,23,"No","No","No","No","0","HR",0,0,0,"0","30","NSW1079717","Mid","40",NA,2.09776013742267,36.6666666666667
"NSW1213775",0.059879827,2.297161901,602,"Yes","Yes","No","Restricted","5","MRMS",2.5,0,0,"1 colony","30","NSW1079715","Low","40",NA,2.04472717044112,8.28125
"NSW1213841",0.121827662,1.640451848,376,"No","No","No","No","0","HR",0,0,0,"0","30","NSW1078647","Low","11",NA,2.23517411624935,25.1111111111111
"NSW1411035",0.161708542,1.50032023,431,"Yes","Yes","Yes","No","0","HR",0,0,0,"0","60","NSW1078647","High","42",NA,2.23517411624935,25.1111111111111
"NSW1214162",0.14828979,1.664821526,403,"No","Yes","No","No","1","R",0.25,0,0,"1 chlorotic spot","30","NSW1078647","Mid","32",NA,2.23517411624935,25.1111111111111
"NSW1211220",0.143608805,0.939338431,558,"Yes","No","No","No","5","R",1.25,0,0,"0","60","NSW1078653","Mid","28",NA,2.26674450393043,0.111111111111111
"NSW1214010",0.120205174,1.704994019,310,"No","No","No","No","0","HR",0,0,0,"0","30","NSW1078656","Low","31",NA,2.22539560574861,34.6666666666667
"NSW1213720",0.107831856,2.334569225,154,"No","No","No","No","0","HR",0,0,0,"0","30","NSW1079701","Low","40",NA,2.05990208297769,34.4
"NSW1214293",0.165805186,2.714439823,127,"No","No","No","Unrestricted","50","HS",50,1,1,"0","60","NSW1079714","High","13",NA,2.0494754862724,42
"NSW1213907",0.06662965,2.390746695,173,"No","Yes","No","Restricted","5","MRMS",2.5,0,0,"2 single spore colonies. On branch","30","NSW1079701","Mid","2",NA,2.05990208297769,34.4
"NSW1211099",0.061840652,2.528652698,469,"No","Yes","No","No","5","R",1.25,0,0,"0","60","NSW1079692","Low","6",NA,2.02478482375471,22.6666666666667
"NSW1214225",0.064963302,2.475879118,27,"Yes","No","No","No","5","R",1.25,0,0,"0","30","NSW1079717","Mid","26",NA,2.09776013742267,36.6666666666667
"NSW1214005",0.058682808,2.439366592,6,"No","No","No","No","0","HR",0,0,0,"0","30","NSW1079717","Low","31",NA,2.09776013742267,36.6666666666667
"NSW1213868",0.163998739,1.46409226,378,"No","No","Yes","Restricted","5","MRMS",2.5,0,0,"Kink. One active spore","30","NSW1078647","Low","30",NA,2.23517411624935,25.1111111111111
"NSW1211222",0.085269392,2.194865242,244,"No","No","No","No","0","HR",0,0,0,"0","60","NSW1079677","Low","6",NA,NA,26.75
"NSW1213854",0.080037128,2.080981095,151,"No","No","No","No","0","HR",0,0,0,"0","30","NSW1079701","Low","30",NA,2.05990208297769,34.4
"NSW1213833",0.070550694,2.450098338,648,"No","Yes","No","Unrestricted","5","S",4.375,1,1,"Limited new growth","30","NSW1079715","High","16","Top 20 cm (2/3) of plant had no leaves",2.04472717044112,8.28125
"NSW1214006",0.071548618,1.668292691,478,"No","No","No","Restricted","5","MRMS",2.5,0,0,"1 spore colony","30","NSW1079692","Mid","31",NA,2.02478482375471,22.6666666666667
"NSW1211117",0.199465287,2.683769958,137,"No","Yes","No","Restricted","75","MRMS",37.5,0,0,"Large chlorosis few spores","60","NSW1078653","Low","55",NA,2.26674450393043,0.111111111111111
"NSW1213860",0.173799535,2.564778928,96,"No","No","No","No","0","HR",0,0,0,"0","30","NSW1079714","Mid","16",NA,2.0494754862724,42
"NSW1411002",0.135467139,1.746929261,224,NA,NA,NA,NA,NA,NA,NA,NA,NA,NA,NA,NA,NA,NA,NA,NA,NA
"NSW1213844",0.058042553,2.161175419,25,"Yes","Yes","Yes","No","10","R",2.5,0,0,"0","30","NSW1079717","Mid","30",NA,2.09776013742267,36.6666666666667
"NSW1214233",0.107200305,2.819435114,109,"No","No","No","No","0","HR",0,0,0,"0","60","NSW1079714","Mid","22",NA,2.0494754862724,42
"NSW1214189",0.09315926,1.975184666,159,"No","Yes","No","Mix","15","S",13.125,1,1,"0","30","NSW1079701","Low","25",NA,2.05990208297769,34.4
"NSW1411022",0.193759975,2.468243703,131,NA,NA,NA,NA,NA,NA,NA,NA,NA,NA,NA,NA,NA,NA,NA,NA,NA
"NSW1410997",0.075050806,2.621342905,631,NA,NA,NA,NA,NA,NA,NA,NA,NA,NA,NA,NA,NA,NA,NA,NA,NA
"NSW1411006",0.087856326,2.232220481,108,NA,NA,NA,NA,NA,NA,NA,NA,NA,NA,NA,NA,NA,NA,NA,NA,NA
"NSW1214489",0.063815424,1.934178266,67,"No","No","No","No","0","HR",0,0,0,"0","60","NSW1078656","Mid","57",NA,2.22539560574861,34.6666666666667
"NSW1214184",0.074317612,2.410802905,460,"No","Yes","Yes","Unrestricted","80","HS",80,1,1,"0","30","NSW1079692","Low","25",NA,2.02478482375471,22.6666666666667
"NSW1411001",0.126288491,2.136212089,203,NA,NA,NA,NA,NA,NA,NA,NA,NA,NA,NA,NA,NA,NA,NA,NA,NA
"NSW1214195",0.056631956,1.836923714,172,"No","No","No","No","0","HR",0,0,0,"Unhealthy","30","NSW1079701","Mid","26",NA,2.05990208297769,34.4
"NSW1214587",0.122263052,1.645692207,464,"No","No","No","No","0","HR",0,0,0,"0","60","NSW1079692","Low","13",NA,2.02478482375471,22.6666666666667
"NSW1214164",0.116069813,2.001078581,345,"No","No","No","No","0","HR",0,0,0,"0","30","NSW1078656","High","29",NA,2.22539560574861,34.6666666666667
"NSW1211201",0.119948759,2.255820482,673,"Yes","Yes","No","Unrestricted","40","S",35,1,1,"0","60","NSW1079715","High","60",NA,2.04472717044112,8.28125
"NSW1211131",0.143422974,1.878303903,331,"No","No","No","No","0","HR",0,0,0,"0","60","NSW1078656","Mid","17",NA,2.22539560574861,34.6666666666667
"NSW1211244",0.121594186,1.160367326,732,"Yes","No","No","No","5","R",1.25,0,0,"0","60","NSW1078641","High","39",NA,2.23817445920977,1.55555555555556
"NSW1214602",0.136036278,1.041271197,544,"No","No","No","No","0","HR",0,0,0,"0","60","NSW1078653","Low","45",NA,2.26674450393043,0.111111111111111
"NSW1211197",0.094878778,2.50701992,182,"No","Yes","No","No","5","R",1.25,0,0,"0","60","NSW1079701","Mid","20",NA,2.05990208297769,34.4
"NSW1214199",0.245714952,1.998167762,105,"No","Yes","No","Restricted","10","MRMS",5,0,0,"0","30","NSW1079714","Mid","25",NA,2.0494754862724,42
"NSW1214174",0.052864737,1.546577675,10,"No","No","No","No","0","HR",0,0,0,"0","30","NSW1079717","Low","25",NA,2.09776013742267,36.6666666666667
"NSW1214631",0.132727897,2.441683698,283,"Yes","No","No","Unrestricted","60","HS",60,1,1,"0","60","NSW1079677","High","45",NA,NA,26.75
"NSW1214582",0.095351834,1.463301156,688,"Yes","No","No","No","5","R",1.25,0,0,"0","60","NSW1078641","Low","13",NA,2.23817445920977,1.55555555555556
"NSW1214599",0.118159526,0.961975783,585,"Yes","No","No","No","5","R",1.25,0,0,"0","60","NSW1078653","High","45",NA,2.26674450393043,0.111111111111111
"NSW1214073",0.082054079,1.911831416,249,"No","Yes","No","Unrestricted","10","MS",7.5,0,1,"Multiple colonies","30","NSW1079677","Mid","11",NA,NA,26.75
"NSW1214104",0.081822744,2.197600315,9,"No","No","No","No","0","HR",0,0,0,"0","30","NSW1079717","Low","12",NA,2.09776013742267,36.6666666666667
"NSW1214630",0.190633956,2.309461344,95,"Yes","Yes","No","Restricted","5","MRMS",2.5,0,0,"Single one spore colony","60","NSW1079714","Low","10",NA,2.0494754862724,42
"NSW1211245",0.117098868,1.964881218,435,"Yes","Yes","No","Mix","15","MRMS",7.5,0,0,"0","60","NSW1078647","High","20",NA,2.23517411624935,25.1111111111111
"NSW1211098",0.06751586,2.093569216,674,"No","Yes","No","No","5","R",1.25,0,0,"0","60","NSW1079715","High","62",NA,2.04472717044112,8.28125
"NSW1214128",0.065780652,2.528786973,630,"No","Yes","Yes","Restricted","5","MRMS",2.5,0,0,"Restricted, limited colonies","30","NSW1079715","Mid","11",NA,2.04472717044112,8.28125
"NSW1213778",0.155099294,1.9767648,405,"No","Yes","No","Restricted","10","MRMS",5,0,0,"0","30","NSW1078647","Mid","37",NA,2.23517411624935,25.1111111111111
"NSW1410977",0.071670935,2.435508932,636,"Yes","No","No","No","5","R",1.25,0,0,"0","60","NSW1079715","Mid","50",NA,2.04472717044112,8.28125
"NSW1213736",0.153635632,2.073855339,404,"No","Yes","No","No","5","R",1.25,0,0,"0","30","NSW1078647","Mid","36",NA,2.23517411624935,25.1111111111111
"NSW1214570",0.117465421,1.097177673,691,"No","No","No","No","0","HR",0,0,0,"0","60","NSW1078641","Low","9",NA,2.23817445920977,1.55555555555556
"NSW1214544",0.109324261,2.003259686,375,"No","Yes","No","Restricted","5","MRMS",2.5,0,0,"0","60","NSW1079701","High","59",NA,2.05990208297769,34.4
"NSW1213800",0.098046321,2.545347551,647,"Yes","No","No","Unrestricted","10","HS",10,1,1,"Limited immune response. Multi-spore (3+) colonies","30","NSW1079715","High","40",NA,2.04472717044112,8.28125
"NSW1213830",0.078787938,2.581050679,46,"No","Yes","No","Restricted","20","MRMS",10,0,0,"Limited immune response","30","NSW1079717","High","32",NA,2.09776013742267,36.6666666666667
"NSW1214652",0.118748685,1.057819107,562,"No","No","No","No","0","HR",0,0,0,"0","60","NSW1078653","Mid","45",NA,2.26674450393043,0.111111111111111
"NSW1211132",0.188328604,2.537834771,142,"No","Yes","No","Restricted","25","MRMS",12.5,0,0,"0","60","NSW1078641","Low","55",NA,2.23817445920977,1.55555555555556
"NSW1214641",0.081325037,2.621515929,509,"No","Yes","No","No","5","R",1.25,0,0,"0","60","NSW1079692","High","6",NA,2.02478482375471,22.6666666666667
"NSW1211118",0.118251076,2.501183825,56,"Yes","Yes","No","Restricted","15","MRMS",7.5,0,0,"0","60","NSW1079717","High","35","Unhappy",2.09776013742267,36.6666666666667
"NSW1214538",0.061875365,2.619586802,162,"No","Yes","No","Mix","50","MS",37.5,0,1,"0","60","NSW1079701","Low","39",NA,2.05990208297769,34.4
"NSW1211206",0.118253925,1.069596399,560,"No","No","No","No","0","HR",0,0,0,"0","60","NSW1078653","Mid","44",NA,2.26674450393043,0.111111111111111
"NSW1213953",0.138046125,1.91168752,443,"No","Yes","No","Restricted","1","MRMS",0.5,0,0,"One active spore colony","30","NSW1079715","Mid","61",NA,2.04472717044112,8.28125
"NSW1214540",0.20893044,0.904693044,592,"Yes","No","No","No","5","R",1.25,0,0,"0","60","NSW1078653","Mid","62",NA,2.26674450393043,0.111111111111111
"NSW1211112",0.123613851,1.091545218,586,"No","Yes","No","No","5","R",1.25,0,0,"0","60","NSW1078656","High","55",NA,2.22539560574861,34.6666666666667
"NSW1214160",0.082931124,2.003592139,273,"Yes","Yes","Yes","Unrestricted","20","S",17.5,1,1,"0","30","NSW1079677","High","29",NA,NA,26.75
"NSW1214011",0.060864985,2.086840649,176,"No","No","No","No","0","HR",0,0,0,"Two spots","30","NSW1079701","Mid","31",NA,2.05990208297769,34.4
"NSW1214527",0.098665141,2.532100818,313,"Yes","Yes","No","No","5","R",1.25,0,0,"0","60","NSW1078656","Low","28",NA,2.22539560574861,34.6666666666667
"NSW1211155",0.127722982,1.894564068,512,"No","Yes","Yes","No","5","R",1.25,0,0,"0","60","NSW1079692","Low","62",NA,2.02478482375471,22.6666666666667
"NSW1214506",0.157224745,2.126103879,340,"No","Yes","No","Unrestricted","10","HS",10,1,1,"One colony has limited immune response; one has some","60","NSW1078656","Mid","15",NA,2.22539560574861,34.6666666666667
"NSW1213887",0.121307328,0.929264868,571,"No","No","No","No","0","HR",0,0,0,"0","30","NSW1078653","High","41",NA,2.26674450393043,0.111111111111111
"NSW1211202",0.084704391,2.314442569,639,"No","Yes","No","No","5","R",1.25,0,0,"0","60","NSW1079715","Mid","20",NA,2.04472717044112,8.28125
"NSW1214099",0.498057687,1.419405241,453,"No","No","Yes","Restricted","5","MRMS",2.5,0,0,"0","30","NSW1079692","Low","12",NA,2.02478482375471,22.6666666666667
"NSW1214543",0.246199011,2.180249755,86,"No","No","No","No","0","HR",0,0,0,"0","60","NSW1079714","Low","39",NA,2.0494754862724,42
"NSW1214155",0.139392592,2.270115243,155,"No","No","No","Unrestricted","30","HS",30,1,1,"0","30","NSW1079701","Low","29",NA,2.05990208297769,34.4
"NSW1214185",0.095107545,2.357821891,271,"Yes","No","No","Restricted","5","MRMS",2.5,0,0,"1 active spore colony","30","NSW1079677","High","26",NA,NA,26.75
"NSW1214651",0.083549274,1.82149214,733,"No","No","No","No","0","HR",0,0,0,"0","60","NSW1078641","High","17",NA,2.23817445920977,1.55555555555556
"NSW1211125",0.117609054,1.075083284,749,"Yes","No","No","No","5","R",1.25,0,0,"0","60","NSW1078647","High","57",NA,2.23517411624935,25.1111111111111
"NSW1211234",0.051638955,2.293591655,19,"No","Yes","No","No","10","R",2.5,0,0,"0","60","NSW1079717","Low","20",NA,2.09776013742267,36.6666666666667
"NSW1211196",0.173266598,2.417972415,128,"Yes","No","No","No","5","R",1.25,0,0,"0","60","NSW1079714","High","44",NA,2.0494754862724,42
"NSW1214645",0.111523614,2.467484633,504,"No","No","No","No","0","HR",0,0,0,"0","60","NSW1079692","High","1",NA,2.02478482375471,22.6666666666667
"NSW1211142",0.165046827,1.65934119,489,"No","No","No","No","0","HR",0,0,0,"0","60","NSW1079692","Mid","45",NA,2.02478482375471,22.6666666666667
"NSW1211093",0.374014989,1.081471303,390,"Yes","Yes","No","Restricted","10","MRMS",5,0,0,"0","60","NSW1078647","Low","7",NA,2.23517411624935,25.1111111111111
"NSW1214309",0.107384969,1.363995521,591,"No","No","No","No","0","HR",0,0,0,"0","60","NSW1078653","Mid","58",NA,2.26674450393043,0.111111111111111
"NSW1211106",0.091092875,1.511255306,588,"No","No","No","No","0","HR",0,0,0,"0","60","NSW1078641","Low","54",NA,2.23817445920977,1.55555555555556
"NSW1214175",0.07304397,2.280498969,195,"Yes","No","No","No","5","R",1.25,0,0,"0","30","NSW1079701","High","26",NA,2.05990208297769,34.4
"NSW1214169",0.137427962,0.747764584,685,"No","No","No","No","0","HR",0,0,0,"0","30","NSW1078641","Low","25",NA,2.23817445920977,1.55555555555556
"NSW1214497",0.100739714,1.497540709,599,"Yes","No","No","No","5","R",1.25,0,0,"0","60","NSW1078653","High","56",NA,2.26674450393043,0.111111111111111
"NSW1213728",0.114557332,1.421345777,49,"Yes","No","No","No","10","R",2.5,0,0,"0","30","NSW1079717","High","37",NA,2.09776013742267,36.6666666666667
"NSW1213859",0.164565907,2.243806287,321,"No","Yes","No","Restricted","10","MRMS",5,0,0,"0","30","NSW1078656","Mid","14",NA,2.22539560574861,34.6666666666667
"NSW1214098",0.079965159,2.825350491,156,"No","No","No","No","0","HR",0,0,0,"0","30","NSW1079701","Low","12","Lost tip replace",2.05990208297769,34.4
"NSW1214564",0.101803909,2.514312604,211,"Yes","No","No","No","5","R",1.25,0,0,"0","60","NSW1079677","High","61",NA,NA,26.75
"NSW1214539",0.187577323,2.49636395,146,"No","Yes","No","Restricted","10","MRMS",5,0,0,"Single 1 spore colony","60","NSW1078641","High","57",NA,2.23817445920977,1.55555555555556
"NSW1214154",0.208614284,2.444389272,100,"No","Yes","No","Unrestricted","30","MS",22.5,0,1,"Some unrestricted colonies (3+) with no immune response","30","NSW1079714","Mid","25",NA,2.0494754862724,42
"NSW1211181",0.233057495,2.001336719,433,"Yes","Yes","No","Mix","10","MS",7.5,0,1,"On branch","60","NSW1078647","High","28",NA,2.23517411624935,25.1111111111111
"NSW1213788",0.098703495,1.241942463,704,"No","No","No","No","0","HR",0,0,0,"0","30","NSW1078641","Mid","37",NA,2.23817445920977,1.55555555555556
"NSW1211228",0.072311126,2.42310899,289,"No","Yes","No","Mix","50","MS",37.5,0,1,"0","60","NSW1079677","Low","60",NA,NA,26.75
"NSW1213780",0.09094376,1.533224524,721,"No","No","No","No","0","HR",0,0,0,"0","30","NSW1078641","High","40",NA,2.23817445920977,1.55555555555556
"NSW1214240",0.137700438,2.281738361,470,"No","No","No","No","0","HR",0,0,0,"0","60","NSW1079692","Low","18",NA,2.02478482375471,22.6666666666667
"NSW1214618",0.08667129,2.519749476,243,"No","Yes","No","Restricted","5","MRMS",2.5,0,0,"Two single spore colony","60","NSW1079677","Low","9",NA,NA,26.75
"NSW1214517",0.092675896,2.305647158,285,"Yes","Yes","No","Restricted","5","MRMS",2.5,0,0,"Two colonies with single spore. Mealy bug presence on susceptible leaves","60","NSW1079677","High","44",NA,NA,26.75
"NSW1213908",0.18825463,2.644110313,139,"No","No","Yes","No","1","R",0.25,0,0,"One spot","30","NSW1079714","Low","63",NA,2.0494754862724,42
"NSW1214165",0.096343314,0.89964546,554,"No","No","No","No","0","HR",0,0,0,"0","30","NSW1078653","Mid","25",NA,2.26674450393043,0.111111111111111
"NSW1214207",0.080832965,2.339065473,606,"No","Yes","Yes","No","10","R",2.5,0,0,"0","30","NSW1079715","Low","32",NA,2.04472717044112,8.28125
"NSW1214123",0.131463122,2.287635187,121,"Yes","Yes","Yes","No","20","R",5,0,0,"Kink","30","NSW1079714","High","12",NA,2.0494754862724,42
"NSW1214495",0.108634845,2.162566835,618,"Yes","Yes","No","Restricted","10","MS",7.5,0,1,"Multiple restricted pustules","60","NSW1079715","Low","18",NA,2.04472717044112,8.28125
"NSW1211207",0.142038302,1.951195535,335,"No","Yes","No","Mix","50","MS",37.5,0,1,"0","60","NSW1078656","Mid","20",NA,2.22539560574861,34.6666666666667
"NSW1214518",0.181224829,2.524700174,106,"No","Yes","No","Restricted","50","MRMS",25,0,0,"0","60","NSW1079714","Mid","18",NA,2.0494754862724,42
"NSW1211247",0.091265016,2.142317861,490,"No","No","No","No","0","HR",0,0,0,"0","60","NSW1079692","Mid","1",NA,2.02478482375471,22.6666666666667
"NSW1214622",0.126758299,1.988177916,276,"Yes","No","No","Unrestricted","80","HS",80,1,1,"Flecking on bottom leaves","60","NSW1079677","High","39",NA,NA,26.75
"NSW1213733",0.066592727,1.903585434,267,"No","Yes","No","Mix","20","S",17.5,1,1,"Limited immune response","30","NSW1079677","High","37","Unhappy",NA,26.75
"NSW1214607",0.138128259,1.901840059,686,"No","No","No","No","0","HR",0,0,0,"0","60","NSW1078641","Low","45",NA,2.23817445920977,1.55555555555556
"NSW1214611",0.144753475,2.290895422,259,"No","Yes","No","Unrestricted","80","HS",80,1,1,"Top leaves no IR. On branch","60","NSW1079677","Mid","7",NA,NA,26.75
"NSW1213848",0.155721111,1.037726894,529,"No","No","No","No","0","HR",0,0,0,"0","30","NSW1078653","Low","14",NA,2.26674450393043,0.111111111111111
"NSW1213933",0.128352333,1.827258881,362,"No","No","No","No","0","HR",0,0,0,"0","30","NSW1078656","Low","63",NA,2.22539560574861,34.6666666666667
"NSW1213737",0.125944001,1.775833868,330,"No","No","No","No","0","HR",0,0,0,"0","30","NSW1078656","Mid","34",NA,2.22539560574861,34.6666666666667
"NSW1214494",0.116029593,1.682297051,742,"No","Yes","No","Restricted","5","MRMS",2.5,0,0,"single spore colony","60","NSW1078641","Mid","63",NA,2.23817445920977,1.55555555555556
"NSW1213879",0.090535065,2.225011142,457,"No","No","No","No","0","HR",0,0,0,"0","30","NSW1079692","Low","16",NA,2.02478482375471,22.6666666666667
"NSW1213723",0.109426485,1.288269912,553,"No","No","No","No","0","HR",0,0,0,"0","30","NSW1078653","Mid","48",NA,2.26674450393043,0.111111111111111
"NSW1214541",0.054327088,1.633210256,13,"Yes","Yes","No","Restricted","10","MS",7.5,0,1,"0","60","NSW1079717","Low","44",NA,2.09776013742267,36.6666666666667
"NSW1214503",0.12600133,1.158382069,536,"No","No","No","No","0","HR",0,0,0,"0","60","NSW1078653","Low","1",NA,2.26674450393043,0.111111111111111
"NSW1211091",0.084667373,2.253161769,190,"Yes","Yes","No","Restricted","40","MRMS",20,0,0,"0","60","NSW1079701","Mid","4",NA,2.05990208297769,34.4
"NSW1214558",0.100678936,1.345298674,564,"No","No","No","No","0","HR",0,0,0,"0","60","NSW1078653","Mid","39",NA,2.26674450393043,0.111111111111111
"NSW1214586",0.196217414,2.578633548,132,"No","No","No","Unrestricted","50","HS",50,1,1,"0","60","NSW1079714","High","8",NA,2.0494754862724,42
"NSW1214551",0.217366782,2.547511294,43,NA,NA,NA,NA,NA,NA,NA,NA,NA,NA,NA,NA,NA,NA,NA,NA,NA
"NSW1213843",0.113390257,2.761420224,171,"No","Yes","No","Unrestricted","10","S",8.75,1,1,"0","30","NSW1079701","Mid","14",NA,2.05990208297769,34.4
"NSW1213948",0.123651531,1.656206918,365,"No","No","No","No","0","HR",0,0,0,"0","30","NSW1078656","Low","62",NA,2.22539560574861,34.6666666666667
"NSW1213722",0.112930305,1.105456856,550,"No","No","No","No","0","HR",0,0,0,"0","30","NSW1078653","Mid","34",NA,2.26674450393043,0.111111111111111
"NSW1214028",0.124401708,1.666198009,323,"No","No","No","No","0","HR",0,0,0,"0","30","NSW1078656","Mid","48",NA,2.22539560574861,34.6666666666667
"NSW1213897",0.099394078,2.16666857,473,"No","No","No","No","0","HR",0,0,0,"0","30","NSW1079692","Mid","2",NA,2.02478482375471,22.6666666666667
"NSW1214118",0.159196873,1.541928427,384,"No","No","No","No","0","HR",0,0,0,"0","30","NSW1078647","Low","12",NA,2.23517411624935,25.1111111111111
"NSW1213747",0.080915354,2.280125969,232,"No","No","No","No","0","HR",0,0,0,"0","30","NSW1079677","Low","37",NA,NA,26.75
"NSW1214004",0.067426759,1.797186574,626,"No","Yes","Yes","Restricted","50","S",43.75,1,1,"0","30","NSW1079715","Mid","12",NA,2.04472717044112,8.28125
"NSW1213784",0.075353092,2.196463002,234,"No","Yes","No","Restricted","3","MRMS",1.5,0,0,"Minimal active spore colonies","30","NSW1079677","Low","48",NA,NA,26.75
"NSW1211227",0.092881269,1.541814118,545,"No","No","No","No","0","HR",0,0,0,"0","60","NSW1078653","Low","7",NA,2.26674450393043,0.111111111111111
"NSW1213812",0.17112979,2.467243888,116,"No","Yes","No","Unrestricted","60","S",52.5,1,1,"Unrestricted multi-spore colonies","30","NSW1079714","High","41",NA,2.0494754862724,42
"NSW1213796",0.055592299,1.911534228,8,"No","Yes","No","No","5","R",1.25,0,0,"0","30","NSW1079717","Low","36",NA,2.09776013742267,36.6666666666667
"NSW1213727",0.105009226,1.96013417,329,"No","Yes","No","No","5","R",1.25,0,0,"0","30","NSW1078656","Mid","34",NA,2.22539560574861,34.6666666666667
"NSW1214617",0.065735187,1.733673424,37,"No","Yes","No","Restricted","10","MRMS",5,0,0,"0","60","NSW1079717","Mid","13",NA,2.09776013742267,36.6666666666667
"NSW1213762",0.126451155,1.023516248,700,"No","Yes","No","Unrestricted","50","HS",50,1,1,"0","30","NSW1078641","Mid","48",NA,2.23817445920977,1.55555555555556
"NSW1211231",0.136338806,2.733627338,297,"No","No","No","No","0","HR",0,0,0,"Limited new growth","60","NSW1079692","High","61",NA,2.02478482375471,22.6666666666667
"NSW1214490",0.123670446,2.484001768,465,"No","Yes","No","Unrestricted","80","HS",80,1,1,"Top leaves no IR","60","NSW1079692","Low","17",NA,2.02478482375471,22.6666666666667
"NSW1214565",0.060903182,2.241706426,658,"Yes","No","No","Mix","15","HS",15,1,1,"Limited IR on colonies of new leaf","60","NSW1079715","High","17",NA,2.04472717044112,8.28125
"NSW1211233",0.096076179,1.288815122,693,"No","No","No","No","0","HR",0,0,0,"0","60","NSW1078641","Low","20",NA,2.23817445920977,1.55555555555556
"NSW1214299",0.064558956,2.477435625,657,"Yes","Yes","Yes","Restricted","10","MRMS",5,0,0,"Single pustule spore colony","60","NSW1079715","High","27",NA,2.04472717044112,8.28125
"NSW1214561",0.122677196,1.696385813,426,"Yes","Yes","No","Restricted","5","MRMS",2.5,0,0,"A couple of single spore colonies","60","NSW1078647","High","44",NA,2.23517411624935,25.1111111111111
"NSW1211144",0.047220701,2.453394621,619,"No","Yes","No","Restricted","80","MRMS",40,0,0,"3 one spore colony; large chlorotic cover","60","NSW1079715","Low","7",NA,2.04472717044112,8.28125
"NSW1213817",0.114327244,2.320122373,304,"No","No","Yes","Unrestricted","10","MRMS",5,0,0,"1 unrestricted colony","30","NSW1078656","Low","41",NA,2.22539560574861,34.6666666666667
"NSW1213801",0.086178537,2.030449917,603,"No","No","Yes","Unrestricted","15","S",13.125,1,1,"0","30","NSW1079715","Low","36",NA,2.04472717044112,8.28125
"NSW1213751",0.053429733,2.736806181,641,"No","No","No","No","0","0",NA,0,0,"Dead","30","NSW1079715","High","36",NA,2.04472717044112,8.28125
"NSW1214058",0.196234636,2.521112934,119,"No","Yes","Yes","Unrestricted","50","HS",50,1,1,"Unrestricted multi-spore colonies. Multi-spore colonies on branch","30","NSW1079714","High","11",NA,2.0494754862724,42
"NSW1211141",0.121215098,1.688425443,484,"No","Yes","No","Restricted","10","MRMS",5,0,0,"0","60","NSW1079692","Mid","13",NA,2.02478482375471,22.6666666666667
"NSW1211085",0.059332705,1.868952313,65,"Yes","No","No","No","5","R",1.25,0,0,"0","60","NSW1079715","Low","59",NA,2.04472717044112,8.28125
"NSW1213821",0.073290056,2.104679977,41,"No","No","Yes","Restricted","5","MRMS",2.5,0,0,"1 restricted spore colonies","30","NSW1079717","High","41",NA,2.09776013742267,36.6666666666667
"NSW1211121",0.078844261,2.064149376,298,"No","No","No","Unrestricted","60","HS",60,1,1,"0","60","NSW1079715","High","54",NA,2.04472717044112,8.28125
"NSW1213827",0.099279513,1.114971011,535,"No","No","No","No","0","HR",0,0,0,"0","30","NSW1078653","Low","41",NA,2.26674450393043,0.111111111111111
"NSW1214526",0.085120892,1.907367956,184,"No","No","No","No","0","HR",0,0,0,"0","60","NSW1079701","Mid","44",NA,2.05990208297769,34.4
"NSW1214025",0.084555604,2.127697272,664,"No","No","No","No","5","R",1.25,0,0,"0","30","NSW1079715","Low","53",NA,2.04472717044112,8.28125
"NSW1211252",0.105868185,2.708284301,466,"No","No","No","No","0","HR",0,0,0,"0","60","NSW1079692","Low","1",NA,2.02478482375471,22.6666666666667
"NSW1213981",0.039014682,2.147480298,668,"No","Yes","No","Restricted","10","MRMS",5,0,0,"0","30","NSW1079701","Mid","54",NA,2.05990208297769,34.4
"NSW1213731",0.097513157,1.898225508,248,"No","Yes","No","Unrestricted","5","S",4.375,1,1,"Limited immune response. Minimal spores","30","NSW1079677","Mid","36",NA,NA,26.75
"NSW1213781",0.082693366,2.264591776,650,"No","No","No","No","0","0",NA,0,0,"Dead","30","NSW1079715","High","36",NA,2.04472717044112,8.28125
"NSW1213718",0.097027602,1.150032164,528,"No","No","No","No","0","HR",0,0,0,"0","30","NSW1078653","Low","37",NA,2.26674450393043,0.111111111111111
"NSW1213764",0.123996462,0.521368598,526,"No","No","No","No","0","HR",0,0,0,"0","30","NSW1078653","Low","48",NA,2.26674450393043,0.111111111111111
"NSW1213874",0.089854702,0.939208656,676,"No","No","No","No","0","HR",0,0,0,"0","30","NSW1078641","Low","16",NA,2.23817445920977,1.55555555555556
"NSW1213847",0.083992295,2.066148056,287,"No","Yes","Yes","Restricted","10","MS",7.5,0,1,"On branch, limited immune response, distorted leaf shape from colony","30","NSW1079677","Mid","52",NA,NA,26.75
"NSW1214566",0.16006596,1.844950378,430,"Yes","Yes","No","Unrestricted","25","S",21.875,1,1,"Warped elaf","60","NSW1078647","High","44",NA,2.23517411624935,25.1111111111111
"NSW1211235",0.067497457,2.104874668,14,"Yes","No","No","No","5","R",1.25,0,0,"0","60","NSW1079717","Low","20",NA,2.09776013742267,36.6666666666667
"NSW1213752",0.096253091,2.245743318,474,"No","No","No","No","0","HR",0,0,0,"0","30","NSW1079692","Mid","37",NA,2.02478482375471,22.6666666666667
"NSW1214510",0.109953578,1.939270204,612,"Yes","Yes","Yes","Unrestricted","50","S",43.75,1,1,"0","60","NSW1079715","Low","17",NA,2.04472717044112,8.28125
"NSW1213986",0.071551681,2.007223348,291,"No","Yes","Yes","Restricted","20","MS",15,0,1,"0","30","NSW1079701","Mid","54",NA,2.05990208297769,34.4
"NSW1214159",0.042674171,2.406508414,70,"No","Yes","Yes","Unrestricted","80","S",70,1,1,"Bad chlorotic lesions, large","30","NSW1079717","Mid","25",NA,2.09776013742267,36.6666666666667
"NSW1214591",0.089524682,1.988207272,55,"Yes","No","No","No","5","R",1.25,0,0,"0","60","NSW1079717","High","8",NA,2.09776013742267,36.6666666666667
"NSW1214640",0.051427898,1.881111622,242,"No","No","No","No","0","HR",0,0,0,"0","60","NSW1079677","Low","10",NA,NA,26.75
"NSW1213869",0.113969249,2.336965481,157,"No","Yes","No","Restricted","30","MRMS",15,0,0,"0","30","NSW1079701","Low","16",NA,2.05990208297769,34.4
"NSW1214601",0.101544148,1.651820745,715,"No","No","No","No","0","HR",0,0,0,"0","60","NSW1078641","Mid","45",NA,2.23817445920977,1.55555555555556
"NSW1213866",0.141473871,2.148202143,491,"No","No","No","No","0","HR",0,0,0,"0","30","NSW1079692","High","41",NA,2.02478482375471,22.6666666666667
"NSW1213842",0.109493578,1.993279154,324,"No","Yes","No","Restricted","5","MRMS",2.5,0,0,"1 colony, attempted spore penetration evident on branch","30","NSW1078656","Mid","41",NA,2.22539560574861,34.6666666666667
"NSW1214047",0.11072588,1.640016155,371,"No","Yes","No","Restricted","5","MS",3.75,0,1,"Two active spore colonies","30","NSW1078656","High","53",NA,2.22539560574861,34.6666666666667
"NSW1214536",0.133265464,1.248651672,540,"Yes","No","No","No","5","R",1.25,0,0,"0","60","NSW1078653","Low","44",NA,2.26674450393043,0.111111111111111
"NSW1213822",0.104553203,1.700888056,680,"No","No","No","No","0","HR",0,0,0,"0","30","NSW1078641","Low","41",NA,2.23817445920977,1.55555555555556
"NSW1213786",0.065912068,2.090109075,7,"No","No","No","No","0","HR",0,0,0,"0","30","NSW1079717","Low","36",NA,2.09776013742267,36.6666666666667
"NSW1213726",0.11398398,2.379475589,477,"No","No","No","No","0","HR",0,0,0,"0","30","NSW1079692","Mid","36",NA,2.02478482375471,22.6666666666667
"NSW1213789",0.067997144,2.224620405,231,"No","Yes","No","Restricted","20","MRMS",10,0,0,"Minimal active spore colonies","30","NSW1079677","Low","48",NA,NA,26.75
"NSW1214300",0.079167946,2.487546743,292,"Yes","Yes","No","Mix","10","MS",7.5,0,1,"0","60","NSW1079677","Mid","56",NA,NA,26.75
"NSW1213839",0.116376603,2.169733108,77,"No","Yes","No","No","10","R",2.5,0,0,"0","30","NSW1079714","Low","16",NA,2.0494754862724,42
"NSW1214063",0.12362161,1.685401321,702,"Yes","No","No","No","5","R",1.25,0,0,"0","30","NSW1078641","Mid","5",NA,2.23817445920977,1.55555555555556
"NSW1211226",0.084461922,0.40737347,576,"Yes","Yes","No","No","10","R",2.5,0,0,"0","60","NSW1078653","High","28","Unhappy",2.26674450393043,0.111111111111111
"NSW1213832",0.114809947,2.739612389,251,"Yes","Yes","No","Mix","10","MRMS",5,0,0,"0","30","NSW1079677","Mid","41",NA,NA,26.75
"NSW1214031",0.148571428,2.175626415,515,"No","No","No","No","0","HR",0,0,0,"0","30","NSW1079692","Low","53",NA,2.02478482375471,22.6666666666667
"NSW1213856",0.04662088,1.554839231,21,"No","Yes","No","No","5","R",1.25,0,0,"0","30","NSW1079717","Mid","40",NA,2.09776013742267,36.6666666666667
"NSW1213783",0.064699873,0.859351864,531,"No","Yes","No","No","5","R",1.25,0,0,"0","30","NSW1078653","Low","37",NA,2.26674450393043,0.111111111111111
"NSW1213816",0.122632285,1.073663118,701,"No","No","No","No","0","HR",0,0,0,"0","30","NSW1078641","Mid","41",NA,2.23817445920977,1.55555555555556
"NSW1213757",0.131539939,0.918319351,719,"No","No","No","Unrestricted","40","HS",40,1,1,"Limited immune response","30","NSW1078641","High","37",NA,2.23817445920977,1.55555555555556
"NSW1214511",0.05429913,2.278975713,167,"Yes","Yes","No","Unrestricted","25","S",21.875,1,1,"On branch but with IR","60","NSW1079701","Low","1","visibly stressed with small number of leaves",2.05990208297769,34.4
"NSW1411031",0.06548697,2.788812687,57,NA,NA,NA,NA,NA,NA,NA,NA,NA,NA,NA,NA,NA,NA,NA,NA,NA
"NSW1213834",0.10203065,1.062985957,549,"No","No","No","No","0","HR",0,0,0,"0","30","NSW1078653","Mid","16",NA,2.26674450393043,0.111111111111111
"NSW1211182",0.06724661,2.283232239,279,"Yes","Yes","No","Mix","25","MS",18.75,0,1,"0","60","NSW1079677","High","28",NA,NA,26.75
"NSW1211137",0.125010052,2.063112265,391,"Yes","Yes","No","Restricted","10","MRMS",5,0,0,"0","60","NSW1078647","Low","4",NA,2.23517411624935,25.1111111111111
"NSW1214052",0.071370855,1.982990871,71,"No","Yes","No","No","5","R",1.25,0,0,"0","30","NSW1079717","High","52",NA,2.09776013742267,36.6666666666667
"NSW1214228",0.351216407,1.292444197,409,"No","No","No","No","0","HR",0,0,0,"0","60","NSW1078647","Mid","22",NA,2.23517411624935,25.1111111111111
"NSW1211115",0.110971379,1.383358233,448,"Yes","Yes","No","Unrestricted","60","S",52.5,1,1,"0","60","NSW1078653","High","51",NA,2.26674450393043,0.111111111111111
"NSW1213739",0.132311247,1.95685821,327,"No","No","No","No","0","HR",0,0,0,"0","30","NSW1078656","Mid","47",NA,2.22539560574861,34.6666666666667
"NSW1214192",0.227987221,2.607642589,153,"No","No","No","No","0","HR",0,0,0,"0","30","NSW1079701","Low","32",NA,2.05990208297769,34.4
"NSW1213915",0.136284751,1.777812146,518,"Yes","Yes","No","No","5","R",1.25,0,0,"0","30","NSW1079692","Mid","55",NA,2.02478482375471,22.6666666666667
"NSW1213853",0.125970627,1.701511399,306,"Yes","Yes","No","Mix","10","S",8.75,1,1,"0","30","NSW1078656","Low","14",NA,2.22539560574861,34.6666666666667
"NSW1211110",0.085508574,2.009540389,169,"No","No","No","Unrestricted","25","HS",25,1,1,"0","60","NSW1079701","Low","39",NA,2.05990208297769,34.4
"NSW1410971",0.120726381,2.479533201,208,"Yes","Yes","No","Unrestricted","70","HS",70,1,1,"Colonies on leaves with no IR only flecking on background","60","NSW1079701","High","21",NA,2.05990208297769,34.4
"NSW1214217",0.158357589,1.646251076,424,"Yes","No","No","Unrestricted","40","HS",40,1,1,"Plenty of colonies of 1 spore","30","NSW1078647","High","32",NA,2.23517411624935,25.1111111111111
"NSW1411033",0.148482154,2.044146953,299,NA,NA,NA,NA,NA,NA,NA,NA,NA,NA,NA,NA,NA,NA,NA,NA,NA
"NSW1211101",0.049932894,2.679439232,663,"Yes","No","No","No","5","R",1.25,0,0,"0","60","NSW1079715","Low","62",NA,2.04472717044112,8.28125
"NSW1213806",0.22511221,2.155660835,87,"No","Yes","No","No","10","R",2.5,0,0,"0","30","NSW1079714","Low","18",NA,2.0494754862724,42
"NSW1213917",0.181128373,2.666568239,123,"No","No","No","No","0","HR",0,0,0,"No growth tip.","30","NSW1079714","High","3","Lost tip replace",2.0494754862724,42
"NSW1213886",0.464391748,1.033777613,546,"No","No","No","No","0","HR",0,0,0,"0","30","NSW1078653","Mid","40",NA,2.26674450393043,0.111111111111111
"NSW1213793",0.137290747,2.095208659,385,"No","Yes","No","Unrestricted","40","HS",40,1,1,"Minor immune response","30","NSW1078647","Low","37",NA,2.23517411624935,25.1111111111111
"NSW1213729",0.238122097,2.334768039,455,"No","Yes","No","No","10","R",2.5,0,0,"0","30","NSW1079692","Low","47",NA,2.02478482375471,22.6666666666667
"NSW1410973",0.083203544,0.842373865,537,"No","No","No","No","0","HR",0,0,0,"0","60","NSW1078653","Low","50",NA,2.26674450393043,0.111111111111111
"NSW1213858",0.054297812,2.663216801,456,"No","Yes","No","Mix","90","S",78.75,1,1,"Large chlorotic lesions","30","NSW1079692","Low","14",NA,2.02478482375471,22.6666666666667
"NSW1211164",0.10018496,1.910220238,738,"No","No","No","No","0","HR",0,0,0,"0","60","NSW1078656","Low","55",NA,2.22539560574861,34.6666666666667
"NSW1410976",0.199886777,1.845259204,429,"Yes","Yes","No","Unrestricted","70","HS",70,1,1,"Colonies with no IR","60","NSW1078647","High","21",NA,2.23517411624935,25.1111111111111
"NSW1213771",0.118074175,1.058256175,678,"No","No","No","No","0","HR",0,0,0,"0","30","NSW1078641","Low","34",NA,2.23817445920977,1.55555555555556
"NSW1213831",0.134842318,1.787909363,401,"No","Yes","Yes","Unrestricted","10","S",8.75,1,1,"0","30","NSW1078647","Mid","19",NA,2.23517411624935,25.1111111111111
"NSW1211100",0.124611091,0.659969808,692,"No","No","No","No","0","HR",0,0,0,"0","60","NSW1078641","Low","42",NA,2.23817445920977,1.55555555555556
"NSW1214197",0.050177475,2.292427434,158,"No","No","No","No","0","HR",0,0,0,"0","30","NSW1079701","Low","32",NA,2.05990208297769,34.4
"NSW1214190",0.089021206,1.723026978,569,"No","No","No","No","0","0",NA,0,0,"Dead","30","NSW1078653","High","29","Unhealthy replace",2.26674450393043,0.111111111111111
"NSW1211136",0.104879096,2.455114797,186,"Yes","Yes","No","Mix","25","MS",18.75,0,1,"0","60","NSW1079701","Mid","17",NA,2.05990208297769,34.4
"NSW1214167",0.357695316,1.624563316,194,"No","No","No","No","0","0",NA,0,0,"Dead tip","30","NSW1079701","High","33",NA,2.05990208297769,34.4
"NSW1213799",0.109570662,1.185605388,697,"No","No","No","Restricted","1","MRMS",0.5,0,0,"1 1-spore colony","30","NSW1078641","Mid","46",NA,2.23817445920977,1.55555555555556
"NSW1214546",0.182286569,2.782230544,93,"No","Yes","No","No","5","R",1.25,0,0,"0","60","NSW1079714","Low","44",NA,2.0494754862724,42
"NSW1214278",0.140833269,1.862936688,438,"Yes","Yes","Yes","Restricted","10","MRMS",5,0,0,"Single pustule spore colony","60","NSW1078647","Low","58",NA,2.23517411624935,25.1111111111111
"NSW1214084",0.110353289,2.119215194,341,"No","Yes","No","Unrestricted","25","S",21.875,1,1,"Multi spore colonies (3+)","30","NSW1078656","High","11",NA,2.22539560574861,34.6666666666667
"NSW1410982",0.142990509,1.94758349,220,"Yes","Yes","No","Restricted","10","MRMS",5,0,0,"0","60","NSW1079701","Mid","56","bottom 23cm had no leaves",2.05990208297769,34.4
"NSW1213951",0.097675811,1.641108929,527,"Yes","No","No","No","5","R",1.25,0,0,"1 fleck","30","NSW1078653","Low","5",NA,2.26674450393043,0.111111111111111
"NSW1213758",0.173703766,2.546738952,79,"No","Yes","No","Restricted","20","MS",15,0,1,"0","30","NSW1079714","Low","47",NA,2.0494754862724,42
"NSW1211114",0.067711785,2.360228646,187,"NA","NA","NA","NA","NA","NA",NA,1,1,"Missing tip","60","NSW1079701","Mid","6",NA,2.05990208297769,34.4
"NSW1214585",0.117402549,2.387409712,205,"NA","NA","NA","NA","NA","NA",NA,1,1,"Top leaf consumed by mealies. Reinoculate","60","NSW1079701","High","9",NA,2.05990208297769,34.4
"NSW1213798",0.125888443,1.25723826,696,"No","Yes","No","No","5","R",1.25,0,0,"0","30","NSW1078641","Mid","37",NA,2.23817445920977,1.55555555555556
"NSW1213807",0.047049346,1.711544211,622,"No","No","No","No","0","HR",0,0,0,"0","30","NSW1079715","Mid","46",NA,2.04472717044112,8.28125
"NSW1410983",0.111542963,1.548493978,726,"No","No","No","No","0","HR",0,0,0,"0","60","NSW1078641","High","50",NA,2.23817445920977,1.55555555555556
"NSW1410993",0.104317875,1.597709273,355,"No","No","No","No","0","HR",0,0,0,"0","60","NSW1078656","High","50",NA,2.22539560574861,34.6666666666667
"NSW1214171",0.150974104,1.084873194,382,"No","Yes","No","Mix","40","S",35,1,1,"0","30","NSW1078647","Low","23",NA,2.23517411624935,25.1111111111111
"NSW1214078",0.140954942,1.447722638,572,"No","Yes","No","No","5","R",1.25,0,0,"Possibly not rust caused response","30","NSW1078653","High","11",NA,2.26674450393043,0.111111111111111
"NSW1410958",0.06896156,2.266612037,652,"Yes","No","No","Unrestricted","15","HS",15,1,1,"Limited IR on unrestricted colonies","60","NSW1079715","High","21",NA,2.04472717044112,8.28125
"NSW1214113",0.158327918,2.128255397,398,"No","Yes","No","Unrestricted","10","S",8.75,1,1,"On branch","30","NSW1078647","Mid","12",NA,2.23517411624935,25.1111111111111
"NSW1214486",0.15905529,1.481073547,395,"No","Yes","No","Restricted","80","MRMS",40,0,0,"large chlorotic cover but minimal sporulation","60","NSW1078647","Low","15",NA,2.23517411624935,25.1111111111111
"NSW1213743",0.056557277,2.708505033,48,"Yes","Yes","Yes","No","15","R",3.75,0,0,"0","30","NSW1079717","High","47",NA,2.09776013742267,36.6666666666667
"NSW1213861",0.057057187,2.489166681,253,"Yes","Yes","No","Restricted","5","MRMS",2.5,0,0,"0","30","NSW1079677","Mid","40",NA,NA,26.75
"NSW1214222",0.086867757,2.153321927,268,"Yes","No","No","Unrestricted","40","HS",40,1,1,"Limited immune response","30","NSW1079677","High","32",NA,NA,26.75
"NSW1214000",0.174205041,2.644909043,118,"No","No","No","Unrestricted","20","HS",20,1,1,"0","30","NSW1079714","High","31",NA,2.0494754862724,42
"NSW1410988",0.292040618,1.35390346,53,"Yes","Yes","No","Restricted","10","MS",7.5,0,1,"multiple small restricted spore colonies some with limited IR but flecking.","60","NSW1079717","High","45",NA,2.09776013742267,36.6666666666667
"NSW1214133",0.120006487,2.089634386,343,"No","Yes","No","No","1","R",0.25,0,0,"Possibly not rust caused response","30","NSW1078656","High","11",NA,2.22539560574861,34.6666666666667
"NSW1213920",0.193519649,1.880194245,516,"No","No","Yes","No","5","R",1.25,0,0,"0","30","NSW1079692","Mid","55",NA,2.02478482375471,22.6666666666667
"NSW1214273",0.069615992,2.050188463,15,"Yes","Yes","No","Mix","20","S",17.5,1,1,"0","60","NSW1079717","Low","22",NA,2.09776013742267,36.6666666666667
"NSW1211166",0.074155751,2.572615599,18,"Yes","Yes","No","Restricted","10","MS",7.5,0,1,"0","60","NSW1079717","Low","4",NA,2.09776013742267,36.6666666666667
"NSW1211169",0.361240496,2.100675221,32,"Yes","Yes","No","Restricted","5","MRMS",2.5,0,0,"Single one spore colony","60","NSW1079717","Mid","21",NA,2.09776013742267,36.6666666666667
"NSW1214147",0.118684053,1.867691117,30,"No","Yes","No","Unrestricted","20","S",17.5,1,1,"0","30","NSW1079717","Mid","19",NA,2.09776013742267,36.6666666666667
"NSW1213838",0.072846192,2.430294183,29,"No","No","No","No","0","HR",0,0,0,"0","30","NSW1079717","Mid","29",NA,2.09776013742267,36.6666666666667
"NSW1211212",0.115545337,2.224913499,351,"Yes","No","No","Unrestricted","20","HS",20,1,1,"0","60","NSW1078656","High","43",NA,2.22539560574861,34.6666666666667
"NSW1214054",0.107645253,1.784128947,425,"No","Yes","No","No","10","R",2.5,0,0,"0","30","NSW1078647","High","14",NA,2.23517411624935,25.1111111111111
"NSW1211102",0.135049887,1.236071983,711,"Yes","No","No","No","5","R",1.25,0,0,"0","60","NSW1078641","Mid","22",NA,2.23817445920977,1.55555555555556
"NSW1211175",0.044526363,1.956327702,221,"No","Yes","No","Mix","50","MS",37.5,0,1,"Large chlorotic lesions but single spores maybe 30 on a leaf","60","NSW1079714","Mid","57",NA,2.0494754862724,42
"NSW1214009",0.088544296,2.688932111,649,"No","Yes","Yes","Unrestricted","40","S",35,1,1,"Limited immune response colonies","30","NSW1079715","High","36",NA,2.04472717044112,8.28125
"NSW1211134",0.082442389,2.488747888,126,"No","Yes","No","Mix","40","S",35,1,1,"On branch","60","NSW1079714","High","7",NA,2.0494754862724,42
"NSW1211239",0.332808118,2.331207744,89,"No","Yes","No","Mix","80","MS",60,0,1,"Small spore coverage but large chlorotic lesions","60","NSW1079714","Low","20",NA,2.0494754862724,42
"NSW1213823",0.111391821,2.067330554,178,"No","No","No","No","0","HR",0,0,0,"0","30","NSW1079701","Mid","16",NA,2.05990208297769,34.4
"NSW1214038",0.072915207,2.24913828,628,"No","No","No","No","0","HR",0,0,0,"0","30","NSW1079715","Mid","12",NA,2.04472717044112,8.28125
"NSW1214243",0.172752473,2.803696486,112,"No","Yes","No","Restricted","50","MRMS",25,0,0,"high chlorotic cover","60","NSW1079714","Mid","22",NA,2.0494754862724,42
"NSW1213995",0.147548883,1.907889985,454,"No","No","Yes","No","1","R",0.25,0,0,"0","30","NSW1079692","Low","31",NA,2.02478482375471,22.6666666666667
"NSW1214034",0.200755991,1.651280781,495,"No","No","No","No","0","HR",0,0,0,"0","30","NSW1079692","High","14",NA,2.02478482375471,22.6666666666667
"NSW1214500",0.10096446,1.519601482,336,"No","Yes","No","Restricted","5","MRMS",2.5,0,0,"Two single spore colonies","60","NSW1078656","Mid","6",NA,2.22539560574861,34.6666666666667
"NSW1214625",0.121754867,2.188409913,286,"Yes","Yes","No","Restricted","30","MRMS",15,0,0,"0","60","NSW1079677","Low","10",NA,NA,26.75
"NSW1211124",0.112523711,1.804658826,729,"NA","NA","NA","NA","NA","NA",NA,1,1,"Too unhealthy to be inoculated","60","NSW1078641","High","7",NA,2.23817445920977,1.55555555555556
"NSW1214502",0.068110182,2.076517897,185,"No","Yes","Yes","Unrestricted","25","S",21.875,1,1,"warped leaf","60","NSW1079701","Mid","15",NA,2.05990208297769,34.4
"NSW1211167",0.103089542,2.462162593,72,"No","Yes","No","Restricted","5","MRMS",2.5,0,0,"0","60","NSW1078647","High","51",NA,2.23517411624935,25.1111111111111
"NSW1213994",0.091186151,2.169876464,250,"No","Yes","Yes","Restricted","5","MRMS",2.5,0,0,"0","30","NSW1079677","Mid","12",NA,NA,26.75
"NSW1213721",0.164130878,2.495338942,472,"No","No","No","No","0","HR",0,0,0,"0","30","NSW1079692","Mid","36",NA,2.02478482375471,22.6666666666667
"NSW1211105",0.050462837,2.581011819,620,"No","Yes","No","Mix","50","MRMS",25,0,0,"0","60","NSW1079715","Low","21",NA,2.04472717044112,8.28125
"NSW1214015",0.098779825,2.421343485,235,"Yes","Yes","No","Restricted","5","MRMS",2.5,0,0,"One active spore colony","30","NSW1079677","Low","31",NA,NA,26.75
"NSW1213989",0.097952208,2.346531228,180,"No","No","No","No","0","HR",0,0,0,"Unhealthy","30","NSW1079701","Mid","14","Unhealthy replace",2.05990208297769,34.4
"NSW1214542",0.117751149,2.279883906,393,"Yes","Yes","No","Mix","20","S",17.5,1,1,"0","60","NSW1078647","Low","35",NA,2.23517411624935,25.1111111111111
"NSW1214624",0.20066351,1.582806208,406,"No","Yes","No","Restricted","25","MRMS",12.5,0,0,"Single one spore colony. Large chlorotic cover","60","NSW1078647","Mid","10",NA,2.23517411624935,25.1111111111111
"NSW1211248",0.126921977,1.439093718,589,"No","No","No","No","0","HR",0,0,0,"0","60","NSW1078656","Low","61",NA,2.22539560574861,34.6666666666667
"NSW1211116",0.13917772,1.942422973,338,"No","No","No","No","0","HR",0,0,0,"0","60","NSW1078656","Mid","27",NA,2.22539560574861,34.6666666666667
"NSW1214524",0.073226957,2.422349501,300,"Yes","Yes","No","Unrestricted","15","S",13.125,1,1,"0","60","NSW1079677","High","63",NA,NA,26.75
"NSW1213991",0.115002503,1.938959749,216,"No","Yes","No","Restricted","10","MRMS",5,0,0,"Pests. Spores on branch","30","NSW1079715","Mid","54",NA,2.04472717044112,8.28125
"NSW1214636",0.139193582,1.365233737,727,"No","No","No","No","0","HR",0,0,0,"0","60","NSW1078641","High","45",NA,2.23817445920977,1.55555555555556
"NSW1214512",0.077054915,2.577989662,181,"Yes","Yes","No","Unrestricted","40","S",35,1,1,"on branch","60","NSW1079701","Mid","21",NA,2.05990208297769,34.4
"NSW1214620",0.060458116,1.594618508,523,"NA","NA","NA","NA","NA","NA",NA,1,1,"Missing tip","60","NSW1079692","High","9",NA,2.02478482375471,22.6666666666667
"NSW1214305",0.09839607,1.260999443,744,"Yes","Yes","No","Mix","25","MS",18.75,0,1,"0","60","NSW1078641","Mid","59",NA,2.23817445920977,1.55555555555556
"NSW1213990",0.125240912,2.285844426,198,"No","No","No","No","0","HR",0,0,0,"Unhealthy","30","NSW1079701","High","31",NA,2.05990208297769,34.4
"NSW1214646",0.108315773,1.14047688,731,"No","No","No","No","0","HR",0,0,0,"0","60","NSW1078641","High","6",NA,2.23817445920977,1.55555555555556
"NSW1214210",0.056754947,2.627564433,610,"No","Yes","No","Restricted","10","MRMS",5,0,0,"0","30","NSW1079715","Low","26",NA,2.04472717044112,8.28125
"NSW1213958",0.10336007,0.62844337,739,"No","No","No","No","0","HR",0,0,0,"0","30","NSW1078641","Low","62",NA,2.23817445920977,1.55555555555556
"NSW1214496",0.111872799,1.216774278,736,"No","No","No","No","0","HR",0,0,0,"0","60","NSW1079701","Low","57",NA,2.05990208297769,34.4
"NSW1214627",0.156247095,1.77629967,392,"No","No","No","Unrestricted","5","HS",5,1,1,"Limited IR","60","NSW1078647","Low","45",NA,2.23517411624935,25.1111111111111
"NSW1214493",0.065967889,2.087277075,261,"No","Yes","No","Unrestricted","80","S",70,1,1,"0","60","NSW1079677","Mid","20",NA,NA,26.75
"NSW1410963",0.157262046,2.226297473,508,"No","No","No","Restricted","5","MRMS",2.5,0,0,"Single spore colony on leaf underside","60","NSW1079692","High","21",NA,2.02478482375471,22.6666666666667
"NSW1214509",0.068125496,1.811465919,74,"No","No","No","Restricted","5","HS",5,1,1,"4 single spore colony","60","NSW1079717","High","58",NA,2.09776013742267,36.6666666666667
"NSW1213980",0.080840625,2.236032113,480,"Yes","Yes","No","No","5","R",1.25,0,0,"0","30","NSW1079692","Mid","30",NA,2.02478482375471,22.6666666666667
"NSW1214138",0.104407113,2.387811598,175,"No","No","No","No","0","HR",0,0,0,"0","30","NSW1079701","Mid","11",NA,2.05990208297769,34.4
"NSW1214567",0.073728882,2.490950145,31,"Yes","Yes","Yes","Unrestricted","80","HS",80,1,1,"Colonies with no IR. Warped leaf shape","60","NSW1079717","Mid","15",NA,2.09776013742267,36.6666666666667
"NSW1410986",0.06451359,2.596686372,514,"No","Yes","Yes","Restricted","20","MRMS",10,0,0,"0","60","NSW1079692","Low","63",NA,2.02478482375471,22.6666666666667
"NSW1211163",0.108340274,2.20903992,505,"No","No","No","No","5","R",1.25,0,0,"0","60","NSW1079692","High","35",NA,2.02478482375471,22.6666666666667
"NSW1214253",0.107416389,0.927262792,542,"No","No","No","No","0","HR",0,0,0,"0","60","NSW1078653","Low","22",NA,2.26674450393043,0.111111111111111
"NSW1214619",0.091961059,1.968264973,486,"No","Yes","Yes","Unrestricted","80","S",70,1,1,"0","60","NSW1079692","Mid","4",NA,2.02478482375471,22.6666666666667
"NSW1213836",0.099975397,0.402918613,698,"Yes","No","No","No","5","R",1.25,0,0,"0","30","NSW1078641","Mid","19",NA,2.23817445920977,1.55555555555556
"NSW1214279",0.094912367,1.992535975,611,"NA","NA","NA","NA","NA","NA",NA,1,1,"Missing tip","60","NSW1079715","Low","27",NA,2.04472717044112,8.28125
"NSW1214310",0.077301255,1.458620373,557,"No","No","No","No","0","HR",0,0,0,"0","60","NSW1078653","Mid","44",NA,2.26674450393043,0.111111111111111
"NSW1213756",0.182681495,2.583853198,83,"No","Yes","No","Mix","15","S",13.125,1,1,"0","30","NSW1079714","Low","34",NA,2.0494754862724,42
"NSW1214563",0.179766664,2.739351799,145,"No","Yes","No","No","5","R",1.25,0,0,"High high mealy bug load, covered in mildew may block spores. Cleaned.","60","NSW1079714","Mid","53",NA,2.0494754862724,42
"NSW1213730",0.096874627,2.0712939,452,"No","Yes","Yes","Restricted","15","MRMS",7.5,0,0,"0","30","NSW1079692","Low","33",NA,2.02478482375471,22.6666666666667
"NSW1214065",0.108114982,1.783075917,396,"No","Yes","No","No","5","R",1.25,0,0,"0","30","NSW1078647","Mid","11",NA,2.23517411624935,25.1111111111111
"NSW1214615",0.080996722,2.090242525,210,"Yes","Yes","No","Restricted","5","MRMS",2.5,0,0,"Single 1 spore colony","60","NSW1079701","High","9",NA,2.05990208297769,34.4
"NSW1213934",0.180406623,2.604205881,143,"No","No","No","No","0","HR",0,0,0,"0","30","NSW1079717","Mid","57",NA,2.09776013742267,36.6666666666667
"NSW1213891",0.086066222,2.736006858,471,"No","Yes","Yes","Restricted","30","MRMS",15,0,0,"Cluster but minimal sporulation","30","NSW1079692","Mid","5",NA,2.02478482375471,22.6666666666667
"NSW1214559",0.12188805,1.133422529,694,"No","No","No","No","0","HR",0,0,0,"0","60","NSW1078641","Low","24",NA,2.23817445920977,1.55555555555556
"NSW1214022",0.123916828,1.930208854,399,"No","No","Yes","No","5","R",1.25,0,0,"0","30","NSW1078647","Mid","31",NA,2.23517411624935,25.1111111111111
"NSW1214554",0.087370304,2.39865848,617,"Yes","Yes","No","Restricted","10","MRMS",5,0,0,"0","60","NSW1079715","Low","24",NA,2.04472717044112,8.28125
"NSW1214547",0.108505376,2.237502981,366,"Yes","Yes","No","Mix","20","S",17.5,1,1,"0","60","NSW1078656","Mid","53",NA,2.22539560574861,34.6666666666667
"NSW1211145",0.098127377,2.415101314,294,"No","No","No","No","0","HR",0,0,0,"0","60","NSW1079677","Mid","52",NA,NA,26.75
"NSW1214177",0.208414203,2.722535795,104,"No","Yes","No","No","5","R",1.25,0,0,"0","30","NSW1079714","Mid","32",NA,2.0494754862724,42
"NSW1213725",0.082407178,2.006267449,2,"No","Yes","No","No","5","R",1.25,0,0,"0","30","NSW1079717","Low","33",NA,2.09776013742267,36.6666666666667
"NSW1211089",0.108447731,2.536707857,238,"No","Yes","No","Unrestricted","50","HS",50,1,1,"Leaf with no IR. Chlorosis on more mature leaves discounted","60","NSW1079677","Low","9",NA,NA,26.75
"NSW1211104",0.103517272,2.196946821,189,"NA","NA","NA","NA","NA","NA",NA,1,1,"Missing tip eaten","60","NSW1079701","Mid","6",NA,2.05990208297769,34.4
"NSW1211170",0.205184304,2.689561923,133,"Yes","Yes","No","Restricted","15","MS",11.25,0,1,"0","60","NSW1079714","High","24",NA,2.0494754862724,42
"NSW1214577",0.073200896,2.042483896,616,"Yes","No","No","No","5","R",1.25,0,0,"0","60","NSW1079715","Low","4",NA,2.04472717044112,8.28125
"NSW1211205",0.138219944,1.960382999,364,"No","Yes","No","Mix","40","MS",30,0,1,"0","60","NSW1079701","Low","61",NA,2.05990208297769,34.4
"NSW1214531",0.144250403,1.476016886,317,"No","No","No","No","0","HR",0,0,0,"0","60","NSW1078656","Low","44",NA,2.22539560574861,34.6666666666667
"NSW1211168",0.181747045,1.757491728,407,"No","No","No","No","0","HR",0,0,0,"0","60","NSW1078647","Mid","44",NA,2.23517411624935,25.1111111111111
"NSW1214487",0.113581796,0.861483115,689,"No","Yes","Yes","Unrestricted","75","S",65.625,1,1,"0","60","NSW1078641","Low","28",NA,2.23817445920977,1.55555555555556
"NSW1213734",0.106574475,1.768501288,328,"No","No","No","No","0","HR",0,0,0,"0","30","NSW1078656","Mid","47",NA,2.22539560574861,34.6666666666667
"NSW1214152",0.132852169,2.334391636,400,"No","Yes","Yes","Restricted","10","MRMS",5,0,0,"0","30","NSW1078647","Mid","32",NA,2.23517411624935,25.1111111111111
"NSW1211232",0.173267644,2.629157294,92,"No","Yes","No","Restricted","50","MRMS",25,0,0,"0","60","NSW1079714","Low","9",NA,2.0494754862724,42
"NSW1214055",0.160416853,0.958381939,417,"No","Yes","Yes","Restricted","5","MRMS",2.5,0,0,"0","30","NSW1078647","High","31",NA,2.23517411624935,25.1111111111111
"NSW1213910",0.108622107,1.134825557,596,"Yes","No","No","No","5","R",1.25,0,0,"0","30","NSW1078647","High","55",NA,2.23517411624935,25.1111111111111
"NSW1214522",0.078395368,2.955664782,62,"No","Yes","No","Restricted","30","MRMS",15,0,0,"0","60","NSW1079717","Low","60",NA,2.09776013742267,36.6666666666667
"NSW1213930",0.086036231,2.250661133,290,"No","Yes","Yes","Mix","15","MS",11.25,0,1,"0","30","NSW1078653","Low","57",NA,2.26674450393043,0.111111111111111
"NSW1411032",0.062805877,2.378902412,280,NA,NA,NA,NA,NA,NA,NA,NA,NA,NA,NA,NA,NA,NA,NA,NA,NA
"NSW1211210",0.054919282,1.953375171,615,NA,NA,NA,NA,NA,NA,NA,NA,NA,NA,NA,NA,NA,NA,NA,NA,NA
"NSW1214576",0.167884563,2.129650024,482,"No","No","No","No","0","HR",0,0,0,"Mealy bug coverage","60","NSW1079692","Mid","8",NA,2.02478482375471,22.6666666666667
"NSW1214226",0.110486261,1.407948975,548,"No","No","No","No","0","HR",0,0,0,"0","30","NSW1078653","Mid","23",NA,2.26674450393043,0.111111111111111
"NSW1214283",0.09815936,1.009857821,582,"No","No","No","No","0","HR",0,0,0,"0","60","NSW1078653","High","13",NA,2.26674450393043,0.111111111111111
"NSW1214191",0.242154993,1.986990745,459,"No","Yes","No","Unrestricted","80","S",70,1,1,"Large chlorosis","30","NSW1079692","Low","23",NA,2.02478482375471,22.6666666666667
"NSW1211146",0.061318749,2.701350198,665,"Yes","Yes","No","Unrestricted","10","MS",7.5,0,1,"0","60","NSW1079715","Low","53",NA,2.04472717044112,8.28125
"NSW1214592",0.063526681,2.028188725,237,"Yes","No","No","Unrestricted","60","HS",60,1,1,"Leaf with no IR. Chlorosis on more mature leaves discounted","60","NSW1079677","Low","13",NA,NA,26.75
"NSW1211109",0.059548944,2.523672745,613,"No","No","No","Unrestricted","5","HS",5,1,1,"0","60","NSW1079715","Low","6",NA,2.04472717044112,8.28125
"NSW1211159",0.057393859,2.586394889,39,"No","Yes","No","Unrestricted","85","S",74.375,1,1,"Warped leaf","60","NSW1079717","Mid","35",NA,2.09776013742267,36.6666666666667
"NSW1214606",0.100627553,2.154858317,257,"No","No","No","Mix","15","S",13.125,1,1,"0","60","NSW1079677","Mid","8",NA,NA,26.75
"NSW1211236",0.083965409,2.25056797,672,"Yes","Yes","No","Mix","75","S",65.625,1,1,"0","60","NSW1079715","High","60",NA,2.04472717044112,8.28125
"NSW1213791",0.085936052,2.13178682,227,"No","No","No","No","0","HR",0,0,0,"0","30","NSW1079677","Low","36",NA,NA,26.75
"NSW1211172",0.088657243,1.19915641,706,"No","No","No","No","0","HR",0,0,0,"Unhealthy, heavy mealy bug presence","60","NSW1078641","Mid","13",NA,2.23817445920977,1.55555555555556
"NSW1214528",0.107637725,1.352079534,748,"Yes","No","No","No","5","R",1.25,0,0,"0","60","NSW1078641","High","53",NA,2.23817445920977,1.55555555555556
"NSW1214093",0.194854564,2.676656946,84,"No","Yes","No","No","5","R",1.25,0,0,"0","30","NSW1079714","Low","11",NA,2.0494754862724,42
"NSW1213740",0.094864104,2.45875426,152,"No","Yes","No","No","5","R",1.25,0,0,"0","30","NSW1079701","Low","33",NA,2.05990208297769,34.4
"NSW1214616",0.375209098,1.52598194,20,"Yes","Yes","Yes","No","5","R",1.25,0,0,"0","60","NSW1079717","Low","8",NA,2.09776013742267,36.6666666666667
"NSW1211120",0.082055649,2.639104023,73,"No","No","No","No","0","HR",0,0,0,"0","60","NSW1079717","High","58",NA,2.09776013742267,36.6666666666667
"NSW1211171",0.131400874,2.72528154,207,"No","Yes","No","No","5","R",1.25,0,0,"0","60","NSW1079701","High","35",NA,2.05990208297769,34.4
"NSW1213943",0.100639648,1.949354566,367,"No","No","No","Restricted","1","S",0.875,1,1,"One active spore colony, no immune response otherwise","30","NSW1078656","Mid","62",NA,2.22539560574861,34.6666666666667
"NSW1410978",0.042054343,2.451383929,11,"No","Yes","No","No","5","R",1.25,0,0,"0","60","NSW1079717","Low","50",NA,2.09776013742267,36.6666666666667
"NSW1213779",0.142108052,1.443079266,307,"No","Yes","Yes","Restricted","5","MRMS",2.5,0,0,"Minimal active spore colonies","30","NSW1078656","Low","48",NA,2.22539560574861,34.6666666666667
"NSW1214035",0.034950609,2.345426358,63,"No","Yes","No","Restricted","20","MS",15,0,1,"0","30","NSW1078653","Low","54",NA,2.26674450393043,0.111111111111111
"NSW1214244",0.131675394,2.333699738,240,"Yes","Yes","No","Unrestricted","75","HS",75,1,1,"Leaf with no IR","60","NSW1079677","Low","8",NA,NA,26.75
"NSW1213900",0.078110854,2.349521456,213,"Yes","No","No","No","5","R",1.25,0,0,"0","30","NSW1079717","Low","54",NA,2.09776013742267,36.6666666666667
"NSW1211119",0.065481202,2.081555491,202,"No","No","No","No","0","HR",0,0,0,"0","60","NSW1079701","High","1",NA,2.05990208297769,34.4
"NSW1211195",0.131913227,1.741395181,442,"No","Yes","No","Unrestricted","30","S",26.25,1,1,"0","60","NSW1078647","Mid","58",NA,2.23517411624935,25.1111111111111
"NSW1213975",0.108427174,2.397149345,160,"No","Yes","No","Unrestricted","60","HS",60,1,1,"Some colonies with no immune response","30","NSW1079701","Low","30",NA,2.05990208297769,34.4
"NSW1214501",0.06722927,2.263424375,40,"Yes","No","No","No","5","R",1.25,0,0,"0","60","NSW1079717","Mid","15",NA,2.09776013742267,36.6666666666667
"NSW1213996",0.109941457,1.341042792,699,"Yes","Yes","No","Mix","10","MS",7.5,0,1,"0","30","NSW1078641","Mid","30",NA,2.23817445920977,1.55555555555556
"NSW1411037",0.132501509,1.945182763,412,NA,NA,NA,NA,NA,NA,NA,NA,NA,NA,NA,NA,NA,NA,NA,NA,NA
"NSW1211090",0.130305883,2.429530823,521,"No","No","No","No","0","HR",0,0,0,"0","60","NSW1079677","High","54",NA,NA,26.75
"NSW1214182",0.135820148,2.41281498,272,"No","No","No","No","10","MRMS",5,0,0,"0","30","NSW1079677","High","33",NA,NA,26.75
"NSW1214007",0.208780478,1.527484376,24,"No","Yes","No","No","15","R",3.75,0,0,"Very limited sporulation","30","NSW1079717","Mid","49",NA,2.09776013742267,36.6666666666667
"NSW1214188",0.105721307,2.63226603,122,"No","Yes","No","Unrestricted","50","HS",50,1,1,"No immune response other than on mature leaves","30","NSW1079714","High","14",NA,2.0494754862724,42
"NSW1213940",0.11542285,1.665679203,513,"No","Yes","Yes","No","5","R",1.25,0,0,"0","30","NSW1079692","Low","56",NA,2.02478482375471,22.6666666666667
"NSW1211229",0.12205633,2.234442285,333,"No","Yes","Yes","Mix","40","MS",30,0,1,"0","60","NSW1078656","Mid","28",NA,2.22539560574861,34.6666666666667
"NSW1213937",0.223142712,2.334690157,451,"Yes","No","Yes","No","5","R",1.25,0,0,"0","30","NSW1079692","Low","3",NA,2.02478482375471,22.6666666666667
"NSW1214001",0.163435142,1.660077524,255,"No","Yes","Yes","Restricted","10","MRMS",5,0,0,"0","30","NSW1079677","Mid","31",NA,NA,26.75
"NSW1214051",0.109178554,2.599147458,517,"No","No","No","No","0","HR",0,0,0,"0","30","NSW1078653","Mid","51",NA,2.26674450393043,0.111111111111111
"NSW1211083",0.120055527,2.492801594,258,"No","No","No","Unrestricted","80","HS",80,1,1,"Chlorosis on older leaves","60","NSW1079677","Mid","35",NA,NA,26.75
"NSW1214041",0.133226855,1.915625279,436,"No","Yes","Yes","No","10","R",2.5,0,0,"0","30","NSW1079701","Low","51",NA,2.05990208297769,34.4
"NSW1214012",0.24879522,1.872324178,368,"No","Yes","No","No","1","R",0.25,0,0,"0","30","NSW1078656","Mid","53",NA,2.22539560574861,34.6666666666667
"NSW1213787",0.055508164,2.356451081,200,"Yes","No","No","No","10","R",2.5,0,0,"0","30","NSW1079701","High","2",NA,2.05990208297769,34.4
"NSW1214303",0.180854088,2.099725004,353,"Yes","Yes","No","Unrestricted","50","HS",50,1,1,"Multiple colonies no IR","60","NSW1078656","High","24",NA,2.22539560574861,34.6666666666667
"NSW1214179",0.078963588,2.269114248,601,"No","Yes","Yes","Restricted","10","MRMS",5,0,0,"0","30","NSW1079715","Low","29",NA,2.04472717044112,8.28125
"NSW1214037",0.100701877,1.435426022,533,"No","No","No","No","1","R",0.25,0,0,"0","30","NSW1078653","Low","49",NA,2.26674450393043,0.111111111111111
"NSW1213960",0.136107134,2.312642199,369,"No","Yes","Yes","Restricted","5","MRMS",2.5,0,0,"On branch, limited immune response","30","NSW1079701","Mid","57",NA,2.05990208297769,34.4
"NSW1214629",0.372401087,1.39823478,487,"Yes","Yes","Yes","Restricted","50","MRMS",25,0,0,"0","60","NSW1079692","Mid","10",NA,2.02478482375471,22.6666666666667
"NSW1213857",0.083518271,1.867362098,497,"Yes","Yes","No","No","10","R",2.5,0,0,"0","30","NSW1079692","High","46",NA,2.02478482375471,22.6666666666667
"NSW1211126",0.154127266,1.036699278,740,"No","Yes","No","Restricted","5","MRMS",2.5,0,0,"single spore colony on branch","60","NSW1079692","High","54",NA,2.02478482375471,22.6666666666667
"NSW1214581",0.114303621,1.864687601,434,"Yes","No","No","Mix","10","MS",7.5,0,1,"10 single spore colony on one leaf, but one unrestricted 5+ spores pustule","60","NSW1078647","High","1",NA,2.23517411624935,25.1111111111111
"NSW1211139",0.130448369,0.994300453,579,"No","No","No","No","0","HR",0,0,0,"0","60","NSW1078653","High","7",NA,2.26674450393043,0.111111111111111
"NSW1213997",0.18906879,2.814998734,150,"No","Yes","No","No","1","R",0.25,0,0,"One spot","30","NSW1079714","High","52",NA,2.0494754862724,42
"NSW1214083",0.079172061,2.322035999,80,"No","Yes","No","No","5","R",1.25,0,0,"0","30","NSW1079714","Low","11",NA,2.0494754862724,42
"NSW1214230",0.064199303,2.292712003,209,"Yes","Yes","No","Restricted","15","MS",11.25,0,1,"0","60","NSW1079701","High","27",NA,2.05990208297769,34.4
"NSW1214595",0.078418211,2.252109306,655,"No","No","No","Restricted","5","MRMS",2.5,0,0,"Single 2 spore colony underside leaf otherwise clean","60","NSW1079715","High","4",NA,2.04472717044112,8.28125
"NSW1411026",0.116483435,0.608513853,538,NA,NA,NA,NA,NA,NA,NA,NA,NA,NA,NA,NA,NA,NA,NA,NA,NA
"NSW1211097",0.128448135,2.421767712,54,"Yes","No","No","No","5","R",1.25,0,0,"0","60","NSW1079717","High","22",NA,2.09776013742267,36.6666666666667
"NSW1214021",0.062888961,1.425086728,587,"No","No","No","No","0","HR",0,0,0,"0","30","NSW1079717","High","51",NA,2.09776013742267,36.6666666666667
"NSW1211130",0.114173499,1.638615356,69,"Yes","Yes","No","No","95","R",23.75,0,0,"0","60","NSW1079717","Mid","63",NA,2.09776013742267,36.6666666666667
"NSW1213904",0.159211087,1.614074719,444,"No","No","Yes","Restricted","5","MRMS",2.5,0,0,"Two spore colonies","30","NSW1078647","Mid","59",NA,2.23517411624935,25.1111111111111
"NSW1214045",0.120270335,1.140409316,681,"No","No","No","No","0","HR",0,0,0,"0","30","NSW1078641","Low","30",NA,2.23817445920977,1.55555555555556
"NSW1214525",0.054511082,1.925909079,634,"Yes","No","No","No","5","R",1.25,0,0,"0","60","NSW1079715","Mid","17",NA,2.04472717044112,8.28125
"NSW1214186",0.118172793,2.080882683,226,"No","Yes","No","No","5","R",1.25,0,0,"0","30","NSW1079677","Low","23",NA,NA,26.75
"NSW1411003",0.061747119,2.088562915,164,"Yes","No","No","No","5","R",1.25,0,0,"0","60","NSW1079701","Low","42",NA,2.05990208297769,34.4
"NSW1214508",0.085067709,2.284617169,654,"Yes","No","No","No","5","R",1.25,0,0,"0","60","NSW1079715","High","18",NA,2.04472717044112,8.28125
"NSW1214523",0.138154626,1.762520712,708,"No","No","No","No","0","HR",0,0,0,"0","60","NSW1078641","Mid","18",NA,2.23817445920977,1.55555555555556
"NSW1213753",0.123104763,1.500216803,344,"No","Yes","No","Unrestricted","15","S",13.125,1,1,"0","30","NSW1078656","High","47",NA,2.22539560574861,34.6666666666667
"NSW1211133",0.053584589,1.577951325,223,"Yes","No","No","No","5","R",1.25,0,0,"0","60","NSW1079701","High","62",NA,2.05990208297769,34.4
"NSW1213754",0.17859532,2.415313631,102,"No","Yes","No","Restricted","20","MRMS",10,0,0,"0","30","NSW1079714","Mid","47",NA,2.0494754862724,42
"NSW1213719",0.086889572,2.509382437,269,"No","Yes","No","Unrestricted","20","S",17.5,1,1,"0","30","NSW1079677","High","48",NA,NA,26.75
"NSW1211230",0.11282575,2.277238939,633,"Yes","Yes","No","Restricted","40","MRMS",20,0,0,"0","60","NSW1079715","Mid","28",NA,2.04472717044112,8.28125
"NSW1213802",0.203638829,2.360463368,120,"No","No","No","Unrestricted","20","HS",20,1,1,"1 unrestricted colony (3++). Colony with no immune response","30","NSW1079714","High","2",NA,2.0494754862724,42
"NSW1214513",0.088176256,2.697437671,507,"No","Yes","No","Mix","60","MS",45,0,1,"0","60","NSW1079692","High","18",NA,2.02478482375471,22.6666666666667
"NSW1411036",0.068784209,1.757120169,632,"No","No","No","No","0","HR",0,0,0,"Mealy bug coverage","60","NSW1079715","Mid","42",NA,2.04472717044112,8.28125
"NSW1214298",0.256130383,1.720744912,449,"No","No","No","No","0","HR",0,0,0,"0","60","NSW1079714","High","55",NA,2.0494754862724,42
"NSW1214596",0.441560945,1.016161095,389,"No","Yes","No","Restricted","5","MRMS",2.5,0,0,"Three 1 spore colony","60","NSW1078647","Low","8",NA,2.23517411624935,25.1111111111111
"NSW1411012",0.115082169,1.683065458,394,"No","Yes","No","No","5","R",1.25,0,0,"0","60","NSW1078647","Low","50",NA,2.23517411624935,25.1111111111111
"NSW1214572",0.168271205,1.822746902,88,"No","No","No","No","0","HR",0,0,0,"0","60","NSW1079714","Low","45",NA,2.0494754862724,42
"NSW1214027",0.095126721,1.668488211,679,NA,NA,NA,NA,NA,NA,NA,NA,NA,NA,NA,NA,NA,NA,NA,NA,NA
"NSW1410968",0.118404314,1.508027984,695,"Yes","No","No","No","5","R",1.25,0,0,"0","60","NSW1078641","Low","50",NA,2.23817445920977,1.55555555555556
"NSW1211108",0.068185273,2.437228341,671,"No","No","No","No","0","HR",0,0,0,"0","60","NSW1079715","High","62",NA,2.04472717044112,8.28125
"NSW1214549",0.129499715,2.030933146,241,"Yes","No","No","Unrestricted","50","HS",50,1,1,"Leaf with no IR","60","NSW1079677","Low","24",NA,NA,26.75
"NSW1214634",0.151542845,1.624026817,411,"No","No","No","No","0","HR",0,0,0,"0","60","NSW1078647","Mid","39",NA,2.23517411624935,25.1111111111111
"NSW1214229",0.116094243,2.286644857,501,"No","Yes","Yes","No","5","R",1.25,0,0,"0","60","NSW1079692","High","13",NA,2.02478482375471,22.6666666666667
"NSW1214108",0.103707094,2.098634274,193,"No","No","No","No","0","HR",0,0,0,"0","30","NSW1079701","High","12",NA,2.05990208297769,34.4
"NSW1211148",0.119051866,1.854515794,374,"Yes","No","No","Unrestricted","60","HS",60,1,1,"Limited IR","60","NSW1078656","High","60",NA,2.22539560574861,34.6666666666667
"NSW1214234",0.173054528,2.101633985,481,"No","Yes","No","Unrestricted","10","S",8.75,1,1,"0","60","NSW1079692","Mid","13",NA,2.02478482375471,22.6666666666667
"NSW1214017",0.132824622,2.382612828,252,"No","Yes","No","Restricted","1","R",0.25,0,0,"0","30","NSW1079677","Mid","49",NA,NA,26.75
"NSW1214144",0.414274855,1.288925431,703,"No","No","No","No","0","HR",0,0,0,"0","30","NSW1078641","Mid","29",NA,2.23817445920977,1.55555555555556
"NSW1213942",0.117762147,1.497153078,421,"No","No","No","No","0","HR",0,0,0,"0","30","NSW1078647","High","3",NA,2.23517411624935,25.1111111111111
"NSW1213977",0.104928787,0.836175617,724,"Yes","No","No","No","5","R",1.25,0,0,"0","30","NSW1078641","High","49",NA,2.23817445920977,1.55555555555556
"NSW1211138",0.178719623,2.407379477,148,"No","No","No","No","0","HR",0,0,0,"0","60","NSW1079714","High","62",NA,2.0494754862724,42
"NSW1214032",0.086363299,2.002366827,230,"No","Yes","Yes","Unrestricted","70","HS",70,1,1,"0","30","NSW1079677","Low","49",NA,NA,26.75
"NSW1213944",0.131229665,1.896632782,370,"No","No","No","No","0","HR",0,0,0,"0","30","NSW1078656","Mid","60",NA,2.22539560574861,34.6666666666667
"NSW1214204",0.195950784,1.412855481,623,"No","No","No","No","0","HR",0,0,0,"0","30","NSW1079715","Mid","29",NA,2.04472717044112,8.28125
"NSW1214239",0.192448313,2.553919333,111,"Yes","Yes","No","Restricted","85","MRMS",42.5,0,0,"high chlorotic cover","60","NSW1079714","Mid","9",NA,2.0494754862724,42
"NSW1411024",0.105155828,2.929614072,503,"No","Yes","No","Unrestricted","20","S",17.5,1,1,"0","60","NSW1079692","High","42",NA,2.02478482375471,22.6666666666667
"NSW1214172",0.089508094,2.003719659,50,"Yes","No","No","No","5","R",1.25,0,0,"0","30","NSW1079717","High","33",NA,2.09776013742267,36.6666666666667
"NSW1211149",0.071089729,2.623121624,638,"No","Yes","No","Mix","15","MS",11.25,0,1,"0","60","NSW1079715","Mid","38",NA,2.04472717044112,8.28125
"NSW1214209",0.174249698,0.998310132,555,"No","No","No","No","0","HR",0,0,0,"0","30","NSW1078653","Mid","29",NA,2.26674450393043,0.111111111111111
"NSW1211238",0.066921024,2.130665847,66,"No","No","No","No","0","HR",0,0,0,"0","60","NSW1079717","Mid","62",NA,2.09776013742267,36.6666666666667
"NSW1211151",0.22497973,2.27014691,147,"Yes","No","No","Unrestricted","50","HS",50,1,1,"Little IR","60","NSW1078653","Mid","51",NA,2.26674450393043,0.111111111111111
"NSW1214042",0.123239675,1.588804244,677,"No","No","No","No","0","HR",0,0,0,"0","30","NSW1078641","Low","49",NA,2.23817445920977,1.55555555555556
"NSW1213970",0.118390688,2.352526977,666,"No","No","No","No","0","HR",0,0,0,"0","30","NSW1079715","Mid","56",NA,2.04472717044112,8.28125
"NSW1213914",0.327295096,1.419969406,441,"No","Yes","No","Unrestricted","20","S",17.5,1,1,"0","30","NSW1078647","Mid","59",NA,2.23517411624935,25.1111111111111
"NSW1213818",0.135541377,1.686075866,322,"No","No","No","No","0","HR",0,0,0,"0","30","NSW1078656","Mid","16",NA,2.22539560574861,34.6666666666667
"NSW1211249",0.175124067,2.806168222,141,"Yes","Yes","No","Unrestricted","50","HS",50,1,1,"Leaf with no IR","60","NSW1079714","Mid","62",NA,2.0494754862724,42
"NSW1211122",0.17682928,2.243242821,462,"Yes","No","No","No","5","R",1.25,0,0,"0","60","NSW1079692","Low","28",NA,2.02478482375471,22.6666666666667
"NSW1211152",0.087131326,0.832876935,750,"Yes","No","No","No","5","R",1.25,0,0,"0","60","NSW1078641","High","63",NA,2.23817445920977,1.55555555555556
"NSW1214187",0.062661484,1.084155203,566,"No","Yes","No","Restricted","0","HR",0,0,0,"0","30","NSW1078653","High","33",NA,2.26674450393043,0.111111111111111
"NSW1214258",0.088588147,2.32372233,461,"Yes","No","No","Unrestricted","80","S",70,1,1,"0","60","NSW1079692","Low","22",NA,2.02478482375471,22.6666666666667
"NSW1411011",0.124842602,2.137916265,115,"No","No","No","No","0","HR",0,0,0,"Only flecking on more mature leaves, discounted.","60","NSW1079714","Mid","50",NA,2.0494754862724,42
"NSW1410996",0.096101191,2.04629552,245,NA,NA,NA,NA,NA,NA,NA,NA,NA,NA,NA,NA,NA,NA,NA,NA,NA
"NSW1214626",0.071491882,1.580655287,561,NA,NA,NA,NA,NA,NA,NA,NA,NA,NA,NA,NA,NA,NA,NA,NA,NA
"NSW1214036",0.177102075,1.098266053,705,"No","No","No","No","0","HR",0,0,0,"0","30","NSW1078641","Mid","49",NA,2.23817445920977,1.55555555555556
"NSW1213962",0.132680327,2.456302385,174,"Yes","Yes","No","Unrestricted","30","HS",30,1,1,"Multi big colonies. On branch","30","NSW1079701","Mid","3",NA,2.05990208297769,34.4
"NSW1411018",0.159220784,1.667093365,311,"No","No","No","No","0","HR",0,0,0,"0","60","NSW1078656","Low","42",NA,2.22539560574861,34.6666666666667
"NSW1410972",0.139520267,2.092869131,358,NA,NA,NA,NA,NA,NA,NA,NA,NA,NA,NA,NA,NA,NA,NA,NA,NA
"NSW1213794",0.103844344,1.978975261,26,"No","No","No","No","0","HR",0,0,0,"0","30","NSW1079717","Mid","46",NA,2.09776013742267,36.6666666666667
"NSW1214215",0.160467023,1.76151101,608,"Yes","No","No","No","5","R",1.25,0,0,"0","30","NSW1079715","Low","26",NA,2.04472717044112,8.28125
"NSW1214016",0.114714528,2.158725764,296,"No","No","No","No","0","HR",0,0,0,"0","30","NSW1079677","High","53",NA,NA,26.75
"NSW1214534",0.087545187,2.148233009,90,"Yes","No","No","No","5","R",1.25,0,0,"0","60","NSW1079714","Low","35",NA,2.0494754862724,42
"NSW1213945",0.182537468,0.959486852,737,"No","No","No","No","0","HR",0,0,0,"0","30","NSW1078641","Low","56",NA,2.23817445920977,1.55555555555556
"NSW1213741",0.237338647,0.932200368,718,"Yes","No","No","No","1","R",0.25,0,0,"0","30","NSW1078641","High","34",NA,2.23817445920977,1.55555555555556
"NSW1211103",0.221642091,1.580655054,356,"Yes","No","No","No","5","R",1.25,0,0,"0","60","NSW1078656","High","17",NA,2.22539560574861,34.6666666666667
"NSW1213849",0.104309264,1.929387135,44,"No","Yes","No","Unrestricted","30","S",26.25,1,1,"0","30","NSW1079717","High","16",NA,2.09776013742267,36.6666666666667
"NSW1410957",0.118126635,1.340074693,593,"No","No","No","No","0","HR",0,0,0,"0","60","NSW1078653","Mid","53",NA,2.26674450393043,0.111111111111111
"NSW1213773",0.11759906,1.966076897,308,"No","Yes","No","No","5","R",1.25,0,0,"0","30","NSW1078656","Low","47",NA,2.22539560574861,34.6666666666667
"NSW1214180",0.25377908,2.310437581,47,"No","No","No","No","0","HR",0,0,0,"0","30","NSW1079717","High","26",NA,2.09776013742267,36.6666666666667
"NSW1214026",0.197551812,1.287713678,440,"No","Yes","No","Unrestricted","25","HS",25,1,1,"Limited immune response","30","NSW1078647","Low","52",NA,2.23517411624935,25.1111111111111
"NSW1214308",0.139201396,1.879616815,439,"No","Yes","Yes","Restricted","25","MRMS",12.5,0,0,"0","60","NSW1078647","Low","58",NA,2.23517411624935,25.1111111111111
"NSW1214274",0.205202127,2.41159022,91,"No","No","No","Unrestricted","30","HS",30,1,1,"warped leaves","60","NSW1079714","Low","27",NA,2.0494754862724,42
"NSW1214637",0.085656546,2.262698703,502,"Yes","Yes","Yes","Unrestricted","15","S",13.125,1,1,"Warped leaf","60","NSW1079692","High","20",NA,2.02478482375471,22.6666666666667
"NSW1214642",0.111538649,1.136109375,730,"No","No","No","No","0","HR",0,0,0,"0","60","NSW1078641","High","39",NA,2.23817445920977,1.55555555555556
"NSW1211140",0.050936867,2.550016077,670,"No","Yes","No","No","5","R",1.25,0,0,"0","60","NSW1079715","Mid","63",NA,2.04472717044112,8.28125
"NSW1214294",0.074968705,2.192365356,225,"No","Yes","No","Mix","25","S",21.875,1,1,"Collony with no IR","60","NSW1079701","High","58",NA,2.05990208297769,34.4
"NSW1214146",0.143387032,1.625215792,5,"No","No","No","No","0","HR",0,0,0,"0","30","NSW1079717","Low","23",NA,2.09776013742267,36.6666666666667
"NSW1214550",0.190475403,2.705223963,94,"No","No","No","No","0","HR",0,0,0,"0","60","NSW1079714","Low","21",NA,2.0494754862724,42
"NSW1211162",0.164904383,1.793592497,75,"Yes","Yes","Yes","Unrestricted","60","S",52.5,1,1,"0","60","NSW1079717","High","56",NA,2.09776013742267,36.6666666666667
"NSW1213852",0.098819944,2.239831269,266,"No","Yes","No","Unrestricted","20","HS",20,1,1,"Multi active spore colonies, limited immune response on young leaves (chlorosis on more mature)","30","NSW1079677","High","46",NA,NA,26.75
"NSW1211243",0.062512991,2.523113735,653,"No","Yes","No","Unrestricted","50","HS",50,1,1,"0","60","NSW1079715","High","20",NA,2.04472717044112,8.28125
"NSW1211150",0.258454357,2.641708617,61,"No","Yes","No","Mix","25","S",21.875,1,1,"0","60","NSW1079717","Low","56",NA,2.09776013742267,36.6666666666667
"NSW1211165",0.191478584,2.279438957,36,"Yes","No","No","No","5","R",1.25,0,0,"0","60","NSW1079717","Mid","27",NA,2.09776013742267,36.6666666666667
"NSW1214545",0.207492071,1.217297717,437,"No","Yes","Yes","Unrestricted","40","S",35,1,1,"0","60","NSW1078647","Low","63",NA,2.23517411624935,25.1111111111111
"NSW1214529",0.096206659,1.768395852,450,"No","Yes","No","Restricted","20","MS",15,0,1,"0","60","NSW1079715","Mid","54",NA,2.04472717044112,8.28125
"NSW1214521",0.196189818,2.194735277,85,"No","Yes","No","Unrestricted","60","MS",45,0,1,"Minimal spore colonies","60","NSW1079714","Low","19",NA,2.0494754862724,42
"NSW1211250",0.123635135,1.1581443,745,"No","No","No","No","0","HR",0,0,0,"0","60","NSW1078647","Mid","61",NA,2.23517411624935,25.1111111111111
"NSW1214488",0.282274194,1.299413933,584,"Yes","No","No","No","5","R",1.25,0,0,"0","60","NSW1078653","High","18",NA,2.26674450393043,0.111111111111111
"NSW1214238",0.055966253,2.331966458,651,"No","Yes","No","Unrestricted","30","HS",30,1,1,"Limited IR on unrestricted colonies","60","NSW1079715","High","22",NA,2.04472717044112,8.28125
"NSW1411023",0.107772733,0.915354971,728,"Yes","No","No","No","5","R",1.25,0,0,"0","60","NSW1078641","High","50",NA,2.23817445920977,1.55555555555556
"NSW1213749",0.155122248,1.899797645,479,"No","No","No","No","0","HR",0,0,0,"0","30","NSW1079692","Mid","47",NA,2.02478482375471,22.6666666666667
"NSW1213748",0.105491743,1.064756173,575,"No","No","No","No","0","HR",0,0,0,"0","30","NSW1078653","High","47",NA,2.26674450393043,0.111111111111111
"NSW1213909",0.130270955,2.521234505,511,"No","No","No","No","0","HR",0,0,0,"0","30","NSW1079692","Low","58",NA,2.02478482375471,22.6666666666667
"NSW1213985",0.104109271,2.127281758,325,"No","No","No","No","0","HR",0,0,0,"0","30","NSW1078656","Mid","30",NA,2.22539560574861,34.6666666666667
"NSW1410966",0.1364488,1.643623905,413,"No","Yes","Yes","Unrestricted","25","S",21.875,1,1,"0","60","NSW1078647","Mid","21",NA,2.23517411624935,25.1111111111111
"NSW1410967",0.102157204,1.99932508,163,NA,NA,NA,NA,NA,NA,NA,NA,NA,NA,NA,NA,NA,NA,NA,NA,NA
"NSW1211161",0.420907309,1.434881053,372,"No","Yes","No","Restricted","10","MRMS",5,0,0,"0","60","NSW1078653","High","55",NA,2.26674450393043,0.111111111111111
"NSW1213929",0.078865948,2.409318525,293,"No","No","Yes","Restricted","5","MRMS",2.5,0,0,"0","30","NSW1079677","Mid","58",NA,NA,26.75
"NSW1213862",0.107380484,1.429550936,228,"No","Yes","No","Unrestricted","50","MS",37.5,0,1,"Multiple colonies","30","NSW1079677","Low","46",NA,NA,26.75
"NSW1213792",0.112055949,1.822460862,342,"No","No","No","No","0","HR",0,0,0,"0","30","NSW1078656","High","2",NA,2.22539560574861,34.6666666666667
"NSW1214575",0.087879836,2.661572661,483,"No","Yes","No","No","5","R",1.25,0,0,"Mealy bug coverage","60","NSW1079692","Mid","43",NA,2.02478482375471,22.6666666666667
"NSW1214649",0.138352355,1.604435205,256,"Yes","Yes","No","Restricted","10","MS",7.5,0,1,"0","60","NSW1079677","Mid","4",NA,NA,26.75
"NSW1213982",0.116434336,0.905981753,568,"No","No","No","No","0","HR",0,0,0,"0","30","NSW1078653","High","49",NA,2.26674450393043,0.111111111111111
"NSW1214145",0.110396383,2.28298718,305,"No","No","No","No","0","HR",0,0,0,"0","30","NSW1078656","Low","29",NA,2.22539560574861,34.6666666666667
"NSW1214597",0.06959032,2.814137845,168,"No","No","No","No","0","HR",0,0,0,"0","60","NSW1079701","Low","13",NA,2.05990208297769,34.4
"NSW1213926",0.378260797,1.088440807,177,"Yes","Yes","Yes","Restricted","10","S",8.75,1,1,"Kinks","30","NSW1079701","Mid","5",NA,2.05990208297769,34.4
"NSW1213972",0.117064792,2.614159456,233,"No","Yes","No","Unrestricted","20","HS",20,1,1,"Spore colonies with no response","30","NSW1079677","Low","3",NA,NA,26.75
"NSW1214537",0.116201653,1.993603907,388,"No","Yes","No","Restricted","10","MRMS",5,0,0,"One 2 spore colony","60","NSW1078647","Low","35",NA,2.23517411624935,25.1111111111111
"NSW1213947",0.126766723,1.630386766,717,"No","No","No","No","0","HR",0,0,0,"0","30","NSW1078641","High","3",NA,2.23817445920977,1.55555555555556
"NSW1214194",0.09050541,2.024405757,246,"No","No","No","Unrestricted","20","HS",20,1,1,"No immune repsonse","30","NSW1079677","Mid","26",NA,NA,26.75
"NSW1214029",0.129762138,1.629985674,326,"No","No","No","Restricted","1","MRMS",0.5,0,0,"One active spore, no other responses","30","NSW1078656","Mid","49",NA,2.22539560574861,34.6666666666667
"NSW1213782",0.06785683,2.107579729,3,"No","Yes","No","No","1","R",0.25,0,0,"1 spot","30","NSW1079717","Low","2",NA,2.09776013742267,36.6666666666667
"NSW1214057",0.037490399,2.185890147,661,"No","Yes","No","Restricted","10","MRMS",5,0,0,"Three active spore colonies","30","NSW1079715","Low","52",NA,2.04472717044112,8.28125
"NSW1214249",0.194904439,1.982206774,33,"No","No","No","No","0","HR",0,0,0,"0","60","NSW1079717","Mid","7",NA,2.09776013742267,36.6666666666667
"NSW1211241",0.176743363,2.341447167,522,"No","No","No","No","0","HR",0,0,0,"0","60","NSW1079701","High","61",NA,2.05990208297769,34.4
"NSW1214507",0.075464789,1.454307699,687,"No","No","No","No","0","HR",0,0,0,"0","60","NSW1078641","Low","21",NA,2.23817445920977,1.55555555555556
"NSW1211135",0.077310693,0.660639351,594,"No","No","No","No","0","HR",0,0,0,"0","60","NSW1079692","Mid","51",NA,2.02478482375471,22.6666666666667
"NSW1214050",0.158758032,2.392680861,498,"No","No","Yes","No","5","R",1.25,0,0,"0","30","NSW1079692","High","31",NA,2.02478482375471,22.6666666666667
"NSW1214535",0.240681692,2.173407207,107,"No","Yes","Yes","Unrestricted","40","MS",30,0,1,"warped leaf","60","NSW1079714","Mid","18",NA,2.0494754862724,42
"NSW1411030",0.067985221,2.003330433,35,"No","No","No","No","0","HR",0,0,0,"0","60","NSW1079717","Mid","42",NA,2.09776013742267,36.6666666666667
"NSW1211156",0.199377117,2.500085616,149,"No","Yes","No","Restricted","10","MRMS",5,0,0,"0","60","NSW1079714","High","63",NA,2.0494754862724,42
"NSW1213889",0.198563663,2.006374107,662,"No","No","No","Unrestricted","30","HS",30,1,1,"0","30","NSW1078653","Low","59",NA,2.26674450393043,0.111111111111111
"NSW1213892",0.06818835,2.933969339,22,"Yes","Yes","No","Restricted","80","S",70,1,1,"Restricted colonies (1-3 spores). Large chlorotic","30","NSW1079717","Mid","2",NA,2.09776013742267,36.6666666666667
"NSW1211086",0.125107483,1.69928455,386,"Yes","Yes","No","Restricted","15","MRMS",7.5,0,0,"0","60","NSW1078647","Low","4",NA,2.23517411624935,25.1111111111111
"NSW1411017",0.105601418,2.402502287,282,NA,NA,NA,NA,NA,NA,NA,NA,NA,NA,NA,NA,NA,NA,NA,NA,NA
"NSW1213772",0.059454448,2.547802059,609,"No","Yes","Yes","Restricted","15","MRMS",7.5,0,0,"13 colonies total, 1-3 spores","30","NSW1079715","Low","2",NA,2.04472717044112,8.28125
"NSW1213987",0.089670596,1.607297282,500,"No","No","No","No","0","HR",0,0,0,"0","30","NSW1079692","High","49",NA,2.02478482375471,22.6666666666667
"NSW1214562",0.071030773,2.150078218,667,"No","Yes","No","Restricted","10","MRMS",5,0,0,"0","60","NSW1079677","Mid","54",NA,NA,26.75
"NSW1211094",0.106233008,2.107889999,320,"Yes","No","No","No","5","R",1.25,0,0,"0","60","NSW1078656","Low","6",NA,2.22539560574861,34.6666666666667
"NSW1214193",0.133922405,1.719170368,346,"No","No","No","No","0","HR",0,0,0,"0","30","NSW1078656","High","14","Unhappy",2.22539560574861,34.6666666666667
"NSW1214632",0.138884359,0.50957745,712,"No","No","No","No","0","HR",0,0,0,"0","60","NSW1078641","Mid","45",NA,2.23817445920977,1.55555555555556
"NSW1213884",0.221953972,2.098461665,124,"No","Yes","No","Unrestricted","60","S",52.5,1,1,"0","30","NSW1079714","High","16",NA,2.0494754862724,42
"NSW1214263",0.118716075,2.294025925,206,"No","Yes","No","Mix","5","MS",3.75,0,1,"On branch","60","NSW1079701","High","18",NA,2.05990208297769,34.4
"NSW1214259",0.113139397,1.633066635,188,"No","Yes","No","Restricted","10","MRMS",5,0,0,"Snapped but still alive tip","60","NSW1079701","Mid","27",NA,2.05990208297769,34.4
"NSW1213992",0.152676295,1.953024817,493,"No","No","Yes","No","5","R",1.25,0,0,"Two necrotic spots","30","NSW1079692","High","49",NA,2.02478482375471,22.6666666666667
"NSW1214170",0.113157499,1.427342971,380,"No","Yes","Yes","No","5","R",1.25,0,0,"0","30","NSW1078647","Low","26",NA,2.23517411624935,25.1111111111111
"NSW1214610",0.076376861,1.954017104,260,"No","Yes","No","No","20","R",5,0,0,"0","60","NSW1079677","Mid","9",NA,NA,26.75
"NSW1213777",0.129776718,2.174064106,607,"No","No","No","No","0","HR",0,0,0,"0","30","NSW1079715","Low","2",NA,2.04472717044112,8.28125
"NSW1214019",0.130071131,2.483217642,621,"No","Yes","No","Restricted","5","MRMS",2.5,0,0,"0","30","NSW1079715","Mid","14",NA,2.04472717044112,8.28125
"NSW1213881",0.474267561,1.476085812,496,"No","No","No","No","0","HR",0,0,0,"0","30","NSW1079692","High","19",NA,2.02478482375471,22.6666666666667
"NSW1214254",0.08452515,0.921558019,714,"No","No","No","No","0","HR",0,0,0,"0","60","NSW1078641","Mid","27",NA,2.23817445920977,1.55555555555556
"NSW1211087",0.127427289,2.837299727,288,"No","Yes","No","Unrestricted","15","S",13.125,1,1,"0","60","NSW1078653","Low","51",NA,2.26674450393043,0.111111111111111
"NSW1213949",0.136763022,2.083139823,363,"Yes","No","Yes","Restricted","15","MRMS",7.5,0,0,"Limited actual spores","30","NSW1078656","Low","60",NA,2.22539560574861,34.6666666666667
"NSW1213767",0.210872375,2.479854935,82,"No","Yes","No","Restricted","10","MRMS",5,0,0,"2 restricted colonies","30","NSW1079714","Low","2",NA,2.0494754862724,42
"NSW1214520",0.097421837,2.389172869,488,"No","Yes","Yes","Restricted","80","MRMS",40,0,0,"0","60","NSW1079692","Mid","17",NA,2.02478482375471,22.6666666666667
"NSW1211176",0.138167027,2.09027233,446,"No","No","No","No","0","HR",0,0,0,"0","60","NSW1078656","High","59",NA,2.22539560574861,34.6666666666667
"NSW1211129",0.11439871,0.846077105,583,"No","No","No","No","0","HR",0,0,0,"0","60","NSW1078653","High","7",NA,2.26674450393043,0.111111111111111
"NSW1211160",0.082100839,2.385284747,212,"Yes","Yes","Yes","Restricted","25","MS",18.75,0,1,"On branch","60","NSW1079677","Low","51",NA,NA,26.75
"NSW1211240",0.097720899,1.254112357,577,"Yes","No","No","No","5","R",1.25,0,0,"0","60","NSW1078653","High","20",NA,2.26674450393043,0.111111111111111
"NSW1214557",0.108990688,2.64520645,265,"Yes","Yes","No","Unrestricted","15","MS",11.25,0,1,"Single unrestricted pustule","60","NSW1079677","Mid","24",NA,NA,26.75
"NSW1213811",0.126514586,0.516809299,683,"No","No","No","No","0","HR",0,0,0,"0","30","NSW1078641","Low","41",NA,2.23817445920977,1.55555555555556
"NSW1213956",0.087068412,2.353747838,179,"No","No","No","No","0","HR",0,0,0,"0","30","NSW1079701","Mid","5",NA,2.05990208297769,34.4
"NSW1213894",0.331885965,2.04822421,64,"No","No","No","No","0","HR",0,0,0,"0","30","NSW1079717","Low","59",NA,2.09776013742267,36.6666666666667
"NSW1214264",0.063936677,1.147269252,595,"No","No","No","No","0","HR",0,0,0,"0","60","NSW1079692","Mid","51",NA,2.02478482375471,22.6666666666667
"NSW1214605",0.248746487,2.257733408,114,"NA","NA","NA","NA","NA","NA",NA,1,1,"Missing tip","60","NSW1079714","Mid","9",NA,2.0494754862724,42
"NSW1213924",0.076480517,1.149890711,743,"Yes","No","No","No","1","R",0.25,0,0,"0","30","NSW1078641","Mid","60",NA,2.23817445920977,1.55555555555556
"NSW1214594",0.064465808,1.656308747,1,"No","Yes","No","No","5","R",1.25,0,0,"Mealy bug presence on MR susceptible leaves","60","NSW1079717","Low","19",NA,2.09776013742267,36.6666666666667
"NSW1214212",0.107932378,2.043046779,349,"No","Yes","No","Restricted","10","S",8.75,1,1,"0","30","NSW1078656","High","32",NA,2.22539560574861,34.6666666666667
"NSW1411034",0.105768757,2.07584574,161,NA,NA,NA,NA,NA,NA,NA,NA,NA,NA,NA,NA,NA,NA,NA,NA,NA
"NSW1211221",0.123810051,1.826375177,359,"No","No","No","No","0","HR",0,0,0,"0","60","NSW1078656","High","27",NA,2.22539560574861,34.6666666666667
"NSW1214635",0.102888615,1.216655899,539,"Yes","No","No","No","5","R",1.25,0,0,"0","60","NSW1078653","Low","10",NA,2.26674450393043,0.111111111111111
"NSW1214498",0.071389214,2.556368439,34,"No","Yes","No","No","5","R",1.25,0,0,"High mealy bug load","60","NSW1079717","Mid","1",NA,2.09776013742267,36.6666666666667
"NSW1213867",0.072115231,2.456516244,274,"Yes","Yes","No","Unrestricted","15","S",13.125,1,1,"Minimal immune response","30","NSW1079677","High","46",NA,NA,26.75
"NSW1411038",0.050811961,2.430552008,635,NA,NA,NA,NA,NA,NA,NA,NA,NA,NA,NA,NA,NA,NA,NA,NA,NA
"NSW1211096",0.135758362,1.551847624,414,"Yes","Yes","No","Restricted","5","MRMS",2.5,0,0,"0","60","NSW1078647","Mid","24",NA,2.23517411624935,25.1111111111111
"NSW1214621",0.139506663,2.296749273,318,"No","Yes","No","Mix","15","MS",11.25,0,1,"0","60","NSW1078656","Low","8",NA,2.22539560574861,34.6666666666667
"NSW1214288",0.197636744,1.658245835,360,"No","Yes","No","Restricted","10","MRMS",5,0,0,"Two single spore colony","60","NSW1078656","High","13",NA,2.22539560574861,34.6666666666667
"NSW1214483",0.159805669,2.02903143,485,"No","No","No","No","0","HR",0,0,0,"0","60","NSW1079692","Mid","18",NA,2.02478482375471,22.6666666666667
"NSW1213967",0.18000685,2.666901683,81,"No","Yes","No","Unrestricted","70","HS",70,1,1,"Multi unrestricted colonies. On branch.","30","NSW1079714","Low","3",NA,2.0494754862724,42
"NSW1211187",0.143819076,1.645916957,129,"Yes","Yes","No","No","10","R",2.5,0,0,"0","60","NSW1079714","High","28",NA,2.0494754862724,42
"NSW1411029",0.117945548,1.30700608,543,NA,NA,NA,NA,NA,NA,NA,NA,NA,NA,NA,NA,NA,NA,NA,NA,NA
"NSW1214555",0.108017836,1.636533348,410,"No","No","No","No","0","HR",0,0,0,"Mealy bug on bottom heavy load","60","NSW1078647","Mid","8",NA,2.23517411624935,25.1111111111111
"NSW1211084",0.181108922,2.444346367,135,"No","Yes","No","Restricted","5","MRMS",2.5,0,0,"3 single spore coloniwa","60","NSW1079714","High","1",NA,2.0494754862724,42
"NSW1213805",0.190631887,1.658485383,377,"No","Yes","Yes","Unrestricted","20","S",17.5,1,1,"0","30","NSW1078647","Low","19",NA,2.23517411624935,25.1111111111111
"NSW1211092",0.160775671,2.429807724,140,"No","No","No","Unrestricted","20","HS",20,1,1,"One colony with no IR","60","NSW1079714","Low","56",NA,2.0494754862724,42
"NSW1214612",0.147015171,2.205174286,264,"Yes","Yes","No","Unrestricted","80","HS",80,1,1,"Some colonies no IR","60","NSW1079677","Mid","39",NA,NA,26.75
"NSW1410998",0.117876865,2.572236179,263,"No","Yes","No","Restricted","5","MS",3.75,0,1,"Multiple limited colonies with limited IR","60","NSW1079677","Mid","42",NA,NA,26.75
"NSW1213745",0.104889341,2.523820899,629,"No","No","No","No","0","HR",0,0,0,"0","30","NSW1079715","Mid","33",NA,2.04472717044112,8.28125
"NSW1211177",0.226588777,1.245904906,600,"No","No","No","No","0","HR",0,0,0,"0","60","NSW1078647","High","59",NA,2.23517411624935,25.1111111111111
"NSW1214166",0.199237692,1.945370055,199,"No","No","No","No","0","HR",0,0,0,"Unhealthy","30","NSW1079701","High","23",NA,2.05990208297769,34.4
"NSW1214600",0.157564675,1.38427824,581,"Yes","No","No","No","5","R",1.25,0,0,"0","60","NSW1078653","High","42",NA,2.26674450393043,0.111111111111111
"NSW1214056",0.166747952,1.745969225,520,"No","No","No","No","0","HR",0,0,0,"0","30","NSW1078647","Low","51",NA,2.23517411624935,25.1111111111111
"NSW1214484",0.117322876,2.158082081,284,"Yes","Yes","No","Unrestricted","40","S",35,1,1,"0","60","NSW1079677","High","38",NA,NA,26.75
"NSW1411013",0.103158425,1.204847364,690,NA,NA,NA,NA,NA,NA,NA,NA,NA,NA,NA,NA,NA,NA,NA,NA,NA
"NSW1214235",0.098329282,2.223642618,52,"No","Yes","No","Unrestricted","85","HS",85,1,1,"Chlorosis on bottom leaves","60","NSW1079717","High","27",NA,2.09776013742267,36.6666666666667
"NSW1214553",0.081776488,1.000186608,710,"No","No","No","No","0","HR",0,0,0,"0","60","NSW1078641","Mid","39",NA,2.23817445920977,1.55555555555556
"NSW1211127",0.151710079,1.915206816,519,"No","Yes","No","No","5","R",1.25,0,0,"0","60","NSW1079714","Mid","55",NA,2.0494754862724,42
"NSW1213872",0.094027813,1.223525627,682,"No","No","No","No","0","HR",0,0,0,"0","30","NSW1078641","Low","46",NA,2.23817445920977,1.55555555555556
"NSW1213931",0.173770554,1.570695692,383,"No","Yes","No","Unrestricted","40","HS",40,1,1,"Lack of immune response","30","NSW1078647","Low","5",NA,2.23517411624935,25.1111111111111
"NSW1213724",0.294449422,1.547470742,381,"No","Yes","No","No","5","R",1.25,0,0,"0","30","NSW1078647","Low","47",NA,2.23517411624935,25.1111111111111
"NSW1213824",0.197231926,2.784148269,117,"No","Yes","No","Unrestricted","50","S",43.75,1,1,"0","30","NSW1079714","High","19",NA,2.0494754862724,42
"NSW1214248",0.099038979,2.075071819,312,"No","Yes","No","Mix","10","MS",7.5,0,1,"0","60","NSW1078656","Low","22",NA,2.22539560574861,34.6666666666667
"NSW1213938",0.057203171,2.408567108,669,"No","Yes","Yes","Restricted","10","MRMS",5,0,0,"0","30","NSW1079677","Mid","61",NA,NA,26.75
"NSW1211107",0.059002705,2.192910549,277,"No","Yes","No","Unrestricted","80","S",70,1,1,"0","60","NSW1079677","High","22",NA,NA,26.75
"NSW1213837",0.12946569,1.342657038,723,"No","Yes","No","No","10","R",2.5,0,0,"0","30","NSW1078641","High","46",NA,2.23817445920977,1.55555555555556
"NSW1214284",0.432430298,1.097870493,166,"No","Yes","No","Unrestricted","75","S",65.625,1,1,"On branch but with IR","60","NSW1079701","Low","27",NA,2.05990208297769,34.4
"NSW1213921",0.108525394,1.181505619,530,"Yes","No","No","No","10","R",2.5,0,0,"0","30","NSW1078653","Low","5",NA,2.26674450393043,0.111111111111111
"NSW1214580",0.109123113,1.810115124,339,"Yes","No","No","Restricted","10","MRMS",5,0,0,"Potentially dotted with teliospores?","60","NSW1078656","Mid","9",NA,2.22539560574861,34.6666666666667
"NSW1214571",0.060264435,2.348420089,38,"Yes","No","No","Mix","25","S",21.875,1,1,"0","60","NSW1079717","Mid","8",NA,2.09776013742267,36.6666666666667
"NSW1214103",0.128800435,1.656331795,347,"Yes","Yes","No","Restricted","10","MS",7.5,0,1,"Few unrestricted colonies","30","NSW1078656","High","12",NA,2.22539560574861,34.6666666666667
"NSW1214516",0.133503728,1.474550261,314,"Yes","Yes","No","Restricted","10","MS",7.5,0,1,"0","60","NSW1078656","Low","15",NA,2.22539560574861,34.6666666666667
"NSW1211211",0.105548464,2.405085024,219,"No","No","No","No","0","HR",0,0,0,"0","60","NSW1079701","Mid","57",NA,2.05990208297769,34.4
"NSW1211237",0.146782662,1.752105586,337,"No","No","No","No","0","HR",0,0,0,"0","60","NSW1078656","Mid","6",NA,2.22539560574861,34.6666666666667
"NSW1411027",0.156446964,1.721231617,415,NA,NA,NA,NA,NA,NA,NA,NA,NA,NA,NA,NA,NA,NA,NA,NA,NA
"NSW1211153",0.12020658,1.854184105,332,"No","No","No","Restricted","5","MRMS",2.5,0,0,"0","60","NSW1078656","Mid","35",NA,2.22539560574861,34.6666666666667
"NSW1211158",0.079702061,1.764563377,183,"No","No","No","No","0","HR",0,0,0,"0","60","NSW1079701","Mid","35",NA,2.05990208297769,34.4
"NSW1213950",0.121668056,1.189579227,746,"Yes","No","No","Restricted","5","MRMS",2.5,0,0,"One active spore colonies","30","NSW1079714","High","57",NA,2.0494754862724,42
"NSW1213774",0.115660037,1.298265115,716,"No","No","No","No","0","HR",0,0,0,"0","30","NSW1078641","High","48",NA,2.23817445920977,1.55555555555556
"NSW1214114",0.064050588,2.293110949,645,"No","Yes","Yes","Unrestricted","10","S",8.75,1,1,"Multiple colonies","30","NSW1079715","High","12",NA,2.04472717044112,8.28125
"NSW1213905",0.106273855,2.407155901,214,"No","Yes","No","Unrestricted","5","HS",5,1,1,"On branch, limited immune response","30","NSW1079677","Low","57",NA,NA,26.75
"NSW1211095",0.090731265,2.469431365,675,"No","Yes","No","Unrestricted","50","HS",50,1,1,"Little IR","60","NSW1079692","Mid","55",NA,2.02478482375471,22.6666666666667
"NSW1214161",0.150584678,2.137458367,625,"No","Yes","Yes","Mix","50","S",43.75,1,1,"0","30","NSW1079715","Mid","19",NA,2.04472717044112,8.28125
"NSW1211088",0.156328067,2.470601921,295,"No","No","No","No","0","HR",0,0,0,"Limited new growth","60","NSW1078653","Low","61",NA,2.26674450393043,0.111111111111111
"NSW1214002",0.173979843,2.908081939,144,"No","No","No","No","0","HR",0,0,0,"0","30","NSW1079714","Mid","52",NA,2.0494754862724,42
"NSW1214515",0.102724494,1.319980855,556,"No","No","No","No","0","HR",0,0,0,"0","60","NSW1078653","Mid","1",NA,2.26674450393043,0.111111111111111
"NSW1214304",0.122005177,1.385051738,580,"Yes","No","No","No","5","R",1.25,0,0,"0","60","NSW1078653","High","24",NA,2.26674450393043,0.111111111111111
"NSW1214556",0.31960022,2.172486026,614,"No","No","No","No","0","HR",0,0,0,"0","60","NSW1079715","Low","15",NA,2.04472717044112,8.28125
"NSW1411016",0.163184292,1.501615387,432,"Yes","Yes","No","Unrestricted","20","S",17.5,1,1,"Few unrestricted colonies","60","NSW1078647","High","42",NA,2.23517411624935,25.1111111111111
"NSW1214202",0.130018555,2.024659781,303,"No","No","No","No","0","HR",0,0,0,"0","30","NSW1078656","Low","32",NA,2.22539560574861,34.6666666666667
"NSW1213735",0.090397412,2.154920976,604,"No","Yes","No","Restricted","3","MRMS",1.5,0,0,"One 1-spore colony","30","NSW1079715","Low","33",NA,2.04472717044112,8.28125
"NSW1410991",0.121571455,2.132474593,319,NA,NA,NA,NA,NA,NA,NA,NA,NA,NA,NA,NA,NA,NA,NA,NA,NA
"NSW1213939",0.133653029,0.901115577,741,"No","No","No","No","0","0",NA,0,0,"Dead tip","30","NSW1078641","Mid","60",NA,2.23817445920977,1.55555555555556
"NSW1213912",0.140239547,2.200924621,229,"No","No","No","No","0","HR",0,0,0,"No growth tip","30","NSW1079677","Low","3","Lost tip replace",NA,26.75
"NSW1213952",0.226595547,2.339537502,97,"No","Yes","No","No","5","R",1.25,0,0,"Couple chlorotic spots","30","NSW1079714","Mid","3",NA,2.0494754862724,42
"NSW1213877",0.106098818,1.680260644,309,"No","No","No","Restricted","1","MRMS",0.5,0,0,"One 1-spore colony","30","NSW1078656","Low","46",NA,2.22539560574861,34.6666666666667
"NSW1410987",0.141658959,2.170909522,12,"No","Yes","No","No","5","R",1.25,0,0,"0","60","NSW1079717","Low","21",NA,2.09776013742267,36.6666666666667
"NSW1410962",0.113922702,1.109061008,707,"Yes","No","No","No","10","R",2.5,0,0,"0","60","NSW1078641","Mid","21",NA,2.23817445920977,1.55555555555556
"NSW1214647",0.120895572,2.453922515,218,"Yes","Yes","Yes","Restricted","5","MRMS",2.5,0,0,"Warped leaf","60","NSW1079701","Mid","60",NA,2.05990208297769,34.4
"NSW1213795",0.135887768,1.677545905,348,"No","Yes","No","Restricted","20","MRMS",10,0,0,"0","30","NSW1078656","High","34",NA,2.22539560574861,34.6666666666667
"NSW1211251",0.404999151,1.135082076,590,"No","No","No","No","0","HR",0,0,0,"0","60","NSW1078641","High","57",NA,2.23817445920977,1.55555555555556
"NSW1213765",0.100298142,0.867711543,552,"No","No","No","No","0","HR",0,0,0,"0","30","NSW1078653","Mid","33",NA,2.26674450393043,0.111111111111111
"NSW1213766",0.1040308,2.599042143,458,"No","Yes","No","No","5","R",1.25,0,0,"0","30","NSW1079692","Low","34",NA,2.02478482375471,22.6666666666667
"NSW1213750",0.239020522,2.487170032,99,"No","No","No","No","0","HR",0,0,0,"0","30","NSW1079714","Mid","34","Unhealthy replace",2.0494754862724,42
"NSW1214548",0.098488446,2.775666731,463,"No","Yes","No","No","5","R",1.25,0,0,"0","60","NSW1079692","Low","39",NA,2.02478482375471,22.6666666666667
"NSW1213755",0.081895381,1.432894559,547,"No","No","No","No","0","HR",0,0,0,"0","30","NSW1078653","Mid","33",NA,2.26674450393043,0.111111111111111
"NSW1214552",0.15726256,1.632720313,315,"Yes","Yes","No","Unrestricted","20","HS",20,1,1,"Multiple colonies no IR","60","NSW1078656","Low","35",NA,2.22539560574861,34.6666666666667
"NSW1411028",0.130718963,2.311085426,262,NA,NA,NA,NA,NA,NA,NA,NA,NA,NA,NA,NA,NA,NA,NA,NA,NA
"NSW1211111",0.146676397,1.959791484,60,"No","No","No","No","0","HR",0,0,0,"0","60","NSW1079717","High","39",NA,2.09776013742267,36.6666666666667
"NSW1211257",0.137317505,1.116432741,565,"Yes","No","No","No","5","R",1.25,0,0,"0","60","NSW1078653","Mid","24",NA,2.26674450393043,0.111111111111111
"NSW1214533",0.092277874,1.803051564,170,"No","Yes","No","Mix","15","S",13.125,1,1,"On branch","60","NSW1079701","Low","7",NA,2.05990208297769,34.4
"NSW1213760",0.442199025,1.407956581,103,"No","Yes","No","Restricted","5","MRMS",2.5,0,0,"1 1-spore colony","30","NSW1079714","Mid","33",NA,2.0494754862724,42
"NSW1214532",0.357648098,2.177586255,138,"No","Yes","No","Unrestricted","90","HS",90,1,1,"Colonies with no IR","60","NSW1079714","Low","60",NA,2.0494754862724,42
"NSW1214220",0.163102662,2.335334873,78,"No","No","No","No","0","HR",0,0,0,"Dead tip (caterpillar) - live tissue is clean","30","NSW1079714","Low","26",NA,2.0494754862724,42
"NSW1213882",0.126912435,1.901437548,302,"No","Yes","No","Restricted","25","MRMS",12.5,0,0,"Three colonies of 3-spores","30","NSW1078656","Low","46",NA,2.22539560574861,34.6666666666667
"NSW1214216",0.078501141,2.229332404,627,"No","Yes","No","No","5","R",1.25,0,0,"0","30","NSW1079715","Mid","23",NA,2.04472717044112,8.28125
"NSW1214560",0.124864952,1.895216411,354,"No","No","No","No","0","HR",0,0,0,"0","60","NSW1078656","High","17",NA,2.22539560574861,34.6666666666667
"NSW1214268",0.140929015,1.144799253,709,"No","No","No","No","0","HR",0,0,0,"0","60","NSW1078641","Mid","24",NA,2.23817445920977,1.55555555555556
"NSW1214020",0.253559461,1.712094515,136,"No","No","No","No","0","HR",0,0,0,"0","30","NSW1079714","Low","53",NA,2.0494754862724,42
"NSW1411008",0.063330485,2.762084247,17,NA,NA,NA,NA,NA,NA,NA,NA,NA,NA,NA,NA,NA,NA,NA,NA,NA
"NSW1214650",0.086598753,1.970485096,640,"No","No","No","No","0","HR",0,0,0,"0","60","NSW1079715","Mid","4",NA,2.04472717044112,8.28125
"NSW1213768",0.170787851,1.032022515,574,"Yes","No","No","No","5","R",1.25,0,0,"0","30","NSW1078653","High","47",NA,2.26674450393043,0.111111111111111
"NSW1214639",0.143942609,1.730865684,637,"Yes","Yes","No","Restricted","10","MRMS",5,0,0,"0","60","NSW1079715","Mid","10",NA,2.04472717044112,8.28125
"NSW1214156",0.095080559,1.570846162,419,"No","No","No","No","0","0",NA,0,0,"Dead tip","30","NSW1078647","High","23","Unhealthy replace",2.23517411624935,25.1111111111111
"NSW1214289",0.075801899,2.119380424,660,"No","No","No","Unrestricted","80","HS",80,1,1,"0","60","NSW1079715","High","24","Missing bottom 22cm leaves",2.04472717044112,8.28125
"NSW1211157",0.177634326,2.200012442,222,"No","Yes","No","Unrestricted","80","S",70,1,1,"Chlorotic immune response but unrestricted on leaf","60","NSW1079701","High","60",NA,2.05990208297769,34.4
"NSW1214221",0.084809385,2.281907981,247,"No","Yes","Yes","Unrestricted","40","HS",40,1,1,"No immune response in some colonies","30","NSW1079677","Mid","23",NA,NA,26.75
"NSW1411025",0.115991899,1.477055945,334,"Yes","Yes","No","Restricted","10","MS",7.5,0,1,"0","60","NSW1078656","Mid","50",NA,2.22539560574861,34.6666666666667
"NSW1213769",0.178276113,2.351555131,494,"Yes","No","No","No","5","R",1.25,0,0,"0","30","NSW1079692","High","48",NA,2.02478482375471,22.6666666666667
