SYS,SYS,SYS,SYS,SYS,USERDEF,USERDEF,USERDEF,USERDEF,PORO,PORO,PORO,PORO,PORO,PORO,PORO,PORO,PORO,PORO,PORO,PORO,PORO,FLUORO,FLUORO,FLUORO,FLUORO,FLUORO,FLUORO,FLUORO,FLUORO,FLUORO,FLUORO,FLUORO,SENSOR,SENSOR,SENSOR,SENSOR,SENSOR,SENSOR,SENSOR,SENSOR,SENSOR,SENSOR,SENSOR,MATCH,MATCH,MATCH,MATCH,STABILITY,STABILITY,STABILITY,STABILITY,STABILITY,STABILITY,P_CONFIG,P_CONFIG,P_CONFIG,P_CONFIG,P_CONFIG,P_CONFIG,P_CONFIG,P_CONFIG,P_CONFIG,P_CONFIG,P_CONFIG,FL_CONFIG,FL_CONFIG,FL_CONFIG,FL_CONFIG,FL_CONFIG,FL_CONFIG,FL_CONFIG,FL_CONFIG,FL_CONFIG,FL_CONFIG,FL_CONFIG,FL_CONFIG,FL_CONFIG,FL_CONFIG,FL_CONFIG,SENSOR_V,SENSOR_V,SENSOR_V,SENSOR_V,SENSOR_V,SENSOR_V,SENSOR_V,SENSOR_V,SENSOR_V,SENSOR_V,USERCAL,USERCAL,USERCAL,USERCAL,USERCAL,USERCAL,USERCAL,USERCAL,USERCAL,USERCAL,META,META,META,META,META,META,META
Obs#,Time,Date,configName,configAuthor,remark,NSWID,IID,Drought,gsw,gbw,gtw,E_apparent,VPcham,VPref,VPleaf,VPDleaf,H2O_r,H2O_s,H2O_leaf,leaf_area,leaf_width,flashID,Fo,Fm,Fv/Fm,Fs,Fm',PhiPS2,PS2/1,abs,ETR,TRANS,rh_s,rh_r,Tref,Tmeas,Tleaf,P_atm,flow,flow_s,leak_pct,Qamb,batt,match_time,match_date,rh_adj,type,gsw1sec,gsw2sec,gsw4sec,flr1sec,flr2sec,flr4sec,auto,flow_set,gsw_limit,gsw_period,aw,Bla,Blb,Blc,Bld,Ble,chamber,dark,flash_type,flash_intensity,modrate,flr_limit,flr_period,P1_dur,P2_dur,P3_dur,P1_Fmax,P2_ramp,P2_slp,P3_Fmax,P3_Pred,P3_DeltaF,v_humA,v_humB,v_flowIn,v_flowOut,v_temp,v_irt,v_pres,v_par,v_F,i_LED,b_rhr,m_rhr,span_rhr,b_rhs,m_rhs,span_rhs,z_flowIn,z_flowOut,z_quantum,z_flr,flashId,lciSerNum,lcpSerNum,lcfSerNum,lcrhSerNum,version,configUpdatedAt
,HHMMSS,YYYYMMDD,,,,,,,mol+1m-2s-1,mol+1m-2s-1,mol+1m-2s-1,mmol+1m-2s-1,kPa,kPa,kPa,kPa,mmol+1mol-1,mmol+1mol-1,mmol+1mol-1,cm+2,mm,,,,,,,,,,umol+1m-2s-1,,%,%,C,C,C,kPa,umol+1sec-1,umol+1sec-1,%,umol+1m-2s-1,V,HHMMSS,YYYYMMDD,%,,,,,,,,,umol+1sec-1,(umol+1m-2s-1)s-1,s,,,,,,,,,,umol+1m-2s-1,Hz,s-1,s,ms,ms,ms,,%,,,,,V,V,V,V,V,V,V,V,V,A,,,,,,,,,,,,,,,,,
1,8:24:13,29/01/2025,K_lowfl_medbth,Karina Guo,,,434,High,0.09493,1.902448,0.090418,1.005535,1.607899,1.552248,2.713521,1.105622,15.281195,15.829049,26.713406,0.441786,7.5,PSF-01163_20250129082413_e5a,0,0,0,131.411072,563.403381,0.766755,0.5,0.8,16.977276,1,57.59,55.6,22.84,22.37,22.37,101.58,79.8,79.8,0,55,4.13,8:23:57,29/01/2025,-2.01,1,-0.001,-0.001,-0.003,-0.093,-0.237,-0.589,1,75,0.001,2,0.058905,0,0.02923,0,0,-0.000068,standard,0,rectangular,7000,500,1,2,55537,55537,55537,0,-9999,0,0,0,0,2.450514,2.495202,1.073814,0.762625,0.297352,-0.003416,0.043369,0.155497,131.411072,0.001163,2.363673,0.000005,1,2.399535,0.000012,1,0.601056,0.600294,0.107352,0,PSF-01163_20250129082413_e5a,PFA-00994,PSA-00994,PSF-01163,RHS-01998,3.0.0,2025-01-13T08:33:48.201Z
2,8:24:49,29/01/2025,K_lowfl_medbth,Karina Guo,,,434,High,0.086757,1.903971,0.082976,0.915311,1.639717,1.589128,2.736101,1.096384,15.644222,16.142246,26.935629,0.441786,7.5,PSF-01163_20250129082449_9a2,0,0,0,133.945938,547.828674,0.755497,0.5,0.8,15.684224,1,58.56,56.76,22.88,22.5,22.5,101.58,79.9,79.6,0.4,52,4.126,8:23:57,29/01/2025,-2.01,1,0,0,-0.003,0.138,-0.076,-0.689,1,75,0.001,2,0.058905,0,0.02923,0,0,-0.000068,standard,0,rectangular,7000,500,1,2,55537,55537,55537,0,-9999,0,0,0,0,2.452034,2.496521,1.07438,0.762007,0.296794,-0.002431,0.047955,0.152493,133.945938,0.001146,2.363673,0.000005,1,2.399535,0.000012,1,0.601056,0.600294,0.107352,0,PSF-01163_20250129082449_9a2,PFA-00994,PSA-00994,PSF-01163,RHS-01998,3.0.0,2025-01-13T08:33:48.201Z
3,8:25:32,29/01/2025,K_lowfl_medbth,Karina Guo,,,434,High,0.085213,1.904478,0.081563,0.886563,1.659159,1.610186,2.739383,1.080224,15.85152,16.333641,26.967939,0.441786,7.5,PSF-01163_20250129082532_97d,0,0,0,127.721786,569.485535,0.775724,0.5,0.8,16.352943,1,59.04,57.3,22.94,22.52,22.52,101.58,79.9,79.8,0.1,53,4.099,8:23:57,29/01/2025,-2.01,1,0,-0.001,-0.003,0.1,0.268,0.329,1,75,0.001,2,0.058905,0,0.02923,0,0,-0.000068,standard,0,rectangular,7000,500,1,2,55537,55537,55537,0,-9999,0,0,0,0,2.452734,2.497159,1.074569,0.762582,0.296071,-0.002885,0.05362,0.15319,127.721786,0.001158,2.363673,0.000005,1,2.399535,0.000012,1,0.601056,0.600294,0.107352,0,PSF-01163_20250129082532_97d,PFA-00994,PSA-00994,PSF-01163,RHS-01998,3.0.0,2025-01-13T08:33:48.201Z
4,8:26:02,29/01/2025,K_lowfl_medbth,Karina Guo,,,167,Low,0.086402,1.901465,0.082646,0.879642,1.663224,1.614532,2.721099,1.057875,15.893532,16.37285,26.786623,0.441786,7.5,PSF-01163_20250129082602_0ce,0,0,0,136.30307,578.674438,0.764456,0.5,0.8,16.065996,1,59,57.28,22.99,22.41,22.41,101.58,79.7,70.6,11.5,53,4.123,8:23:57,29/01/2025,-2.01,1,-0.001,-0.001,-0.003,0.026,0.303,-0.04,1,75,0.001,2,0.058905,0,0.02923,0,0,-0.000068,standard,0,rectangular,7000,500,1,2,55537,55537,55537,0,-9999,0,0,0,0,2.452698,2.497103,1.073449,0.742454,0.295476,-0.004652,0.057388,0.153049,136.30307,0.001148,2.363673,0.000005,1,2.399535,0.000012,1,0.601056,0.600294,0.107352,0,PSF-01163_20250129082602_0ce,PFA-00994,PSA-00994,PSF-01163,RHS-01998,3.0.0,2025-01-13T08:33:48.201Z
5,8:27:24,29/01/2025,K_lowfl_medbth,Karina Guo,,,167,Low,0.0937,1.899024,0.089294,0.960808,1.700223,1.646969,2.769248,1.069026,16.212519,16.73674,27.260069,0.441786,7.5,PSF-01163_20250129082724_271,0,0,0,130.373596,576.596619,0.773891,0.5,0.8,16.439041,1,59.71,57.84,23.16,22.7,22.7,101.59,79.6,79.9,-0.4,53,4.121,8:23:57,29/01/2025,-2.01,1,0,-0.001,-9999,0.051,0.186,-9999,1,75,0.001,2,0.058905,0,0.02923,0,0,-0.000068,standard,0,rectangular,7000,500,1,2,55537,55537,55537,0,-9999,0,0,0,0,2.453406,2.498034,1.072544,0.76287,0.293508,-0.003311,0.068009,0.15354,130.373596,0.001144,2.363673,0.000005,1,2.399535,0.000012,1,0.601056,0.600294,0.107352,0,PSF-01163_20250129082724_271,PFA-00994,PSA-00994,PSF-01163,RHS-01998,3.0.0,2025-01-13T08:33:48.201Z
6,8:27:55,29/01/2025,K_lowfl_medbth,Karina Guo,,,167,Low,0.149333,1.903412,0.138469,1.354251,1.7269,1.652088,2.698718,0.971818,16.264072,17.000559,26.567671,0.441786,7.5,PSF-01163_20250129082755_fab,0,0,0,127.992867,567.494629,0.77446,0.5,0.8,18.41605,1,60.41,57.79,23.23,22.28,22.28,101.58,79.9,75.2,5.8,59,4.12,8:23:57,29/01/2025,-2.01,1,0,0,-9999,-0.224,-0.129,-9999,1,75,0.001,2,0.058905,0,0.02923,0,0,-0.000068,standard,0,rectangular,7000,500,1,2,55537,55537,55537,0,-9999,0,0,0,0,2.453332,2.498976,1.074172,0.75248,0.29275,-0.0087,0.071751,0.159057,127.992867,0.001139,2.363673,0.000005,1,2.399535,0.000012,1,0.601056,0.600294,0.107352,0,PSF-01163_20250129082755_fab,PFA-00994,PSA-00994,PSF-01163,RHS-01998,3.0.0,2025-01-13T08:33:48.201Z
7,8:28:15,29/01/2025,K_lowfl_medbth,Karina Guo,,,536,Low,0.069907,1.907676,0.067436,0.711678,1.701508,1.662296,2.750048,1.04854,16.364162,16.750177,27.07233,0.441786,7.5,PSF-01163_20250129082815_2ae,0,0,0,122.899536,563.44165,0.781877,0.5,0.8,18.527487,1,59.36,57.99,23.27,22.59,22.59,101.58,80.1,79.7,0.5,59,4.119,8:23:57,29/01/2025,-2.01,1,0,0,-0.003,-0.153,-0.165,-0.211,1,75,0.001,2,0.058905,0,0.02923,0,0,-0.000068,standard,0,rectangular,7000,500,1,2,55537,55537,55537,0,-9999,0,0,0,0,2.453583,2.497536,1.07576,0.762213,0.292218,-0.005791,0.074264,0.158877,122.899536,0.001158,2.363673,0.000005,1,2.399535,0.000012,1,0.601056,0.600294,0.107352,0,PSF-01163_20250129082815_2ae,PFA-00994,PSA-00994,PSF-01163,RHS-01998,3.0.0,2025-01-13T08:33:48.201Z
8,8:28:52,29/01/2025,K_lowfl_medbth,Karina Guo,,,536,Low,0.069421,1.899442,0.066973,0.720394,1.713024,1.673115,2.781476,1.068452,16.471153,16.86404,27.382524,0.441786,7.5,PSF-01163_20250129082852_d47,0,0,0,124.313591,583.035339,0.786782,0.5,0.8,17.045696,1,59.46,58.07,23.36,22.77,22.77,101.58,79.6,79.6,0.1,54,4.118,8:23:57,29/01/2025,-2.01,1,0.001,0,-9999,0.129,0.403,-9999,1,75,0.001,2,0.058905,0,0.02923,0,0,-0.000068,standard,0,rectangular,7000,500,1,2,55537,55537,55537,0,-9999,0,0,0,0,2.453676,2.497658,1.072698,0.762033,0.291242,-0.004649,0.0787,0.15446,124.313591,0.001151,2.363673,0.000005,1,2.399535,0.000012,1,0.601056,0.600294,0.107352,0,PSF-01163_20250129082852_d47,PFA-00994,PSA-00994,PSF-01163,RHS-01998,3.0.0,2025-01-13T08:33:48.201Z
9,8:29:21,29/01/2025,K_lowfl_medbth,Karina Guo,,,536,Low,0.041247,1.901507,0.040372,0.46546,1.709791,1.684041,2.854602,1.144811,16.578918,16.832422,28.102768,0.441786,7.5,PSF-01163_20250129082921_e50,0,0,0,133.729218,575.88385,0.767784,0.5,0.8,17.823544,1,59.1,58.21,23.42,23.2,23.2,101.58,79.8,68.3,14.3,58,4.118,8:23:57,29/01/2025,-2.01,1,0,0,-9999,0.112,0.153,-9999,1,75,0.001,2,0.058905,0,0.02923,0,0,-0.000068,standard,0,rectangular,7000,500,1,2,55537,55537,55537,0,-9999,0,0,0,0,2.453841,2.497156,1.073465,0.737621,0.290437,-0.000667,0.082226,0.157829,133.729218,0.001119,2.363673,0.000005,1,2.399535,0.000012,1,0.601056,0.600294,0.107352,0,PSF-01163_20250129082921_e50,PFA-00994,PSA-00994,PSF-01163,RHS-01998,3.0.0,2025-01-13T08:33:48.201Z
10,8:29:54,29/01/2025,K_lowfl_medbth,Karina Guo,,,556,Mid,0.099243,1.906289,0.094332,0.996787,1.739635,1.684682,2.789111,1.049477,16.584291,17.125252,27.456478,0.441786,7.5,PSF-01163_20250129082954_636,0,0,0,138.761398,567.901978,0.75566,0.5,0.8,17.046547,1,59.85,57.96,23.5,22.82,22.82,101.58,80,69.2,13.5,56,4.116,8:23:57,29/01/2025,-2.01,1,0,0,-0.002,0.035,-0.001,-0.293,1,75,0.001,2,0.058905,0,0.02923,0,0,-0.000068,standard,0,rectangular,7000,500,1,2,55537,55537,55537,0,-9999,0,0,0,0,2.453493,2.49816,1.075243,0.739608,0.289528,-0.005782,0.086199,0.156403,138.761398,0.001147,2.363673,0.000005,1,2.399535,0.000012,1,0.601056,0.600294,0.107352,0,PSF-01163_20250129082954_636,PFA-00994,PSA-00994,PSF-01163,RHS-01998,3.0.0,2025-01-13T08:33:48.201Z
11,8:30:21,29/01/2025,K_lowfl_medbth,Karina Guo,,,556,Mid,0.010852,1.900807,0.010791,0.129571,1.697011,1.689837,2.889267,1.192256,16.63455,16.70516,28.441584,0.441786,7.5,PSF-01163_20250129083021_c2a,0,0,0,142.430298,570.300232,0.750254,0.5,0.8,13.760341,1,58.17,57.92,23.56,23.4,23.4,101.59,79.7,79.8,-0.1,46,4.116,8:23:57,29/01/2025,-2.01,1,-0.001,-0.001,-0.003,0.029,-0.176,-0.411,1,75,0.001,2,0.058905,0,0.02923,0,0,-0.000068,standard,0,rectangular,7000,500,1,2,55537,55537,55537,0,-9999,0,0,0,0,2.453439,2.495864,1.073205,0.762606,0.288835,0.000021,0.089303,0.147232,142.430298,0.001152,2.363673,0.000005,1,2.399535,0.000012,1,0.601056,0.600294,0.107352,0,PSF-01163_20250129083021_c2a,PFA-00994,PSA-00994,PSF-01163,RHS-01998,3.0.0,2025-01-13T08:33:48.201Z
13,8:31:10,29/01/2025,K_lowfl_medbth,Karina Guo,,,556,Mid,0.087102,1.904832,0.083293,0.907699,1.744932,1.694841,2.827101,1.082169,16.683313,17.176388,27.828812,0.441786,7.5,PSF-01163_20250129083110_fb5,0,0,0,131.86705,547.593018,0.759188,0.5,0.8,14.297548,1,59.44,57.73,23.67,23.04,23.04,101.59,79.9,79.2,1,47,4.114,8:23:57,29/01/2025,-2.01,1,0.001,0,0.002,-0.001,0.043,-0.022,1,75,0.001,2,0.058905,0,0.02923,0,0,-0.000068,standard,0,rectangular,7000,500,1,2,55537,55537,55537,0,-9999,0,0,0,0,2.453165,2.497574,1.074701,0.761142,0.287633,-0.00513,0.095024,0.148301,131.86705,0.001145,2.363673,0.000005,1,2.399535,0.000012,1,0.601056,0.600294,0.107352,0,PSF-01163_20250129083110_fb5,PFA-00994,PSA-00994,PSF-01163,RHS-01998,3.0.0,2025-01-13T08:33:48.201Z
14,8:31:32,29/01/2025,K_lowfl_medbth,Karina Guo,,,82,Low,0.084668,1.901656,0.081059,0.837835,1.740324,1.693987,2.767055,1.026731,16.675026,17.131151,27.237942,0.441786,7.5,PSF-01163_20250129083132_36e,0,0,0,139.180542,589.440491,0.763877,0.5,0.8,14.891294,1,59.13,57.55,23.71,22.69,22.69,101.59,79.8,79.5,0.3,49,4.114,8:23:57,29/01/2025,-2.01,1,0,0,0.002,-0.031,0.018,0.068,1,75,0.001,2,0.058905,0,0.02923,0,0,-0.000068,standard,0,rectangular,7000,500,1,2,55537,55537,55537,0,-9999,0,0,0,0,2.45292,2.497142,1.07352,0.761921,0.287135,-0.009525,0.097597,0.14974,139.180542,0.001146,2.363673,0.000005,1,2.399535,0.000012,1,0.601056,0.600294,0.107352,0,PSF-01163_20250129083132_36e,PFA-00994,PSA-00994,PSF-01163,RHS-01998,3.0.0,2025-01-13T08:33:48.201Z
15,8:32:29,29/01/2025,K_lowfl_medbth,Karina Guo,,,82,Low,0.049094,1.905216,0.047861,0.521877,1.730374,1.701579,2.813302,1.082928,16.750172,17.033628,27.693865,0.441786,7.5,PSF-01163_20250129083229_c29,0,0,0,137.369507,599.605347,0.7709,0.5,0.8,13.299013,1,58.46,57.49,23.8,22.96,22.96,101.59,80,79.4,0.7,43,4.113,8:23:57,29/01/2025,-2.01,1,0.001,0,-9999,0.003,-0.072,-9999,1,75,0.001,2,0.058905,0,0.02923,0,0,-0.000068,standard,0,rectangular,7000,500,1,2,55537,55537,55537,0,-9999,0,0,0,0,2.452819,2.49622,1.074843,0.761589,0.286077,-0.007529,0.104303,0.144863,137.369507,0.001168,2.363673,0.000005,1,2.399535,0.000012,1,0.601056,0.600294,0.107352,0,PSF-01163_20250129083229_c29,PFA-00994,PSA-00994,PSF-01163,RHS-01998,3.0.0,2025-01-13T08:33:48.201Z
16,8:32:59,29/01/2025,K_lowfl_medbth,Karina Guo,,,82,Low,0.048256,1.904796,0.047063,0.514704,1.731172,1.702765,2.817244,1.086072,16.762472,17.042112,27.73369,0.441786,7.5,PSF-01163_20250129083259_899,0,0,0,135.254852,593.039612,0.77193,0.5,0.8,14.968542,1,58.34,57.38,23.85,22.99,22.99,101.58,79.9,79.8,0.2,48,4.113,8:23:57,29/01/2025,-2.01,1,0.001,0,-9999,0.04,0.021,-9999,1,75,0.001,2,0.058905,0,0.02923,0,0,-0.000068,standard,0,rectangular,7000,500,1,2,55537,55537,55537,0,-9999,0,0,0,0,2.452664,2.496039,1.074687,0.762499,0.285576,-0.007759,0.107706,0.149516,135.254852,0.00114,2.363673,0.000005,1,2.399535,0.000012,1,0.601056,0.600294,0.107352,0,PSF-01163_20250129083259_899,PFA-00994,PSA-00994,PSF-01163,RHS-01998,3.0.0,2025-01-13T08:33:48.201Z
17,8:36:30,29/01/2025,K_lowfl_medbth,Karina Guo,,,551,Mid,0.02516,1.907455,0.024833,0.303636,1.773698,1.756976,2.986809,1.213111,17.294218,17.458817,29.399679,0.441786,7.5,PSF-01163_20250129083630_45a,0,0,0,124.337196,475.696564,0.738621,0.5,0.8,6.130785,1,58.05,57.5,24.33,23.95,23.95,101.59,80.1,68.6,14.3,21,4.106,8:23:57,29/01/2025,-2.01,1,0,0,0.002,0.726,0.324,0.428,1,75,0.001,2,0.058905,0,0.02923,0,0,-0.000068,standard,0,rectangular,7000,500,1,2,55537,55537,55537,0,-9999,0,0,0,0,2.452726,2.495556,1.075677,0.738293,0.280073,-0.0024,0.131907,0.1254,124.337196,0.001151,2.363673,0.000005,1,2.399535,0.000012,1,0.601056,0.600294,0.107352,0,PSF-01163_20250129083630_45a,PFA-00994,PSA-00994,PSF-01163,RHS-01998,3.0.0,2025-01-13T08:33:48.201Z
18,8:37:34,29/01/2025,K_lowfl_medbth,Karina Guo,,,551,Mid,0.055006,1.90332,0.053461,0.638551,1.792201,1.756943,2.977152,1.18495,17.294147,17.641209,29.305056,0.441786,7.5,PSF-01163_20250129083734_4d0,0,0,0,126.080994,473.508606,0.73373,0.5,0.8,10.074409,1,58.13,56.99,24.48,23.9,23.9,101.59,79.8,79.6,0.3,34,4.105,8:37:15,29/01/2025,-1.64,1,0,0,-9999,-0.09,-0.109,-9999,1,75,0.001,2,0.058905,0,0.02923,0,0,-0.000068,standard,0,rectangular,7000,500,1,2,55537,55537,55537,0,-9999,0,0,0,0,2.45202,2.495128,1.074138,0.762204,0.278404,-0.004672,0.139047,0.137207,126.080994,0.001159,2.363673,0.000005,1,2.399535,0.000012,1,0.601056,0.600294,0.107352,0,PSF-01163_20250129083734_4d0,PFA-00994,PSA-00994,PSF-01163,RHS-01998,3.0.0,2025-01-13T08:33:48.201Z
19,8:38:16,29/01/2025,K_lowfl_medbth,Karina Guo,,,551,Mid,0.066466,1.900675,0.06422,0.741215,1.804264,1.763268,2.949391,1.145127,17.356236,17.759771,29.031507,0.441786,7.5,PSF-01163_20250129083816_2a2,0,0,0,122.70105,525.589966,0.766546,0.5,0.8,12.137499,1,58.29,56.96,24.55,23.74,23.74,101.59,79.7,78.3,1.8,40,4.103,8:37:15,29/01/2025,-1.64,1,0,0,0.002,-0.123,-0.142,-0.335,1,75,0.001,2,0.058905,0,0.02923,0,0,-0.000068,standard,0,rectangular,7000,500,1,2,55537,55537,55537,0,-9999,0,0,0,0,2.451974,2.495329,1.073156,0.759154,0.277658,-0.007159,0.143599,0.141781,122.70105,0.001178,2.363673,0.000005,1,2.399535,0.000012,1,0.601056,0.600294,0.107352,0,PSF-01163_20250129083816_2a2,PFA-00994,PSA-00994,PSF-01163,RHS-01998,3.0.0,2025-01-13T08:33:48.201Z
20,8:40:55,29/01/2025,K_lowfl_medbth,Karina Guo,,,530,Low,0.058988,1.902142,0.057214,0.679259,1.80998,1.772449,2.987676,1.177696,17.446138,17.815554,29.407566,0.441786,7.5,PSF-01163_20250129084055_bae,0,0,0,119.354721,519.311401,0.770167,0.5,0.8,11.703985,1,57.9,56.7,24.72,23.96,23.96,101.6,79.8,79.6,0.2,38,4.1,8:37:15,29/01/2025,-1.64,1,0,-0.001,0,-0.021,-0.29,-0.476,1,75,0.001,2,0.058905,0,0.02923,0,0,-0.000068,standard,0,rectangular,7000,500,1,2,55537,55537,55537,0,-9999,0,0,0,0,2.451596,2.494771,1.0737,0.762075,0.275844,-0.006601,0.160977,0.140395,119.354721,0.001148,2.363673,0.000005,1,2.399535,0.000012,1,0.601056,0.600294,0.107352,0,PSF-01163_20250129084055_bae,PFA-00994,PSA-00994,PSF-01163,RHS-01998,3.0.0,2025-01-13T08:33:48.201Z
21,8:41:17,29/01/2025,K_lowfl_medbth,Karina Guo,,,530,Low,0.070801,1.907164,0.068267,0.762061,1.817719,1.77576,2.925337,1.107618,17.478983,17.891989,28.794388,0.441786,7.5,PSF-01163_20250129084117_607,0,0,0,124.863983,551.365601,0.773537,0.5,0.8,10.761428,1,58.08,56.74,24.73,23.61,23.61,101.59,80.1,68,15.1,35,4.1,8:37:15,29/01/2025,-1.64,1,0.001,0,0.003,0.139,0.279,0.645,1,75,0.001,2,0.058905,0,0.02923,0,0,-0.000068,standard,0,rectangular,7000,500,1,2,55537,55537,55537,0,-9999,0,0,0,0,2.451648,2.495017,1.075569,0.736921,0.275638,-0.010716,0.163196,0.137602,124.863983,0.001145,2.363673,0.000005,1,2.399535,0.000012,1,0.601056,0.600294,0.107352,0,PSF-01163_20250129084117_607,PFA-00994,PSA-00994,PSF-01163,RHS-01998,3.0.0,2025-01-13T08:33:48.201Z
22,8:41:37,29/01/2025,K_lowfl_medbth,Karina Guo,,,530,Low,0.059898,1.904818,0.058072,0.67035,1.80912,1.772148,2.954367,1.145247,17.44339,17.807302,29.080059,0.441786,7.5,PSF-01163_20250129084137_ca5,0,0,0,116.735458,512.774353,0.772345,0.5,0.8,11.310009,1,57.74,56.56,24.75,23.77,23.77,101.59,79.9,78.2,2.1,37,4.1,8:37:15,29/01/2025,-1.64,1,0,0,0.003,0.024,0.033,0.466,1,75,0.001,2,0.058905,0,0.02923,0,0,-0.000068,standard,0,rectangular,7000,500,1,2,55537,55537,55537,0,-9999,0,0,0,0,2.451408,2.49455,1.074695,0.759129,0.27543,-0.009101,0.165206,0.139193,116.735458,0.001161,2.363673,0.000005,1,2.399535,0.000012,1,0.601056,0.600294,0.107352,0,PSF-01163_20250129084137_ca5,PFA-00994,PSA-00994,PSF-01163,RHS-01998,3.0.0,2025-01-13T08:33:48.201Z
23,8:42:09,29/01/2025,K_lowfl_medbth,Karina Guo,,,179,Mid,0.074742,1.905426,0.071921,0.825233,1.821386,1.775896,2.959677,1.138291,17.480021,17.927774,29.131901,0.441786,7.5,PSF-01163_20250129084209_016,0,0,0,118.664864,484.526031,0.755091,0.5,0.8,10.707487,1,58.03,56.58,24.78,23.8,23.8,101.6,80,70.8,11.5,35,4.099,8:37:15,29/01/2025,-1.64,1,0,0,0.001,0.154,0.256,0.451,1,75,0.001,2,0.058905,0,0.02923,0,0,-0.000068,standard,0,rectangular,7000,500,1,2,55537,55537,55537,0,-9999,0,0,0,0,2.451428,2.494939,1.074921,0.742959,0.275106,-0.009099,0.168556,0.138186,118.664864,0.001144,2.363673,0.000005,1,2.399535,0.000012,1,0.601056,0.600294,0.107352,0,PSF-01163_20250129084209_016,PFA-00994,PSA-00994,PSF-01163,RHS-01998,3.0.0,2025-01-13T08:33:48.201Z
24,8:42:52,29/01/2025,K_lowfl_medbth,Karina Guo,,,179,Mid,0.040958,1.902222,0.040095,0.519692,1.805058,1.776345,3.090141,1.285082,17.484783,17.767416,30.416641,0.441786,7.5,PSF-01163_20250129084252_0a7,0,0,0,116.860985,474.500671,0.753718,0.5,0.8,9.691454,1,57.37,56.45,24.82,24.52,24.52,101.59,79.8,79.6,0.2,32,4.097,8:37:15,29/01/2025,-1.64,1,0.001,0.001,0.002,0.031,0.139,0.225,1,75,0.001,2,0.058905,0,0.02923,0,0,-0.000068,standard,0,rectangular,7000,500,1,2,55537,55537,55537,0,-9999,0,0,0,0,2.451251,2.494023,1.07373,0.762151,0.274644,-0.001523,0.173026,0.135311,116.860985,0.001131,2.363673,0.000005,1,2.399535,0.000012,1,0.601056,0.600294,0.107352,0,PSF-01163_20250129084252_0a7,PFA-00994,PSA-00994,PSF-01163,RHS-01998,3.0.0,2025-01-13T08:33:48.201Z
25,8:43:26,29/01/2025,K_lowfl_medbth,Karina Guo,,,179,Mid,0.123982,1.902234,0.116396,1.323695,1.851545,1.778443,2.97943,1.127885,17.505482,18.225031,29.326971,0.441786,7.5,PSF-01163_20250129084326_336,0,0,0,121.824142,487.031219,0.749864,0.5,0.8,11.085751,1,58.74,56.42,24.85,23.91,23.91,101.59,79.8,79.8,0,37,4.097,8:37:15,29/01/2025,-1.64,1,0.001,0,0.002,0.114,0.205,0.132,1,75,0.001,2,0.058905,0,0.02923,0,0,-0.000068,standard,0,rectangular,7000,500,1,2,55537,55537,55537,0,-9999,0,0,0,0,2.451202,2.495894,1.073735,0.762555,0.274322,-0.008665,0.176562,0.139497,121.824142,0.001159,2.363673,0.000005,1,2.399535,0.000012,1,0.601056,0.600294,0.107352,0,PSF-01163_20250129084326_336,PFA-00994,PSA-00994,PSF-01163,RHS-01998,3.0.0,2025-01-13T08:33:48.201Z
26,8:44:08,29/01/2025,K_lowfl_medbth,Karina Guo,,,244,Low,0.129535,1.9046,0.121286,1.245525,1.843492,1.77481,2.862658,1.019165,17.469166,18.145191,28.176666,0.441786,7.5,PSF-01163_20250129084408_56a,0,0,0,124.028206,564.231628,0.780182,0.5,0.8,11.25898,1,58.4,56.22,24.88,23.25,23.25,101.6,79.9,76.8,3.9,36,4.095,8:37:15,29/01/2025,-1.64,1,-0.001,0,0.002,-0.004,0.023,0.095,1,75,0.001,2,0.058905,0,0.02923,0,0,-0.000068,standard,0,rectangular,7000,500,1,2,55537,55537,55537,0,-9999,0,0,0,0,2.450934,2.495421,1.074614,0.756031,0.274046,-0.016322,0.180904,0.138731,124.028206,0.001143,2.363673,0.000005,1,2.399535,0.000012,1,0.601056,0.600294,0.107352,0,PSF-01163_20250129084408_56a,PFA-00994,PSA-00994,PSF-01163,RHS-01998,3.0.0,2025-01-13T08:33:48.201Z
27,8:44:47,29/01/2025,K_lowfl_medbth,Karina Guo,,,244,Low,0.104483,1.907865,0.099058,1.054058,1.834741,1.77674,2.890676,1.055935,17.488029,18.058916,28.45223,0.441786,7.5,PSF-01163_20250129084447_c60,0,0,0,133.90625,570.857422,0.76543,0.5,0.8,10.273983,1,58.05,56.21,24.9,23.41,23.41,101.6,80.1,79.6,0.6,34,4.094,8:37:15,29/01/2025,-1.64,1,0.001,0.001,0.003,0.099,0.012,0.239,1,75,0.001,2,0.058905,0,0.02923,0,0,-0.000068,standard,0,rectangular,7000,500,1,2,55537,55537,55537,0,-9999,0,0,0,0,2.450918,2.49494,1.07583,0.762069,0.273818,-0.014767,0.184863,0.136538,133.90625,0.001165,2.363673,0.000005,1,2.399535,0.000012,1,0.601056,0.600294,0.107352,0,PSF-01163_20250129084447_c60,PFA-00994,PSA-00994,PSF-01163,RHS-01998,3.0.0,2025-01-13T08:33:48.201Z
28,8:45:23,29/01/2025,K_lowfl_medbth,Karina Guo,,,244,Low,0.122151,1.899776,0.114772,1.243755,1.837627,1.768816,2.912819,1.075192,17.41094,18.088259,28.671667,0.441786,7.5,PSF-01163_20250129084523_bb1,0,0,0,125.424026,582.958801,0.784849,0.5,0.8,11.635754,1,58.09,55.91,24.91,23.54,23.54,101.59,79.7,75.8,4.8,37,4.094,8:37:15,29/01/2025,-1.64,1,0.001,0,0.004,0.144,0.323,0.771,1,75,0.001,2,0.058905,0,0.02923,0,0,-0.000068,standard,0,rectangular,7000,500,1,2,55537,55537,55537,0,-9999,0,0,0,0,2.45052,2.494992,1.072822,0.753836,0.273656,-0.013528,0.188553,0.139588,125.424026,0.001161,2.363673,0.000005,1,2.399535,0.000012,1,0.601056,0.600294,0.107352,0,PSF-01163_20250129084523_bb1,PFA-00994,PSA-00994,PSF-01163,RHS-01998,3.0.0,2025-01-13T08:33:48.201Z
29,8:45:58,29/01/2025,K_lowfl_medbth,Karina Guo,,,390,Low,0.066051,1.90139,0.063833,0.678735,1.805623,1.7681,2.861096,1.055472,17.402897,17.772234,28.160944,0.441786,7.5,PSF-01163_20250129084558_4d5,0,0,0,118.869423,540.222656,0.779962,0.5,0.8,9.327841,1,57.04,55.86,24.92,23.24,23.24,101.6,79.7,79.5,0.3,30,4.093,8:37:15,29/01/2025,-1.64,1,0,0,0.003,-0.044,-0.05,0.158,1,75,0.001,2,0.058905,0,0.02923,0,0,-0.000068,standard,0,rectangular,7000,500,1,2,55537,55537,55537,0,-9999,0,0,0,0,2.450446,2.493564,1.073421,0.761878,0.273552,-0.016927,0.192023,0.133356,118.869423,0.001147,2.363673,0.000005,1,2.399535,0.000012,1,0.601056,0.600294,0.107352,0,PSF-01163_20250129084558_4d5,PFA-00994,PSA-00994,PSF-01163,RHS-01998,3.0.0,2025-01-13T08:33:48.201Z
30,8:46:54,29/01/2025,K_lowfl_medbth,Karina Guo,,,390,Low,0.07416,1.901642,0.071376,0.834477,1.810501,1.764377,2.970368,1.159867,17.366215,17.8202,29.236412,0.441786,7.5,PSF-01163_20250129084654_f01,0,0,0,116.584541,543.175964,0.785365,0.5,0.8,11.061354,1,57.13,55.67,24.94,23.86,23.86,101.6,79.8,79.6,0.2,35,4.091,8:37:15,29/01/2025,-1.64,1,-0.001,0,-0.008,0.145,0.033,0.55,1,75,0.001,2,0.058905,0,0.02923,0,0,-0.000068,standard,0,rectangular,7000,500,1,2,55537,55537,55537,0,-9999,0,0,0,0,2.450196,2.493675,1.073515,0.762162,0.273327,-0.010249,0.197769,0.137977,116.584541,0.001127,2.363673,0.000005,1,2.399535,0.000012,1,0.601056,0.600294,0.107352,0,PSF-01163_20250129084654_f01,PFA-00994,PSA-00994,PSF-01163,RHS-01998,3.0.0,2025-01-13T08:33:48.201Z
31,8:47:24,29/01/2025,K_lowfl_medbth,Karina Guo,,,390,Low,0.070807,1.907068,0.068273,0.730237,1.807622,1.767405,2.869328,1.061707,17.395508,17.791332,28.241072,0.441786,7.5,PSF-01163_20250129084724_46e,0,0,0,123.108032,558.154114,0.779437,0.5,0.8,11.18067,1,56.99,55.73,24.96,23.29,23.29,101.6,80.1,79.5,0.7,36,4.089,8:37:15,29/01/2025,-1.64,1,0.001,0,0.003,0.077,0.323,0.736,1,75,0.001,2,0.058905,0,0.02923,0,0,-0.000068,standard,0,rectangular,7000,500,1,2,55537,55537,55537,0,-9999,0,0,0,0,2.450265,2.49349,1.075533,0.761905,0.273191,-0.01677,0.200738,0.138543,123.108032,0.001148,2.363673,0.000005,1,2.399535,0.000012,1,0.601056,0.600294,0.107352,0,PSF-01163_20250129084724_46e,PFA-00994,PSA-00994,PSF-01163,RHS-01998,3.0.0,2025-01-13T08:33:48.201Z
32,8:49:46,29/01/2025,K_lowfl_medbth,Karina Guo,,,92,Low,0.111805,1.906707,0.105612,1.171244,1.829871,1.765368,2.930204,1.100333,17.376057,18.010942,28.841228,0.441786,7.5,PSF-01163_20250129084946_dfb,0,0,0,182.94632,648.663269,0.717964,0.5,0.8,18.998844,1,57.37,55.35,25.05,23.64,23.64,101.6,80,79.7,0.5,66,4.088,8:49:30,29/01/2025,-0.06,0,0,0,0.008,0.669,0.368,1.057,1,75,0.001,2,0.058905,0,0.02923,0,0,-0.000068,standard,0,rectangular,7000,500,1,2,55537,55537,55537,0,-9999,0,0,0,0,2.449749,2.491827,1.075398,0.762233,0.272162,-0.013966,0.21502,0.164891,182.94632,0.001153,2.363673,0.000005,1,2.399535,0.000012,1,0.601056,0.600294,0.107352,0,PSF-01163_20250129084946_dfb,PFA-00994,PSA-00994,PSF-01163,RHS-01998,3.0.0,2025-01-13T08:33:48.201Z
33,8:50:12,29/01/2025,K_lowfl_medbth,Karina Guo,,,92,Low,0.14535,1.903964,0.135041,1.45502,1.848137,1.76787,2.917154,1.069017,17.400513,18.190548,28.712498,0.441786,7.5,PSF-01163_20250129085012_35f,0,0,0,153.195267,628.040649,0.756074,0.5,0.8,23.157705,1,57.9,55.38,25.07,23.56,23.56,101.6,79.9,79.6,0.4,77,4.087,8:49:30,29/01/2025,-0.06,0,-0.001,0,0.007,-0.179,-0.423,-0.728,1,75,0.001,2,0.058905,0,0.02923,0,0,-0.000068,standard,0,rectangular,7000,500,1,2,55537,55537,55537,0,-9999,0,0,0,0,2.449793,2.492548,1.074378,0.761996,0.272021,-0.014935,0.217513,0.173951,153.195267,0.001133,2.363673,0.000005,1,2.399535,0.000012,1,0.601056,0.600294,0.107352,0,PSF-01163_20250129085012_35f,PFA-00994,PSA-00994,PSF-01163,RHS-01998,3.0.0,2025-01-13T08:33:48.201Z
34,8:50:32,29/01/2025,K_lowfl_medbth,Karina Guo,,,92,Low,0.183041,1.90688,0.16701,1.720346,1.861794,1.767093,2.88388,1.022087,17.393291,18.325417,28.385693,0.441786,7.5,PSF-01163_20250129085032_548,0,0,0,139.71376,603.1698,0.768367,0.5,0.8,24.950146,1,58.31,55.34,25.07,23.37,23.37,101.6,80,79.3,0.9,81,4.087,8:49:30,29/01/2025,-0.06,0,-0.001,0,-0.001,-0.111,-0.057,-0.31,1,75,0.001,2,0.058905,0,0.02923,0,0,-0.000068,standard,0,rectangular,7000,500,1,2,55537,55537,55537,0,-9999,0,0,0,0,2.449739,2.49311,1.075463,0.76143,0.27197,-0.017098,0.219384,0.177958,139.71376,0.001144,2.363673,0.000005,1,2.399535,0.000012,1,0.601056,0.600294,0.107352,0,PSF-01163_20250129085032_548,PFA-00994,PSA-00994,PSF-01163,RHS-01998,3.0.0,2025-01-13T08:33:48.201Z
35,8:51:06,29/01/2025,K_lowfl_medbth,Karina Guo,,,238,Low,0.151248,1.904673,0.140121,1.59832,1.850248,1.762119,2.981618,1.13137,17.343605,18.211012,29.346491,0.441786,7.5,PSF-01163_20250129085106_cba,0,0,0,150.438309,552.977783,0.727949,0.5,0.8,24.496737,1,57.94,55.18,25.07,23.93,23.93,101.6,79.9,76.4,4.4,84,4.085,8:49:30,29/01/2025,-0.06,0,0.002,0,0.003,-0.055,-0.333,-0.793,1,75,0.001,2,0.058905,0,0.02923,0,0,-0.000068,standard,0,rectangular,7000,500,1,2,55537,55537,55537,0,-9999,0,0,0,0,2.449517,2.492597,1.074641,0.755112,0.271929,-0.010986,0.222702,0.180524,150.438309,0.001182,2.363673,0.000005,1,2.399535,0.000012,1,0.601056,0.600294,0.107352,0,PSF-01163_20250129085106_cba,PFA-00994,PSA-00994,PSF-01163,RHS-01998,3.0.0,2025-01-13T08:33:48.201Z
36,8:52:03,29/01/2025,K_lowfl_medbth,Karina Guo,,,238,Low,0.159638,1.895287,0.147237,1.689733,1.851295,1.757535,2.989457,1.138162,17.299341,18.222216,29.425098,0.441786,7.5,PSF-01163_20250129085203_77b,0,0,0,142.103073,558.220642,0.745436,0.5,0.8,27.24769,1,57.98,55.04,25.07,23.97,23.97,101.6,79.4,76.7,3.4,91,4.084,8:49:30,29/01/2025,-0.06,0,0.001,0,0.002,-0.065,-0.152,-0.385,1,75,0.001,2,0.058905,0,0.02923,0,0,-0.000068,standard,0,rectangular,7000,500,1,2,55537,55537,55537,0,-9999,0,0,0,0,2.449341,2.492657,1.071159,0.755757,0.271962,-0.010465,0.228228,0.186832,142.103073,0.001153,2.363673,0.000005,1,2.399535,0.000012,1,0.601056,0.600294,0.107352,0,PSF-01163_20250129085203_77b,PFA-00994,PSA-00994,PSF-01163,RHS-01998,3.0.0,2025-01-13T08:33:48.201Z
37,8:53:35,29/01/2025,K_lowfl_medbth,Karina Guo,,,238,Low,0.23792,1.904239,0.211496,2.187066,1.878591,1.758001,2.904475,1.025885,17.303587,18.490519,28.588058,0.441786,7.5,PSF-01163_20250129085335_a94,0,0,0,185.968277,564.519531,0.670573,0.5,0.8,21.063318,1,58.82,55.05,25.07,23.49,23.49,101.6,79.9,66.5,16.7,79,4.081,8:49:30,29/01/2025,-0.06,0,0.001,0,0.001,0.125,0.405,2.255,1,75,0.001,2,0.058905,0,0.02923,0,0,-0.000068,standard,0,rectangular,7000,500,1,2,55537,55537,55537,0,-9999,0,0,0,0,2.449347,2.493811,1.07448,0.733818,0.271929,-0.015831,0.237259,0.175651,185.968277,0.001132,2.363673,0.000005,1,2.399535,0.000012,1,0.601056,0.600294,0.107352,0,PSF-01163_20250129085335_a94,PFA-00994,PSA-00994,PSF-01163,RHS-01998,3.0.0,2025-01-13T08:33:48.201Z
38,8:54:15,29/01/2025,K_lowfl_medbth,Karina Guo,,,111,Mid,0.139168,1.903296,0.129685,1.546892,1.842308,1.756933,3.025098,1.182791,17.293669,18.134018,29.776346,0.441786,7.5,PSF-01163_20250129085415_584,0,0,0,173.87616,595.252991,0.707895,0.5,0.8,18.029751,1,57.67,55,25.08,24.17,24.17,101.59,79.8,79.6,0.3,64,4.08,8:49:30,29/01/2025,-0.06,0,0,0,0.003,-0.417,-0.612,-1.509,1,75,0.001,2,0.058905,0,0.02923,0,0,-0.000068,standard,0,rectangular,7000,500,1,2,55537,55537,55537,0,-9999,0,0,0,0,2.449284,2.492237,1.074129,0.762135,0.271885,-0.008339,0.240975,0.162732,173.87616,0.001122,2.363673,0.000005,1,2.399535,0.000012,1,0.601056,0.600294,0.107352,0,PSF-01163_20250129085415_584,PFA-00994,PSA-00994,PSF-01163,RHS-01998,3.0.0,2025-01-13T08:33:48.201Z
39,8:54:50,29/01/2025,K_lowfl_medbth,Karina Guo,,,111,Mid,0.144048,1.903437,0.133914,1.548387,1.850152,1.76471,2.996807,1.146656,17.370394,18.211407,29.498163,0.441786,7.5,PSF-01163_20250129085450_479,0,0,0,152.211075,586.618042,0.740528,0.5,0.8,13.586827,1,57.91,55.24,25.08,24.01,24.01,101.59,79.9,69.5,13,46,4.054,8:49:30,29/01/2025,-0.06,0,0.001,0,0.002,-0.003,0.022,0.242,1,75,0.001,2,0.058905,0,0.02923,0,0,-0.000068,standard,0,rectangular,7000,500,1,2,55537,55537,55537,0,-9999,0,0,0,0,2.449596,2.492563,1.074182,0.740199,0.271864,-0.01011,0.244319,0.147246,152.211075,0.001142,2.363673,0.000005,1,2.399535,0.000012,1,0.601056,0.600294,0.107352,0,PSF-01163_20250129085450_479,PFA-00994,PSA-00994,PSF-01163,RHS-01998,3.0.0,2025-01-13T08:33:48.201Z
40,8:55:07,29/01/2025,K_lowfl_medbth,Karina Guo,,,111,Mid,0.143228,1.901262,0.133194,1.556081,1.850939,1.764949,3.009415,1.158476,17.373085,18.219521,29.622852,0.441786,7.5,PSF-01163_20250129085507_4a7,0,0,0,176.70929,594.097473,0.702558,0.5,0.8,10.755822,1,57.93,55.24,25.08,24.08,24.08,101.59,79.7,79.8,-0.1,38,4.08,8:49:30,29/01/2025,-0.06,0,0,0.001,0.004,-0.105,0.633,-0.202,1,75,0.001,2,0.058905,0,0.02923,0,0,-0.000068,standard,0,rectangular,7000,500,1,2,55537,55537,55537,0,-9999,0,0,0,0,2.4496,2.49259,1.073374,0.762551,0.271848,-0.009345,0.245795,0.140641,176.70929,0.001147,2.363673,0.000005,1,2.399535,0.000012,1,0.601056,0.600294,0.107352,0,PSF-01163_20250129085507_4a7,PFA-00994,PSA-00994,PSF-01163,RHS-01998,3.0.0,2025-01-13T08:33:48.201Z
41,8:55:31,29/01/2025,K_lowfl_medbth,Karina Guo,,,484,Mid,0.151803,1.904818,0.140598,1.600289,1.855826,1.767609,2.984618,1.128792,17.398836,18.267178,29.378046,0.441786,7.5,PSF-01163_20250129085531_a48,0,0,0,162.37056,534.831787,0.696408,0.5,0.8,10.287462,1,58.08,55.32,25.08,23.94,23.94,101.59,79.9,79.9,0.1,37,4.079,8:49:30,29/01/2025,-0.06,0,0,0,0.001,-0.169,0.045,-0.125,1,75,0.001,2,0.058905,0,0.02923,0,0,-0.000068,standard,0,rectangular,7000,500,1,2,55537,55537,55537,0,-9999,0,0,0,0,2.4497,2.492789,1.074695,0.76266,0.271825,-0.010907,0.248099,0.139472,162.37056,0.001131,2.363673,0.000005,1,2.399535,0.000012,1,0.601056,0.600294,0.107352,0,PSF-01163_20250129085531_a48,PFA-00994,PSA-00994,PSF-01163,RHS-01998,3.0.0,2025-01-13T08:33:48.201Z
42,8:56:10,29/01/2025,K_lowfl_medbth,Karina Guo,,,484,Mid,0.145093,1.901696,0.134807,1.590016,1.855356,1.767514,3.024888,1.169532,17.397266,18.261869,29.773323,0.441786,7.5,PSF-01163_20250129085610_9f0,0,0,0,155.848862,545.775513,0.714445,0.5,0.8,9.801978,1,58.05,55.3,25.09,24.17,24.17,101.6,79.8,79.5,0.3,34,4.078,8:49:30,29/01/2025,-0.06,0,0.001,0.001,0.003,0.14,0.322,0.596,1,75,0.001,2,0.058905,0,0.02923,0,0,-0.000068,standard,0,rectangular,7000,500,1,2,55537,55537,55537,0,-9999,0,0,0,0,2.449682,2.492754,1.073535,0.761885,0.271792,-0.008448,0.251683,0.137184,155.848862,0.001148,2.363673,0.000005,1,2.399535,0.000012,1,0.601056,0.600294,0.107352,0,PSF-01163_20250129085610_9f0,PFA-00994,PSA-00994,PSF-01163,RHS-01998,3.0.0,2025-01-13T08:33:48.201Z
43,8:56:47,29/01/2025,K_lowfl_medbth,Karina Guo,,,484,Mid,0.170262,1.904846,0.156292,1.741311,1.867925,1.77194,2.972916,1.104992,17.440443,18.385174,29.261131,0.441786,7.5,PSF-01163_20250129085647_69a,0,0,0,141.407486,510.189056,0.722833,0.5,0.8,10.135573,1,58.44,55.44,25.09,23.88,23.88,101.6,79.9,78.1,2.3,35,4.077,8:49:30,29/01/2025,-0.06,0,0,0.001,-9999,-0.066,-0.149,-9999,1,75,0.001,2,0.058905,0,0.02923,0,0,-0.000068,standard,0,rectangular,7000,500,1,2,55537,55537,55537,0,-9999,0,0,0,0,2.449856,2.493282,1.074706,0.758749,0.271771,-0.011693,0.255184,0.137841,141.407486,0.001164,2.363673,0.000005,1,2.399535,0.000012,1,0.601056,0.600294,0.107352,0,PSF-01163_20250129085647_69a,PFA-00994,PSA-00994,PSF-01163,RHS-01998,3.0.0,2025-01-13T08:33:48.201Z
44,8:57:28,29/01/2025,K_lowfl_medbth,Karina Guo,,,484,Mid,0.170001,1.902562,0.156057,1.725316,1.856849,1.761592,2.953477,1.096628,17.33914,18.276749,29.070728,0.441786,7.5,PSF-01163_20250129085728_2d7,0,0,0,130.540604,554.721619,0.764674,0.5,0.8,10.464437,1,58.09,55.11,25.09,23.77,23.77,101.6,79.8,79.6,0.3,34,4.076,8:49:30,29/01/2025,-0.06,0,0,0,-9999,-0.072,0.013,-9999,1,75,0.001,2,0.058905,0,0.02923,0,0,-0.000068,standard,0,rectangular,7000,500,1,2,55537,55537,55537,0,-9999,0,0,0,0,2.449426,2.492805,1.073856,0.762024,0.271764,-0.012915,0.258939,0.137108,130.540604,0.001147,2.363673,0.000005,1,2.399535,0.000012,1,0.601056,0.600294,0.107352,0,PSF-01163_20250129085728_2d7,PFA-00994,PSA-00994,PSF-01163,RHS-01998,3.0.0,2025-01-13T08:33:48.201Z
46,8:59:09,29/01/2025,K_lowfl_medbth,Karina Guo,,,647,High,0.230009,1.90186,0.205194,2.239499,1.891473,1.767806,2.973791,1.082318,17.399708,18.616903,29.269665,0.441786,7.5,PSF-01163_20250129085909_018,0,0,0,132.27832,561.208984,0.764298,0.5,0.8,13.320371,1,59.16,55.29,25.09,23.88,23.88,101.6,79.8,79.7,0.1,44,4.074,8:49:30,29/01/2025,-0.06,0,0,0,0.002,0.033,-0.037,-0.13,1,75,0.001,2,0.058905,0,0.02923,0,0,-0.000068,standard,0,rectangular,7000,500,1,2,55537,55537,55537,0,-9999,0,0,0,0,2.449661,2.494263,1.073596,0.762255,0.271714,-0.011696,0.268242,0.145248,132.27832,0.001156,2.363673,0.000005,1,2.399535,0.000012,1,0.601056,0.600294,0.107352,0,PSF-01163_20250129085909_018,PFA-00994,PSA-00994,PSF-01163,RHS-01998,3.0.0,2025-01-13T08:33:48.201Z
47,8:59:34,29/01/2025,K_lowfl_medbth,Karina Guo,,,647,High,0.102733,1.901472,0.097467,1.186,1.836451,1.770901,3.043143,1.206692,17.428797,18.073929,29.949911,0.441786,7.5,PSF-01163_20250129085934_1a2,0,0,0,142.885559,534.487732,0.732668,0.5,0.8,12.637415,1,57.42,55.37,25.1,24.27,24.27,101.61,79.7,79.7,0.1,43,4.073,8:49:30,29/01/2025,-0.06,0,0,0,0.002,-0.432,-0.463,-0.704,1,75,0.001,2,0.058905,0,0.02923,0,0,-0.000068,standard,0,rectangular,7000,500,1,2,55537,55537,55537,0,-9999,0,0,0,0,2.449775,2.491893,1.073452,0.762235,0.271679,-0.007442,0.270417,0.144857,142.885559,0.001141,2.363673,0.000005,1,2.399535,0.000012,1,0.601056,0.600294,0.107352,0,PSF-01163_20250129085934_1a2,PFA-00994,PSA-00994,PSF-01163,RHS-01998,3.0.0,2025-01-13T08:33:48.201Z
48,9:02:27,29/01/2025,K_lowfl_medbth,Karina Guo,,,495,High,0.015125,1.90247,0.015006,0.210895,1.784441,1.772787,3.177547,1.393106,17.44779,17.56249,31.273455,0.441786,7.5,PSF-01163_20250129090227_c8e,0,0,0,131.91748,400.034668,0.670235,0.5,0.8,16.641628,1,55.66,55.3,25.14,24.99,24.99,101.61,79.8,70,12.2,62,4.069,9:00:11,29/01/2025,-1.48,1,0,0,0.002,0.43,0.398,2.629,1,75,0.001,2,0.058905,0,0.02923,0,0,-0.000068,standard,0,rectangular,7000,500,1,2,55537,55537,55537,0,-9999,0,0,0,0,2.449666,2.491422,1.073822,0.741313,0.271236,0.000229,0.286339,0.161341,131.91748,0.001139,2.363673,0.000005,1,2.399535,0.000012,1,0.601056,0.600294,0.107352,0,PSF-01163_20250129090227_c8e,PFA-00994,PSA-00994,PSF-01163,RHS-01998,3.0.0,2025-01-13T08:33:48.201Z
49,9:05:26,29/01/2025,K_lowfl_medbth,Karina Guo,,,621,Mid,0.037041,1.898573,0.036332,0.503067,1.804997,1.777132,3.177288,1.37229,17.491581,17.765854,31.272747,0.441786,7.5,PSF-01163_20250129090526_f1b,0,0,0,198.558212,536.709656,0.630045,0.5,0.8,11.23613,1,56.02,55.16,25.22,24.99,24.99,101.6,79.6,79.6,0.1,45,4.066,9:00:11,29/01/2025,-1.48,1,0,0,-0.001,0.387,-0.078,2.113,1,75,0.001,2,0.058905,0,0.02923,0,0,-0.000068,standard,0,rectangular,7000,500,1,2,55537,55537,55537,0,-9999,0,0,0,0,2.44946,2.491897,1.072376,0.761993,0.270321,-0.000739,0.302552,0.14613,198.558212,0.00115,2.363673,0.000005,1,2.399535,0.000012,1,0.601056,0.600294,0.107352,0,PSF-01163_20250129090526_f1b,PFA-00994,PSA-00994,PSF-01163,RHS-01998,3.0.0,2025-01-13T08:33:48.201Z
50,9:06:04,29/01/2025,K_lowfl_medbth,Karina Guo,,,621,Mid,0.024442,1.902053,0.024132,0.309439,1.795599,1.778497,3.067261,1.271662,17.504587,17.672911,30.189054,0.441786,7.5,PSF-01163_20250129090604_1a3,0,0,0,163.804657,572.290039,0.713773,0.5,0.8,11.073091,1,55.67,55.14,25.24,24.4,24.4,101.6,79.8,68.9,13.6,39,4.065,9:00:11,29/01/2025,-1.48,1,0.001,0,0.005,-0.054,-0.231,-0.566,1,75,0.001,2,0.058905,0,0.02923,0,0,-0.000068,standard,0,rectangular,7000,500,1,2,55537,55537,55537,0,-9999,0,0,0,0,2.449441,2.49142,1.073668,0.738883,0.270143,-0.00756,0.30585,0.141084,163.804657,0.001142,2.363673,0.000005,1,2.399535,0.000012,1,0.601056,0.600294,0.107352,0,PSF-01163_20250129090604_1a3,PFA-00994,PSA-00994,PSF-01163,RHS-01998,3.0.0,2025-01-13T08:33:48.201Z
51,9:06:26,29/01/2025,K_lowfl_medbth,Karina Guo,,,621,Mid,0.035061,1.905173,0.034428,0.438346,1.800991,1.776817,3.063631,1.26264,17.488361,17.726288,30.153845,0.441786,7.5,PSF-01163_20250129090626_9a1,0,0,0,162.395599,524.975525,0.690661,0.5,0.8,11.761085,1,55.82,55.07,25.25,24.38,24.38,101.6,79.9,76.8,3.9,43,4.065,9:00:11,29/01/2025,-1.48,1,0,0,0.002,0.38,0.839,1.606,1,75,0.001,2,0.058905,0,0.02923,0,0,-0.000068,standard,0,rectangular,7000,500,1,2,55537,55537,55537,0,-9999,0,0,0,0,2.44934,2.491615,1.074827,0.75598,0.270066,-0.007862,0.307635,0.144379,162.395599,0.001143,2.363673,0.000005,1,2.399535,0.000012,1,0.601056,0.600294,0.107352,0,PSF-01163_20250129090626_9a1,PFA-00994,PSA-00994,PSF-01163,RHS-01998,3.0.0,2025-01-13T08:33:48.201Z
52,9:06:55,29/01/2025,K_lowfl_medbth,Karina Guo,,,314,Low,0.072097,1.900357,0.069461,0.794537,1.818332,1.77438,2.953195,1.134862,17.464418,17.897017,29.06695,0.441786,7.5,PSF-01163_20250129090655_55d,0,0,0,112.498283,500.774506,0.775351,0.5,0.8,13.206961,1,56.34,54.98,25.25,23.77,23.77,101.6,79.7,68.7,13.8,43,4.063,9:00:11,29/01/2025,-1.48,1,0,0.001,0.002,0.072,-0.005,0.01,1,75,0.001,2,0.058905,0,0.02923,0,0,-0.000068,standard,0,rectangular,7000,500,1,2,55537,55537,55537,0,-9999,0,0,0,0,2.449227,2.492337,1.073038,0.738434,0.270034,-0.014727,0.31014,0.144389,112.498283,0.001164,2.363673,0.000005,1,2.399535,0.000012,1,0.601056,0.600294,0.107352,0,PSF-01163_20250129090655_55d,PFA-00994,PSA-00994,PSF-01163,RHS-01998,3.0.0,2025-01-13T08:33:48.201Z
53,9:07:31,29/01/2025,K_lowfl_medbth,Karina Guo,,,314,Low,0.075853,1.909783,0.072956,0.87341,1.825039,1.777035,3.012418,1.187379,17.490503,17.96298,29.649784,0.441786,7.5,PSF-01163_20250129090731_4ea,0,0,0,127.005814,540.06958,0.764834,0.5,0.8,12.749686,1,56.56,55.07,25.25,24.1,24.1,101.6,80.2,79.5,0.9,42,4.061,9:00:11,29/01/2025,-1.48,1,-0.001,0,-9999,-0.081,-0.173,-9999,1,75,0.001,2,0.058905,0,0.02923,0,0,-0.000068,standard,0,rectangular,7000,500,1,2,55537,55537,55537,0,-9999,0,0,0,0,2.44934,2.492627,1.076545,0.7618,0.270046,-0.01103,0.313199,0.143599,127.005814,0.001151,2.363673,0.000005,1,2.399535,0.000012,1,0.601056,0.600294,0.107352,0,PSF-01163_20250129090731_4ea,PFA-00994,PSA-00994,PSF-01163,RHS-01998,3.0.0,2025-01-13T08:33:48.201Z
54,9:07:57,29/01/2025,K_lowfl_medbth,Karina Guo,,,314,Low,0.034822,1.900145,0.034196,0.425483,1.802505,1.778962,3.03652,1.234015,17.510117,17.741848,29.888113,0.441786,7.5,PSF-01163_20250129090757_731,0,0,0,127.156738,457.998291,0.722364,0.5,0.8,12.285036,1,55.86,55.13,25.25,24.23,24.23,101.6,79.7,79.6,0.1,43,4.06,9:00:11,29/01/2025,-1.48,1,0,0,-9999,-0.025,-0.175,-9999,1,75,0.001,2,0.058905,0,0.02923,0,0,-0.000068,standard,0,rectangular,7000,500,1,2,55537,55537,55537,0,-9999,0,0,0,0,2.449424,2.491676,1.072959,0.762124,0.270058,-0.009532,0.315425,0.144331,127.156738,0.001154,2.363673,0.000005,1,2.399535,0.000012,1,0.601056,0.600294,0.107352,0,PSF-01163_20250129090757_731,PFA-00994,PSA-00994,PSF-01163,RHS-01998,3.0.0,2025-01-13T08:33:48.201Z
55,9:09:09,29/01/2025,K_lowfl_medbth,Karina Guo,,,648,High,0.016788,1.903059,0.016642,0.223246,1.79402,1.781691,3.12396,1.329939,17.5368,17.658157,30.748465,0.441786,7.5,PSF-01163_20250129090909_055,0,0,0,150.136475,612.00824,0.754682,0.5,0.8,15.699466,1,55.6,55.22,25.25,24.7,24.7,101.6,79.8,79.6,0.3,52,4.059,9:00:11,29/01/2025,-1.48,1,0.001,-0.001,0.002,-0.151,-0.684,-0.361,1,75,0.001,2,0.058905,0,0.02923,0,0,-0.000068,standard,0,rectangular,7000,500,1,2,55537,55537,55537,0,-9999,0,0,0,0,2.449535,2.491315,1.074041,0.762151,0.270057,-0.00421,0.321647,0.152585,150.136475,0.001157,2.363673,0.000005,1,2.399535,0.000012,1,0.601056,0.600294,0.107352,0,PSF-01163_20250129090909_055,PFA-00994,PSA-00994,PSF-01163,RHS-01998,3.0.0,2025-01-13T08:33:48.201Z
56,9:10:26,29/01/2025,K_lowfl_medbth,Karina Guo,,,648,High,0.017542,1.906476,0.017383,0.232833,1.794425,1.781596,3.122307,1.327882,17.53652,17.662794,30.733337,0.441786,7.5,PSF-01163_20250129091026_7f0,0,0,0,156.862732,638.132935,0.754185,0.5,0.8,12.212931,1,55.55,55.15,25.26,24.69,24.69,101.59,80,79.5,0.6,40,4.059,9:00:11,29/01/2025,-1.48,1,0,0,0,0.285,0.604,4.177,1,75,0.001,2,0.058905,0,0.02923,0,0,-0.000068,standard,0,rectangular,7000,500,1,2,55537,55537,55537,0,-9999,0,0,0,0,2.44945,2.491247,1.075312,0.761981,0.269863,-0.004513,0.328221,0.142563,156.862732,0.001151,2.363673,0.000005,1,2.399535,0.000012,1,0.601056,0.600294,0.107352,0,PSF-01163_20250129091026_7f0,PFA-00994,PSA-00994,PSF-01163,RHS-01998,3.0.0,2025-01-13T08:33:48.201Z
57,9:11:29,29/01/2025,K_lowfl_medbth,Karina Guo,,,648,High,0.012169,1.898058,0.012092,0.17126,1.79642,1.78693,3.19986,1.40344,17.58976,17.68317,31.498022,0.441786,7.5,PSF-01163_20250129091129_1f5,0,0,0,163.504242,631.241089,0.74098,0.5,0.8,10.636815,1,55.51,55.22,25.3,25.11,25.11,101.59,79.6,67.7,14.9,36,4.057,9:11:08,29/01/2025,-1.43,1,-0.001,0.001,-9999,0.227,0.583,-9999,1,75,0.001,2,0.058905,0,0.02923,0,0,-0.000068,standard,0,rectangular,7000,500,1,2,55537,55537,55537,0,-9999,0,0,0,0,2.449529,2.491115,1.072185,0.736261,0.269533,-0.000219,0.333607,0.138565,163.504242,0.001157,2.363673,0.000005,1,2.399535,0.000012,1,0.601056,0.600294,0.107352,0,PSF-01163_20250129091129_1f5,PFA-00994,PSA-00994,PSF-01163,RHS-01998,3.0.0,2025-01-13T08:33:48.201Z
58,9:12:21,29/01/2025,K_lowfl_medbth,Karina Guo,,,356,High,0.068344,1.903709,0.065976,0.813583,1.826188,1.781296,3.048817,1.222628,17.5352,17.977125,30.012768,0.441786,7.5,PSF-01163_20250129091221_bf9,0,0,0,118.001465,545.638916,0.783737,0.5,0.8,16.00238,1,56.43,55.04,25.3,24.3,24.3,101.58,79.9,68.2,14.6,51,4.056,9:11:08,29/01/2025,-1.43,1,0.001,0.001,0.002,0.039,0.143,0.446,1,75,0.001,2,0.058905,0,0.02923,0,0,-0.000068,standard,0,rectangular,7000,500,1,2,55537,55537,55537,0,-9999,0,0,0,0,2.449292,2.492368,1.074283,0.737476,0.269517,-0.009342,0.337902,0.151749,118.001465,0.001136,2.363673,0.000005,1,2.399535,0.000012,1,0.601056,0.600294,0.107352,0,PSF-01163_20250129091221_bf9,PFA-00994,PSA-00994,PSF-01163,RHS-01998,3.0.0,2025-01-13T08:33:48.201Z
59,9:13:09,29/01/2025,K_lowfl_medbth,Karina Guo,,,356,High,0.07457,1.903675,0.071759,0.87294,1.823542,1.775374,3.029709,1.206168,17.47781,17.952002,29.826212,0.441786,7.5,PSF-01163_20250129091309_1df,0,0,0,121.1679,549.12439,0.779343,0.5,0.8,13.40314,1,56.36,54.87,25.29,24.19,24.19,101.58,79.9,74.1,7.2,43,4.052,9:11:08,29/01/2025,-1.43,1,0,0.001,0.002,-0.22,-0.484,-1.037,1,75,0.001,2,0.058905,0,0.02923,0,0,-0.000068,standard,0,rectangular,7000,500,1,2,55537,55537,55537,0,-9999,0,0,0,0,2.449071,2.492278,1.07427,0.750163,0.269567,-0.010463,0.341917,0.144747,121.1679,0.001146,2.363673,0.000005,1,2.399535,0.000012,1,0.601056,0.600294,0.107352,0,PSF-01163_20250129091309_1df,PFA-00994,PSA-00994,PSF-01163,RHS-01998,3.0.0,2025-01-13T08:33:48.201Z
60,9:15:01,29/01/2025,K_lowfl_medbth,Karina Guo,,,356,High,0.062415,1.905025,0.060435,0.74928,1.823574,1.782271,3.052623,1.229049,17.547171,17.953815,30.054296,0.441786,7.5,PSF-01163_20250129091501_911,0,0,0,127.858757,558.142639,0.770921,0.5,0.8,11.57723,1,56.34,55.06,25.3,24.32,24.32,101.57,79.9,65.6,17.9,38,4.051,9:11:08,29/01/2025,-1.43,1,0,0,0.002,0.151,0.48,1.623,1,75,0.001,2,0.058905,0,0.02923,0,0,-0.000068,standard,0,rectangular,7000,500,1,2,55537,55537,55537,0,-9999,0,0,0,0,2.449318,2.492243,1.074772,0.731837,0.269485,-0.009142,0.351256,0.140006,127.858757,0.001158,2.363673,0.000005,1,2.399535,0.000012,1,0.601056,0.600294,0.107352,0,PSF-01163_20250129091501_911,PFA-00994,PSA-00994,PSF-01163,RHS-01998,3.0.0,2025-01-13T08:33:48.201Z
61,9:15:54,29/01/2025,K_lowfl_medbth,Karina Guo,,,186,Mid,0.081941,1.906038,0.078563,0.988689,1.823755,1.769297,3.07108,1.247325,17.420815,17.957018,30.238405,0.441786,7.5,PSF-01163_20250129091554_2b7,0,0,0,108.610153,405.7771,0.73234,0.5,0.8,12.733179,1,56.33,54.65,25.3,24.42,24.42,101.56,80,76.8,4,43,4.05,9:11:08,29/01/2025,-1.43,1,0.001,0.001,0.002,-0.023,0.368,-1.011,1,75,0.001,2,0.058905,0,0.02923,0,0,-0.000068,standard,0,rectangular,7000,500,1,2,55537,55537,55537,0,-9999,0,0,0,0,2.448773,2.492234,1.075149,0.756022,0.269446,-0.008054,0.355553,0.145158,108.610153,0.001146,2.363673,0.000005,1,2.399535,0.000012,1,0.601056,0.600294,0.107352,0,PSF-01163_20250129091554_2b7,PFA-00994,PSA-00994,PSF-01163,RHS-01998,3.0.0,2025-01-13T08:33:48.201Z
62,9:16:30,29/01/2025,K_lowfl_medbth,Karina Guo,,,186,Mid,0.082334,1.897974,0.078911,0.999438,1.824824,1.769471,3.080128,1.255304,17.421965,17.966969,30.326519,0.441786,7.5,PSF-01163_20250129091630_661,0,0,0,108.203529,406.131866,0.733575,0.5,0.8,9.479151,1,56.35,54.64,25.31,24.47,24.47,101.57,79.6,79.7,-0.1,32,4.048,9:11:08,29/01/2025,-1.43,1,0,0.001,0.002,-0.657,-0.373,1.707,1,75,0.001,2,0.058905,0,0.02923,0,0,-0.000068,standard,0,rectangular,7000,500,1,2,55537,55537,55537,0,-9999,0,0,0,0,2.448761,2.492259,1.072154,0.762227,0.269402,-0.00755,0.358503,0.135449,108.203529,0.001159,2.363673,0.000005,1,2.399535,0.000012,1,0.601056,0.600294,0.107352,0,PSF-01163_20250129091630_661,PFA-00994,PSA-00994,PSF-01163,RHS-01998,3.0.0,2025-01-13T08:33:48.201Z
63,9:17:48,29/01/2025,K_lowfl_medbth,Karina Guo,,,186,Mid,0.036415,1.908958,0.035733,0.465241,1.797109,1.771528,3.08761,1.290502,17.443161,17.695047,30.401836,0.441786,7.5,PSF-01163_20250129091748_8ef,0,0,0,125.453712,413.203247,0.696387,0.5,0.8,12.263149,1,55.44,54.66,25.32,24.51,24.51,101.56,80.2,79.6,0.7,44,4.048,9:11:08,29/01/2025,-1.43,1,0,0,0.003,-0.053,-0.235,-1.112,1,75,0.001,2,0.058905,0,0.02923,0,0,-0.000068,standard,0,rectangular,7000,500,1,2,55537,55537,55537,0,-9999,0,0,0,0,2.44878,2.491018,1.076237,0.762028,0.269247,-0.007257,0.365028,0.145642,125.453712,0.001138,2.363673,0.000005,1,2.399535,0.000012,1,0.601056,0.600294,0.107352,0,PSF-01163_20250129091748_8ef,PFA-00994,PSA-00994,PSF-01163,RHS-01998,3.0.0,2025-01-13T08:33:48.201Z
64,9:18:43,29/01/2025,K_lowfl_medbth,Karina Guo,,,331,Mid,0.047008,1.903832,0.045876,0.586197,1.801929,1.769588,3.068471,1.266542,17.425013,17.743473,30.215023,0.441786,7.5,PSF-01163_20250129091843_4b8,0,0,0,120.824577,526.942505,0.770706,0.5,0.8,12.126429,1,55.56,54.57,25.33,24.4,24.4,101.55,79.9,69.2,13.4,39,4.047,9:11:08,29/01/2025,-1.43,1,0,0.001,0.002,0.031,0.021,0.126,1,75,0.001,2,0.058905,0,0.02923,0,0,-0.000068,standard,0,rectangular,7000,500,1,2,55537,55537,55537,0,-9999,0,0,0,0,2.44866,2.491179,1.074328,0.739533,0.269148,-0.008525,0.369371,0.141564,120.824577,0.001156,2.363673,0.000005,1,2.399535,0.000012,1,0.601056,0.600294,0.107352,0,PSF-01163_20250129091843_4b8,PFA-00994,PSA-00994,PSF-01163,RHS-01998,3.0.0,2025-01-13T08:33:48.201Z
65,9:20:04,29/01/2025,K_lowfl_medbth,Karina Guo,,,331,Mid,0.024031,1.902473,0.023731,0.322383,1.779224,1.761419,3.125428,1.346204,17.345463,17.520803,30.777466,0.441786,7.5,PSF-01163_20250129092004_068,0,0,0,126.78373,517.431763,0.754975,0.5,0.8,10.191522,1,54.87,54.32,25.33,24.71,24.71,101.55,79.8,78.8,1.3,34,4.045,9:11:08,29/01/2025,-1.43,1,0,0,-9999,-0.003,0.045,-9999,1,75,0.001,2,0.058905,0,0.02923,0,0,-0.000068,standard,0,rectangular,7000,500,1,2,55537,55537,55537,0,-9999,0,0,0,0,2.448341,2.490233,1.073823,0.760284,0.269182,-0.005036,0.375949,0.136704,126.78373,0.001148,2.363673,0.000005,1,2.399535,0.000012,1,0.601056,0.600294,0.107352,0,PSF-01163_20250129092004_068,PFA-00994,PSA-00994,PSF-01163,RHS-01998,3.0.0,2025-01-13T08:33:48.201Z
66,9:21:08,29/01/2025,K_lowfl_medbth,Karina Guo,,,331,Mid,0.065607,1.901419,0.063419,0.766411,1.806205,1.763857,3.004333,1.198127,17.369686,17.786716,29.585348,0.441786,7.5,PSF-01163_20250129092108_007,0,0,0,122.461441,535.514099,0.77132,0.5,0.8,11.34878,1,55.75,54.44,25.32,24.05,24.05,101.55,79.7,79.6,0.2,37,4.043,9:11:08,29/01/2025,-1.43,1,0,0,0.002,-0.121,-0.245,-0.5,1,75,0.001,2,0.058905,0,0.02923,0,0,-0.000068,standard,0,rectangular,7000,500,1,2,55537,55537,55537,0,-9999,0,0,0,0,2.448498,2.491436,1.073432,0.762042,0.26932,-0.012287,0.381087,0.139345,122.461441,0.001118,2.363673,0.000005,1,2.399535,0.000012,1,0.601056,0.600294,0.107352,0,PSF-01163_20250129092108_007,PFA-00994,PSA-00994,PSF-01163,RHS-01998,3.0.0,2025-01-13T08:33:48.201Z
67,9:22:06,29/01/2025,K_lowfl_medbth,Karina Guo,,,197,High,0.030113,1.900321,0.029643,0.3872,1.775523,1.754105,3.070309,1.294786,17.273701,17.484612,30.235125,0.441786,7.5,PSF-01163_20250129092206_70d,0,0,0,207.006104,583.466675,0.645213,0.5,0.8,9.326499,1,54.79,54.13,25.32,24.41,24.41,101.55,79.7,69.5,12.7,36,4.042,9:21:54,29/01/2025,-1.41,1,0,0.001,0.001,0.091,0.65,2.368,1,75,0.001,2,0.058905,0,0.02923,0,0,-0.000068,standard,0,rectangular,7000,500,1,2,55537,55537,55537,0,-9999,0,0,0,0,2.448086,2.490099,1.073025,0.740273,0.269285,-0.00827,0.385623,0.138783,207.006104,0.001129,2.363673,0.000005,1,2.399535,0.000012,1,0.601056,0.600294,0.107352,0,PSF-01163_20250129092206_70d,PFA-00994,PSA-00994,PSF-01163,RHS-01998,3.0.0,2025-01-13T08:33:48.201Z
68,9:22:39,29/01/2025,K_lowfl_medbth,Karina Guo,,,197,High,0.006953,1.902642,0.006928,0.090475,1.767029,1.762032,3.061667,1.294638,17.351673,17.400883,30.149876,0.441786,7.5,PSF-01163_20250129092239_749,0,0,0,220.63887,505.381836,0.563421,0.5,0.8,7.98954,1,54.53,54.37,25.32,24.37,24.37,101.55,79.8,79.6,0.3,35,4.041,9:21:54,29/01/2025,-1.41,1,0,-0.001,-0.002,-0.091,-0.46,-1.483,1,75,0.001,2,0.058905,0,0.02923,0,0,-0.000068,standard,0,rectangular,7000,500,1,2,55537,55537,55537,0,-9999,0,0,0,0,2.448405,2.489734,1.073886,0.761997,0.269274,-0.008809,0.388189,0.138186,220.63887,0.001144,2.363673,0.000005,1,2.399535,0.000012,1,0.601056,0.600294,0.107352,0,PSF-01163_20250129092239_749,PFA-00994,PSA-00994,PSF-01163,RHS-01998,3.0.0,2025-01-13T08:33:48.201Z
69,9:23:17,29/01/2025,K_lowfl_medbth,Karina Guo,,,197,High,0.008846,1.902644,0.008805,0.114528,1.762716,1.75639,3.052266,1.28955,17.295347,17.357641,30.055964,0.441786,7.5,PSF-01163_20250129092317_71b,0,0,0,189.667938,582.410217,0.67434,0.5,0.8,9.134176,1,54.45,54.26,25.3,24.32,24.32,101.55,79.8,79.5,0.4,34,4.039,9:21:54,29/01/2025,-1.41,1,0,0,0.002,-0.08,-0.299,-0.744,1,75,0.001,2,0.058905,0,0.02923,0,0,-0.000068,standard,0,rectangular,7000,500,1,2,55537,55537,55537,0,-9999,0,0,0,0,2.448259,2.489639,1.073887,0.761901,0.269477,-0.009172,0.391172,0.136805,189.667938,0.001151,2.363673,0.000005,1,2.399535,0.000012,1,0.601056,0.600294,0.107352,0,PSF-01163_20250129092317_71b,PFA-00994,PSA-00994,PSF-01163,RHS-01998,3.0.0,2025-01-13T08:33:48.201Z
70,9:24:41,29/01/2025,K_lowfl_medbth,Karina Guo,,,117,High,0.021378,1.90227,0.021141,0.266915,1.76507,1.750324,3.016963,1.251893,17.236757,17.381971,29.71031,0.441786,7.5,PSF-01163_20250129092441_db6,0,0,0,164.046051,603.542419,0.728195,0.5,0.8,7.744479,1,54.69,54.23,25.25,24.12,24.12,101.55,79.8,79.5,0.4,27,4.038,9:21:54,29/01/2025,-1.41,1,0,0,0.003,-0.003,0.038,0.162,1,75,0.001,2,0.058905,0,0.02923,0,0,-0.000068,standard,0,rectangular,7000,500,1,2,55537,55537,55537,0,-9999,0,0,0,0,2.448231,2.489968,1.073748,0.761824,0.270007,-0.01079,0.397687,0.130477,164.046051,0.001145,2.363673,0.000005,1,2.399535,0.000012,1,0.601056,0.600294,0.107352,0,PSF-01163_20250129092441_db6,PFA-00994,PSA-00994,PSF-01163,RHS-01998,3.0.0,2025-01-13T08:33:48.201Z
71,9:25:03,29/01/2025,K_lowfl_medbth,Karina Guo,,,117,High,0.017179,1.8986,0.017025,0.212279,1.759558,1.7478,2.996085,1.236527,17.211782,17.327566,29.504492,0.441786,7.5,PSF-01163_20250129092503_c8f,0,0,0,174.382919,591.611267,0.705241,0.5,0.8,6.980129,1,54.56,54.19,25.24,24.01,24.01,101.55,79.6,75.1,5.6,25,4.039,9:21:54,29/01/2025,-1.41,1,0,0.001,0.007,0.051,0.03,0.045,1,75,0.001,2,0.058905,0,0.02923,0,0,-0.000068,standard,0,rectangular,7000,500,1,2,55537,55537,55537,0,-9999,0,0,0,0,2.448186,2.489794,1.072386,0.752302,0.27015,-0.011933,0.399308,0.128873,174.382919,0.001161,2.363673,0.000005,1,2.399535,0.000012,1,0.601056,0.600294,0.107352,0,PSF-01163_20250129092503_c8f,PFA-00994,PSA-00994,PSF-01163,RHS-01998,3.0.0,2025-01-13T08:33:48.201Z
72,9:25:25,29/01/2025,K_lowfl_medbth,Karina Guo,,,117,High,0.019648,1.903833,0.019447,0.253222,1.760951,1.746976,3.051791,1.29084,17.204641,17.342264,30.054768,0.441786,7.5,PSF-01163_20250129092525_1bc,0,0,0,171.678543,611.572632,0.719284,0.5,0.8,7.919084,1,54.65,54.21,25.22,24.31,24.31,101.54,79.9,79.3,0.7,28,4.037,9:21:54,29/01/2025,-1.41,1,0,0,0.003,-0.119,-0.148,-0.249,1,75,0.001,2,0.058905,0,0.02923,0,0,-0.000068,standard,0,rectangular,7000,500,1,2,55537,55537,55537,0,-9999,0,0,0,0,2.448217,2.489921,1.074329,0.761455,0.270304,-0.008338,0.400942,0.131291,171.678543,0.001142,2.363673,0.000005,1,2.399535,0.000012,1,0.601056,0.600294,0.107352,0,PSF-01163_20250129092525_1bc,PFA-00994,PSA-00994,PSF-01163,RHS-01998,3.0.0,2025-01-13T08:33:48.201Z
73,9:26:27,29/01/2025,K_lowfl_medbth,Karina Guo,,,377,Low,0.037361,1.903378,0.036642,0.464474,1.770458,1.744818,3.027279,1.256821,17.182327,17.434818,29.811527,0.441786,7.5,PSF-01163_20250129092627_faf,0,0,0,124.263168,541.63208,0.770576,0.5,0.8,8.991012,1,55.09,54.29,25.18,24.18,24.18,101.55,79.9,79.4,0.6,29,4.036,9:21:54,29/01/2025,-1.41,1,0,0.001,0.002,0.063,0.078,0.129,1,75,0.001,2,0.058905,0,0.02923,0,0,-0.000068,standard,0,rectangular,7000,500,1,2,55537,55537,55537,0,-9999,0,0,0,0,2.448325,2.490531,1.07416,0.761568,0.270779,-0.00935,0.405759,0.132722,124.263168,0.001144,2.363673,0.000005,1,2.399535,0.000012,1,0.601056,0.600294,0.107352,0,PSF-01163_20250129092627_faf,PFA-00994,PSA-00994,PSF-01163,RHS-01998,3.0.0,2025-01-13T08:33:48.201Z
74,9:27:05,29/01/2025,K_lowfl_medbth,Karina Guo,,,377,Low,0.04074,1.905455,0.039887,0.509686,1.774236,1.746141,3.041108,1.266871,17.194885,17.471554,29.946899,0.441786,7.5,PSF-01163_20250129092705_034,0,0,0,136.578445,561.481445,0.756753,0.5,0.8,9.768198,1,55.29,54.41,25.15,24.25,24.25,101.55,80,79.5,0.6,32,4.035,9:21:54,29/01/2025,-1.41,1,0,0.001,0.002,0.092,0.148,-0.174,1,75,0.001,2,0.058905,0,0.02923,0,0,-0.000068,standard,0,rectangular,7000,500,1,2,55537,55537,55537,0,-9999,0,0,0,0,2.448491,2.49081,1.074932,0.761904,0.271049,-0.008219,0.408595,0.135419,136.578445,0.001135,2.363673,0.000005,1,2.399535,0.000012,1,0.601056,0.600294,0.107352,0,PSF-01163_20250129092705_034,PFA-00994,PSA-00994,PSF-01163,RHS-01998,3.0.0,2025-01-13T08:33:48.201Z
75,9:27:24,29/01/2025,K_lowfl_medbth,Karina Guo,,,377,Low,0.028987,1.902654,0.028552,0.349786,1.764499,1.74518,2.979454,1.214955,17.186399,17.37665,29.341433,0.441786,7.5,PSF-01163_20250129092724_c01,0,0,0,131.577377,555.988647,0.763345,0.5,0.8,12.119585,1,55.02,54.42,25.14,23.91,23.91,101.54,79.8,79.6,0.2,40,4.035,9:21:54,29/01/2025,-1.41,1,0,0,0.005,-0.023,-0.148,0.413,1,75,0.001,2,0.058905,0,0.02923,0,0,-0.000068,standard,0,rectangular,7000,500,1,2,55537,55537,55537,0,-9999,0,0,0,0,2.448502,2.490447,1.073891,0.762135,0.271172,-0.011905,0.410008,0.141875,131.577377,0.001155,2.363673,0.000005,1,2.399535,0.000012,1,0.601056,0.600294,0.107352,0,PSF-01163_20250129092724_c01,PFA-00994,PSA-00994,PSF-01163,RHS-01998,3.0.0,2025-01-13T08:33:48.201Z
76,9:27:56,29/01/2025,K_lowfl_medbth,Karina Guo,,,261,Mid,0.030166,1.901792,0.029695,0.348809,1.757193,1.737914,2.922599,1.165406,17.113407,17.303253,28.779123,0.441786,7.5,PSF-01163_20250129092756_465,0,0,0,153.052216,560.803772,0.727084,0.5,0.8,14.271507,1,54.84,54.24,25.13,23.59,23.59,101.55,79.8,79.7,0.1,49,4.035,9:21:54,29/01/2025,-1.41,1,0,0,0.002,-0.143,-0.011,-0.457,1,75,0.001,2,0.058905,0,0.02923,0,0,-0.000068,standard,0,rectangular,7000,500,1,2,55537,55537,55537,0,-9999,0,0,0,0,2.448273,2.490208,1.073571,0.762239,0.271343,-0.015291,0.412328,0.150032,153.052216,0.001144,2.363673,0.000005,1,2.399535,0.000012,1,0.601056,0.600294,0.107352,0,PSF-01163_20250129092756_465,PFA-00994,PSA-00994,PSF-01163,RHS-01998,3.0.0,2025-01-13T08:33:48.201Z
77,9:28:16,29/01/2025,K_lowfl_medbth,Karina Guo,,,261,Mid,0.01742,1.901967,0.017261,0.211491,1.74792,1.736231,2.963226,1.215306,17.097895,17.212997,29.180971,0.441786,7.5,PSF-01163_20250129092816_37f,0,0,0,164.422638,500.488037,0.671475,0.5,0.8,14.71356,1,54.59,54.23,25.12,23.82,23.82,101.55,79.8,79.7,0.1,55,4.034,9:21:54,29/01/2025,-1.41,1,0,0,0.004,-0.104,-0.192,-1.029,1,75,0.001,2,0.058905,0,0.02923,0,0,-0.000068,standard,0,rectangular,7000,500,1,2,55537,55537,55537,0,-9999,0,0,0,0,2.448257,2.489865,1.073635,0.762244,0.271472,-0.012607,0.413833,0.154998,164.422638,0.001161,2.363673,0.000005,1,2.399535,0.000012,1,0.601056,0.600294,0.107352,0,PSF-01163_20250129092816_37f,PFA-00994,PSA-00994,PSF-01163,RHS-01998,3.0.0,2025-01-13T08:33:48.201Z
78,9:28:33,29/01/2025,K_lowfl_medbth,Karina Guo,,,261,Mid,0.031507,1.905245,0.030994,0.364316,1.761646,1.741558,2.927749,1.166103,17.14946,17.347271,28.83012,0.441786,7.5,PSF-01163_20250129092833_060,0,0,0,142.149933,543.603271,0.738504,0.5,0.8,17.402424,1,55.05,54.43,25.11,23.62,23.62,101.55,80,79.7,0.4,59,4.034,9:21:54,29/01/2025,-1.41,1,0,0.001,0.003,-0.09,-0.281,-0.391,1,75,0.001,2,0.058905,0,0.02923,0,0,-0.000068,standard,0,rectangular,7000,500,1,2,55537,55537,55537,0,-9999,0,0,0,0,2.448519,2.490498,1.074854,0.762262,0.271574,-0.014728,0.415115,0.15859,142.149933,0.00112,2.363673,0.000005,1,2.399535,0.000012,1,0.601056,0.600294,0.107352,0,PSF-01163_20250129092833_060,PFA-00994,PSA-00994,PSF-01163,RHS-01998,3.0.0,2025-01-13T08:33:48.201Z
79,9:28:54,29/01/2025,K_lowfl_medbth,Karina Guo,,,620,Low,0.119627,1.899112,0.112539,1.215548,1.809567,1.742294,2.881118,1.071551,17.156631,17.819069,28.370789,0.441786,7.5,PSF-01163_20250129092854_d5b,0,0,0,166.198257,662.726257,0.74922,0.5,0.8,18.770638,1,56.59,54.49,25.09,23.36,23.36,101.55,79.6,79.6,0.1,63,4.033,9:21:54,29/01/2025,-1.41,1,0.001,0,0.002,-0.001,-0.267,0.517,1,75,0.001,2,0.058905,0,0.02923,0,0,-0.000068,standard,0,rectangular,7000,500,1,2,55537,55537,55537,0,-9999,0,0,0,0,2.448604,2.49261,1.072576,0.762046,0.271706,-0.017547,0.4166,0.161828,166.198257,0.00115,2.363673,0.000005,1,2.399535,0.000012,1,0.601056,0.600294,0.107352,0,PSF-01163_20250129092854_d5b,PFA-00994,PSA-00994,PSF-01163,RHS-01998,3.0.0,2025-01-13T08:33:48.201Z
80,9:29:28,29/01/2025,K_lowfl_medbth,Karina Guo,,,620,Low,0.084137,1.902594,0.080573,0.922245,1.783599,1.732666,2.919064,1.135465,17.061695,17.563234,28.74424,0.441786,7.5,PSF-01163_20250129092928_5e6,0,0,0,157.987839,653.308167,0.758173,0.5,0.8,19.520651,1,55.83,54.24,25.08,23.57,23.57,101.55,79.8,79.5,0.3,64,4.032,9:21:54,29/01/2025,-1.41,1,0.001,0.001,0.002,0.118,0.247,0.682,1,75,0.001,2,0.058905,0,0.02923,0,0,-0.000068,standard,0,rectangular,7000,500,1,2,55537,55537,55537,0,-9999,0,0,0,0,2.448273,2.491568,1.073869,0.761984,0.271868,-0.014971,0.419227,0.163336,157.987839,0.001164,2.363673,0.000005,1,2.399535,0.000012,1,0.601056,0.600294,0.107352,0,PSF-01163_20250129092928_5e6,PFA-00994,PSA-00994,PSF-01163,RHS-01998,3.0.0,2025-01-13T08:33:48.201Z
81,9:29:47,29/01/2025,K_lowfl_medbth,Karina Guo,,,620,Low,0.078221,1.90357,0.075134,0.860915,1.779441,1.731924,2.916207,1.136766,17.053963,17.52186,28.715405,0.441786,7.5,PSF-01163_20250129092947_ae6,0,0,0,139.301056,621.739624,0.77595,0.5,0.8,23.547842,1,55.73,54.24,25.07,23.56,23.56,101.56,79.9,79.2,0.9,76,4.031,9:21:54,29/01/2025,-1.41,1,0,0,0.002,0.003,-0.005,0.029,1,75,0.001,2,0.058905,0,0.02923,0,0,-0.000068,standard,0,rectangular,7000,500,1,2,55537,55537,55537,0,-9999,0,0,0,0,2.44828,2.491429,1.074231,0.761157,0.271959,-0.015058,0.420599,0.173338,139.301056,0.001156,2.363673,0.000005,1,2.399535,0.000012,1,0.601056,0.600294,0.107352,0,PSF-01163_20250129092947_ae6,PFA-00994,PSA-00994,PSF-01163,RHS-01998,3.0.0,2025-01-13T08:33:48.201Z
82,9:30:19,29/01/2025,K_lowfl_medbth,Karina Guo,,,620,Low,0.125186,1.90086,0.117451,1.299782,1.807102,1.735252,2.904857,1.097755,17.087408,17.794928,28.604767,0.441786,7.5,PSF-01163_20250129093019_ea5,0,0,0,163.998489,607.151978,0.729889,0.5,0.8,23.360592,1,56.63,54.38,25.06,23.49,23.49,101.55,79.7,64.5,19.1,80,4.03,9:21:54,29/01/2025,-1.41,1,0,0.001,0.002,-1.212,-0.906,-0.539,1,75,0.001,2,0.058905,0,0.02923,0,0,-0.000068,standard,0,rectangular,7000,500,1,2,55537,55537,55537,0,-9999,0,0,0,0,2.448462,2.492663,1.073224,0.729452,0.272066,-0.015666,0.422952,0.176945,163.998489,0.001122,2.363673,0.000005,1,2.399535,0.000012,1,0.601056,0.600294,0.107352,0,PSF-01163_20250129093019_ea5,PFA-00994,PSA-00994,PSF-01163,RHS-01998,3.0.0,2025-01-13T08:33:48.201Z
83,9:31:06,29/01/2025,K_lowfl_medbth,Karina Guo,,,502,High,0.06649,1.903513,0.064246,0.774344,1.781468,1.738732,2.976731,1.195263,17.122391,17.543245,29.313753,0.441786,7.5,PSF-01163_20250129093106_ab3,0,0,0,103.13308,445.606842,0.768556,0.5,0.8,24.474653,1,55.85,54.51,25.05,23.9,23.9,101.55,79.9,76.9,3.6,80,4.029,9:21:54,29/01/2025,-1.41,1,0.001,-0.001,0.002,-0.041,0.008,0.13,1,75,0.001,2,0.058905,0,0.02923,0,0,-0.000068,standard,0,rectangular,7000,500,1,2,55537,55537,55537,0,-9999,0,0,0,0,2.448641,2.491601,1.07421,0.756298,0.272152,-0.011061,0.426501,0.176595,103.13308,0.001145,2.363673,0.000005,1,2.399535,0.000012,1,0.601056,0.600294,0.107352,0,PSF-01163_20250129093106_ab3,PFA-00994,PSA-00994,PSF-01163,RHS-01998,3.0.0,2025-01-13T08:33:48.201Z
84,9:31:32,29/01/2025,K_lowfl_medbth,Karina Guo,,,502,High,0.032806,1.90463,0.03225,0.418312,1.76228,1.739208,3.048178,1.285897,17.127878,17.355101,30.018738,0.441786,7.5,PSF-01163_20250129093132_bba,0,0,0,126.846313,447.177521,0.71634,0.5,0.8,18.395405,1,55.25,54.53,25.05,24.29,24.29,101.54,79.9,79.6,0.4,64,4.029,9:21:54,29/01/2025,-1.41,1,-0.001,0,0,0.517,0.709,2.429,1,75,0.001,2,0.058905,0,0.02923,0,0,-0.000068,standard,0,rectangular,7000,500,1,2,55537,55537,55537,0,-9999,0,0,0,0,2.448666,2.490781,1.074625,0.762123,0.272164,-0.006631,0.42845,0.16319,126.846313,0.001159,2.363673,0.000005,1,2.399535,0.000012,1,0.601056,0.600294,0.107352,0,PSF-01163_20250129093132_bba,PFA-00994,PSA-00994,PSF-01163,RHS-01998,3.0.0,2025-01-13T08:33:48.201Z
85,9:31:48,29/01/2025,K_lowfl_medbth,Karina Guo,,,502,High,0.046314,1.902078,0.045214,0.56487,1.773438,1.742231,3.012156,1.238719,17.157608,17.464937,29.663921,0.441786,7.5,PSF-01163_20250129093148_bf1,0,0,0,128.054016,516.254761,0.751956,0.5,0.8,26.905853,1,55.6,54.62,25.05,24.1,24.1,101.54,79.8,79.5,0.3,89,4.029,9:21:54,29/01/2025,-1.41,1,0,0,0.003,-0.2,-0.651,-2.281,1,75,0.001,2,0.058905,0,0.02923,0,0,-0.000068,standard,0,rectangular,7000,500,1,2,55537,55537,55537,0,-9999,0,0,0,0,2.448785,2.491254,1.073677,0.761897,0.272149,-0.008865,0.429674,0.185154,128.054016,0.001143,2.363673,0.000005,1,2.399535,0.000012,1,0.601056,0.600294,0.107352,0,PSF-01163_20250129093148_bf1,PFA-00994,PSA-00994,PSF-01163,RHS-01998,3.0.0,2025-01-13T08:33:48.201Z
86,9:32:38,29/01/2025,K_lowfl_medbth,Karina Guo,,,32,Mid,-0.000961,1.900592,-0.000961,-0.012726,1.742447,1.74315,3.055143,1.312696,17.168526,17.161592,30.090519,0.441786,7.5,PSF-01163_20250129093238_5ec,0,0,0,172.865509,562.978882,0.692945,0.5,0.8,26.523203,1,54.61,54.64,25.06,24.33,24.33,101.53,79.7,79.4,0.3,96,4.028,9:32:22,29/01/2025,-1.77,0,0,0,0,-0.061,-0.188,0.669,1,75,0.001,2,0.058905,0,0.02923,0,0,-0.000068,standard,0,rectangular,7000,500,1,2,55537,55537,55537,0,-9999,0,0,0,0,2.448806,2.490391,1.073125,0.761755,0.272107,-0.006263,0.433447,0.190579,172.865509,0.001138,2.363673,0.000005,1,2.399535,0.000012,1,0.601056,0.600294,0.107352,0,PSF-01163_20250129093238_5ec,PFA-00994,PSA-00994,PSF-01163,RHS-01998,3.0.0,2025-01-13T08:33:48.201Z
87,9:33:06,29/01/2025,K_lowfl_medbth,Karina Guo,,,32,Mid,0.018281,1.901742,0.018107,0.231937,1.748651,1.735832,3.018738,1.270087,17.095478,17.221729,29.730276,0.441786,7.5,PSF-01163_20250129093306_183,0,0,0,165.649658,627.837891,0.736159,0.5,0.8,29.095387,1,54.81,54.41,25.06,24.13,24.13,101.54,79.8,79.5,0.3,99,4.027,9:32:22,29/01/2025,-1.77,0,0,0,0.002,0.016,-0.121,-0.758,1,75,0.001,2,0.058905,0,0.02923,0,0,-0.000068,standard,0,rectangular,7000,500,1,2,55537,55537,55537,0,-9999,0,0,0,0,2.448507,2.490663,1.073552,0.761983,0.272118,-0.00849,0.43567,0.193291,165.649658,0.001127,2.363673,0.000005,1,2.399535,0.000012,1,0.601056,0.600294,0.107352,0,PSF-01163_20250129093306_183,PFA-00994,PSA-00994,PSF-01163,RHS-01998,3.0.0,2025-01-13T08:33:48.201Z
88,9:33:36,29/01/2025,K_lowfl_medbth,Karina Guo,,,32,Mid,-0.005248,1.904201,-0.005263,-0.070911,1.73419,1.738103,3.070003,1.335813,17.116961,17.078421,30.233597,0.441786,7.5,PSF-01163_20250129093336_3ff,0,0,0,200.370316,579.544922,0.654263,0.5,0.8,23.796059,1,54.36,54.49,25.05,24.41,24.41,101.54,79.9,79.5,0.4,91,4.026,9:32:22,29/01/2025,-1.77,0,0,0,0,0.244,0.659,1.961,1,75,0.001,2,0.058905,0,0.02923,0,0,-0.000068,standard,0,rectangular,7000,500,1,2,55537,55537,55537,0,-9999,0,0,0,0,2.448609,2.490049,1.074466,0.761968,0.272138,-0.005324,0.437871,0.186436,200.370316,0.001146,2.363673,0.000005,1,2.399535,0.000012,1,0.601056,0.600294,0.107352,0,PSF-01163_20250129093336_3ff,PFA-00994,PSA-00994,PSF-01163,RHS-01998,3.0.0,2025-01-13T08:33:48.201Z
89,9:34:15,29/01/2025,K_lowfl_medbth,Karina Guo,,,15,Low,0.011461,1.902483,0.011392,0.149605,1.748018,1.739753,3.050058,1.30204,17.132746,17.21414,30.036369,0.441786,7.5,PSF-01163_20250129093415_133,0,0,0,152.142761,588.170898,0.741329,0.5,0.8,26.291025,1,54.77,54.51,25.06,24.3,24.3,101.55,79.8,79.3,0.6,89,4.026,9:32:22,29/01/2025,-1.77,0,0,0,-9999,-0.014,0.211,-9999,1,75,0.001,2,0.058905,0,0.02923,0,0,-0.000068,standard,0,rectangular,7000,500,1,2,55537,55537,55537,0,-9999,0,0,0,0,2.448643,2.490608,1.073827,0.761487,0.272053,-0.006631,0.440768,0.184466,152.142761,0.001132,2.363673,0.000005,1,2.399535,0.000012,1,0.601056,0.600294,0.107352,0,PSF-01163_20250129093415_133,PFA-00994,PSA-00994,PSF-01163,RHS-01998,3.0.0,2025-01-13T08:33:48.201Z
90,9:34:43,29/01/2025,K_lowfl_medbth,Karina Guo,,,15,Low,0.020155,1.902463,0.019944,0.259025,1.755335,1.741025,3.043148,1.287813,17.143749,17.284666,29.965668,0.441786,7.5,PSF-01163_20250129093443_fe0,0,0,0,146.602386,594.730469,0.753498,0.5,0.8,25.235794,1,54.98,54.53,25.07,24.27,24.27,101.55,79.8,79.3,0.6,84,4.025,9:32:22,29/01/2025,-1.77,0,0,0.001,0.003,0.223,0.407,1.474,1,75,0.001,2,0.058905,0,0.02923,0,0,-0.000068,standard,0,rectangular,7000,500,1,2,55537,55537,55537,0,-9999,0,0,0,0,2.448663,2.490889,1.07382,0.761533,0.271975,-0.007135,0.44285,0.180175,146.602386,0.001152,2.363673,0.000005,1,2.399535,0.000012,1,0.601056,0.600294,0.107352,0,PSF-01163_20250129093443_fe0,PFA-00994,PSA-00994,PSF-01163,RHS-01998,3.0.0,2025-01-13T08:33:48.201Z
91,9:35:18,29/01/2025,K_lowfl_medbth,Karina Guo,,,15,Low,0.032374,1.904321,0.031833,0.393912,1.762068,1.740336,2.989246,1.227178,17.138439,17.352453,29.437426,0.441786,7.5,PSF-01163_20250129093518_d1e,0,0,0,147.868759,587.531799,0.748322,0.5,0.8,24.931004,1,55.16,54.47,25.08,23.97,23.97,101.55,79.9,78.8,1.3,83,4.025,9:32:22,29/01/2025,-1.77,0,0,0,0.002,-0.293,-0.486,-0.803,1,75,0.001,2,0.058905,0,0.02923,0,0,-0.000068,standard,0,rectangular,7000,500,1,2,55537,55537,55537,0,-9999,0,0,0,0,2.448589,2.491131,1.07451,0.76042,0.271865,-0.010578,0.445399,0.179793,147.868759,0.001145,2.363673,0.000005,1,2.399535,0.000012,1,0.601056,0.600294,0.107352,0,PSF-01163_20250129093518_d1e,PFA-00994,PSA-00994,PSF-01163,RHS-01998,3.0.0,2025-01-13T08:33:48.201Z
92,9:35:33,29/01/2025,K_lowfl_medbth,Karina Guo,,,42,High,-0.007604,1.900258,-0.007635,-0.101857,1.736008,1.741645,3.058775,1.322767,17.151035,17.095528,30.121616,0.441786,7.5,PSF-01163_20250129093533_5ba,0,0,0,164.449097,578.657288,0.715809,0.5,0.8,25.154745,1,54.32,54.5,25.08,24.35,24.35,101.55,79.7,79.8,-0.2,88,4.024,9:32:22,29/01/2025,-1.77,0,0,0,0.001,-0.186,-0.266,-1.425,1,75,0.001,2,0.058905,0,0.02923,0,0,-0.000068,standard,0,rectangular,7000,500,1,2,55537,55537,55537,0,-9999,0,0,0,0,2.448622,2.489989,1.073001,0.762568,0.271814,-0.006344,0.446442,0.183764,164.449097,0.001135,2.363673,0.000005,1,2.399535,0.000012,1,0.601056,0.600294,0.107352,0,PSF-01163_20250129093533_5ba,PFA-00994,PSA-00994,PSF-01163,RHS-01998,3.0.0,2025-01-13T08:33:48.201Z
93,9:36:23,29/01/2025,K_lowfl_medbth,Karina Guo,,,42,High,0.00147,1.905927,0.001469,0.020492,1.742315,1.741186,3.124656,1.382341,17.147274,17.158398,30.771757,0.441786,7.5,PSF-01163_20250129093623_3e8,0,0,0,162.050491,582.004333,0.721565,0.5,0.8,25.645752,1,54.47,54.43,25.1,24.71,24.71,101.54,80,79.6,0.5,89,4.022,9:32:22,29/01/2025,-1.77,0,0.001,0,0,0.099,-0.502,-1.99,1,75,0.001,2,0.058905,0,0.02923,0,0,-0.000068,standard,0,rectangular,7000,500,1,2,55537,55537,55537,0,-9999,0,0,0,0,2.448532,2.490187,1.075108,0.762019,0.271642,-0.00252,0.450086,0.184634,162.050491,0.001147,2.363673,0.000005,1,2.399535,0.000012,1,0.601056,0.600294,0.107352,0,PSF-01163_20250129093623_3e8,PFA-00994,PSA-00994,PSF-01163,RHS-01998,3.0.0,2025-01-13T08:33:48.201Z
94,9:36:41,29/01/2025,K_lowfl_medbth,Karina Guo,,,42,High,-0.002857,1.901337,-0.002862,-0.038801,1.739959,1.742104,3.084028,1.344069,17.15653,17.135403,30.372017,0.441786,7.5,PSF-01163_20250129093641_a0d,0,0,0,174.523468,594.644287,0.706508,0.5,0.8,24.370396,1,54.37,54.44,25.11,24.49,24.49,101.54,79.7,76.1,4.6,86,4.022,9:32:22,29/01/2025,-1.77,0,0,0,0.001,-0.302,-0.719,-2.164,1,75,0.001,2,0.058905,0,0.02923,0,0,-0.000068,standard,0,rectangular,7000,500,1,2,55537,55537,55537,0,-9999,0,0,0,0,2.448539,2.490053,1.073401,0.754416,0.271567,-0.00506,0.451439,0.182356,174.523468,0.00113,2.363673,0.000005,1,2.399535,0.000012,1,0.601056,0.600294,0.107352,0,PSF-01163_20250129093641_a0d,PFA-00994,PSA-00994,PSF-01163,RHS-01998,3.0.0,2025-01-13T08:33:48.201Z
95,9:37:23,29/01/2025,K_lowfl_medbth,Karina Guo,,,5,Low,0.036228,1.904102,0.035552,0.459524,1.771489,1.746136,3.052828,1.281339,17.195768,17.445444,30.063942,0.441786,7.5,PSF-01163_20250129093723_811,0,0,0,145.020966,575.649963,0.748074,0.5,0.8,28.634571,1,55.3,54.51,25.12,24.32,24.32,101.54,79.9,79.8,0.2,96,4.021,9:32:22,29/01/2025,-1.77,0,0.001,0.001,0.003,0.418,0.087,-0.919,1,75,0.001,2,0.058905,0,0.02923,0,0,-0.000068,standard,0,rectangular,7000,500,1,2,55537,55537,55537,0,-9999,0,0,0,0,2.448627,2.491324,1.074429,0.762456,0.271379,-0.007159,0.45448,0.190582,145.020966,0.001149,2.363673,0.000005,1,2.399535,0.000012,1,0.601056,0.600294,0.107352,0,PSF-01163_20250129093723_811,PFA-00994,PSA-00994,PSF-01163,RHS-01998,3.0.0,2025-01-13T08:33:48.201Z
96,9:37:56,29/01/2025,K_lowfl_medbth,Karina Guo,,,5,Low,0.035529,1.90456,0.034878,0.444414,1.769384,1.744872,3.032673,1.263288,17.183237,17.424631,29.865307,0.441786,7.5,PSF-01163_20250129093756_a91,0,0,0,145.318146,566.587341,0.74352,0.5,0.8,26.923443,1,55.19,54.42,25.14,24.21,24.21,101.54,79.9,79.6,0.3,91,4.02,9:32:22,29/01/2025,-1.77,0,0,0.001,0.002,0.07,0.038,-0.765,1,75,0.001,2,0.058905,0,0.02923,0,0,-0.000068,standard,0,rectangular,7000,500,1,2,55537,55537,55537,0,-9999,0,0,0,0,2.448506,2.491161,1.074599,0.762198,0.271211,-0.00857,0.456886,0.186088,145.318146,0.001156,2.363673,0.000005,1,2.399535,0.000012,1,0.601056,0.600294,0.107352,0,PSF-01163_20250129093756_a91,PFA-00994,PSA-00994,PSF-01163,RHS-01998,3.0.0,2025-01-13T08:33:48.201Z
97,9:38:23,29/01/2025,K_lowfl_medbth,Karina Guo,,,5,Low,0.022476,1.900461,0.022213,0.298339,1.765453,1.748952,3.096496,1.331043,17.224907,17.387415,30.49646,0.441786,7.5,PSF-01163_20250129093823_5ae,0,0,0,182.79863,558.322571,0.672593,0.5,0.8,20.108385,1,55.02,54.5,25.15,24.56,24.56,101.54,79.7,79.5,0.3,75,4.02,9:32:22,29/01/2025,-1.77,0,0,0,0,-0.278,-0.539,5.26,1,75,0.001,2,0.058905,0,0.02923,0,0,-0.000068,standard,0,rectangular,7000,500,1,2,55537,55537,55537,0,-9999,0,0,0,0,2.448613,2.490929,1.073076,0.761826,0.271064,-0.004823,0.458813,0.172359,182.79863,0.001153,2.363673,0.000005,1,2.399535,0.000012,1,0.601056,0.600294,0.107352,0,PSF-01163_20250129093823_5ae,PFA-00994,PSA-00994,PSF-01163,RHS-01998,3.0.0,2025-01-13T08:33:48.201Z
98,9:38:52,29/01/2025,K_lowfl_medbth,Karina Guo,,,580,High,-0.000661,1.901251,-0.000661,-0.009072,1.745154,1.745656,3.104861,1.359706,17.192017,17.187078,30.578087,0.441786,7.5,PSF-01163_20250129093852_c1b,0,0,0,159.809586,300.584442,0.468337,0.5,0.8,14.702362,1,54.35,54.36,25.17,24.6,24.6,101.54,79.7,79.5,0.3,78,4.019,9:32:22,29/01/2025,-1.77,0,0,0,0.001,1.089,0.88,2.126,1,75,0.001,2,0.058905,0,0.02923,0,0,-0.000068,standard,0,rectangular,7000,500,1,2,55537,55537,55537,0,-9999,0,0,0,0,2.448424,2.490006,1.07337,0.761844,0.270937,-0.004449,0.460837,0.175612,159.809586,0.001134,2.363673,0.000005,1,2.399535,0.000012,1,0.601056,0.600294,0.107352,0,PSF-01163_20250129093852_c1b,PFA-00994,PSA-00994,PSF-01163,RHS-01998,3.0.0,2025-01-13T08:33:48.201Z
99,9:39:28,29/01/2025,K_lowfl_medbth,Karina Guo,,,580,High,0.013345,1.902684,0.013252,0.177933,1.754321,1.744493,3.085227,1.330905,17.179594,17.276381,30.382999,0.441786,7.5,PSF-01163_20250129093928_ed9,0,0,0,177.197098,514.920837,0.655875,0.5,0.8,24.00864,1,54.59,54.28,25.18,24.5,24.5,101.54,79.8,79.7,0.1,92,4.018,9:32:22,29/01/2025,-1.77,0,0,0,0.001,-0.221,-0.521,-1.736,1,75,0.001,2,0.058905,0,0.02923,0,0,-0.000068,standard,0,rectangular,7000,500,1,2,55537,55537,55537,0,-9999,0,0,0,0,2.448317,2.490337,1.073902,0.762362,0.270793,-0.005789,0.463486,0.186946,177.197098,0.001153,2.363673,0.000005,1,2.399535,0.000012,1,0.601056,0.600294,0.107352,0,PSF-01163_20250129093928_ed9,PFA-00994,PSA-00994,PSF-01163,RHS-01998,3.0.0,2025-01-13T08:33:48.201Z
100,9:39:48,29/01/2025,K_lowfl_medbth,Karina Guo,,,580,High,0.006352,1.902923,0.006331,0.085398,1.753131,1.748415,3.090204,1.337073,17.21804,17.264484,30.431719,0.441786,7.5,PSF-01163_20250129093948_33c,0,0,0,154.145477,543.815735,0.716548,0.5,0.8,31.838827,1,54.53,54.38,25.19,24.52,24.52,101.55,79.8,79.3,0.6,111,4.018,9:32:22,29/01/2025,-1.77,0,0,0.001,0.003,-0.068,-0.13,0.12,1,75,0.001,2,0.058905,0,0.02923,0,0,-0.000068,standard,0,rectangular,7000,500,1,2,55537,55537,55537,0,-9999,0,0,0,0,2.448446,2.490252,1.07399,0.761517,0.270715,-0.005568,0.464865,0.203968,154.145477,0.001128,2.363673,0.000005,1,2.399535,0.000012,1,0.601056,0.600294,0.107352,0,PSF-01163_20250129093948_33c,PFA-00994,PSA-00994,PSF-01163,RHS-01998,3.0.0,2025-01-13T08:33:48.201Z
101,9:40:15,29/01/2025,K_lowfl_medbth,Karina Guo,,,414,Mid,0.017496,1.902337,0.017337,0.229977,1.763649,1.750945,3.078549,1.3149,17.243296,17.36841,30.317535,0.441786,7.5,PSF-01163_20250129094015_f47,0,0,0,139.851456,507.274384,0.724308,0.5,0.8,33.297005,1,54.81,54.42,25.2,24.46,24.46,101.54,79.8,79.5,0.4,115,4.018,9:32:22,29/01/2025,-1.77,0,0,0,0.002,0.038,0.021,-0.244,1,75,0.001,2,0.058905,0,0.02923,0,0,-0.000068,standard,0,rectangular,7000,500,1,2,55537,55537,55537,0,-9999,0,0,0,0,2.448491,2.49064,1.073773,0.76179,0.270574,-0.006424,0.466774,0.20731,139.851456,0.001132,2.363673,0.000005,1,2.399535,0.000012,1,0.601056,0.600294,0.107352,0,PSF-01163_20250129094015_f47,PFA-00994,PSA-00994,PSF-01163,RHS-01998,3.0.0,2025-01-13T08:33:48.201Z
102,9:40:54,29/01/2025,K_lowfl_medbth,Karina Guo,,,414,Mid,0.022525,1.904033,0.022262,0.296638,1.769491,1.753123,3.090201,1.320711,17.26441,17.425594,30.431692,0.441786,7.5,PSF-01163_20250129094054_5d0,0,0,0,162.853363,533.805725,0.69492,0.5,0.8,36.725639,1,54.93,54.42,25.22,24.52,24.52,101.55,79.9,79.4,0.6,132,4.017,9:32:22,29/01/2025,-1.77,0,0,0,0.001,0.292,0.884,4.568,1,75,0.001,2,0.058905,0,0.02923,0,0,-0.000068,standard,0,rectangular,7000,500,1,2,55537,55537,55537,0,-9999,0,0,0,0,2.448495,2.4908,1.074403,0.761629,0.270368,-0.005929,0.469567,0.222265,162.853363,0.001143,2.363673,0.000005,1,2.399535,0.000012,1,0.601056,0.600294,0.107352,0,PSF-01163_20250129094054_5d0,PFA-00994,PSA-00994,PSF-01163,RHS-01998,3.0.0,2025-01-13T08:33:48.201Z
103,9:41:24,29/01/2025,K_lowfl_medbth,Karina Guo,,,414,Mid,0.015316,1.899464,0.015194,0.205665,1.766226,1.754842,3.107752,1.341526,17.281424,17.393528,30.604679,0.441786,7.5,PSF-01163_20250129094124_e54,0,0,0,162.808304,534.299622,0.695287,0.5,0.8,39.183067,1,54.77,54.42,25.24,24.62,24.62,101.54,79.6,79.3,0.4,141,4.016,9:32:22,29/01/2025,-1.77,0,0,0,0.002,0.497,0.868,1.778,1,75,0.001,2,0.058905,0,0.02923,0,0,-0.000068,standard,0,rectangular,7000,500,1,2,55537,55537,55537,0,-9999,0,0,0,0,2.448485,2.490577,1.072707,0.76153,0.270173,-0.005068,0.471702,0.22989,162.808304,0.001117,2.363673,0.000005,1,2.399535,0.000012,1,0.601056,0.600294,0.107352,0,PSF-01163_20250129094124_e54,PFA-00994,PSA-00994,PSF-01163,RHS-01998,3.0.0,2025-01-13T08:33:48.201Z
104,9:42:37,29/01/2025,K_lowfl_medbth,Karina Guo,,,709,Mid,0.032142,1.904264,0.031608,0.425747,1.77934,1.755854,3.11415,1.33481,17.291393,17.522673,30.667683,0.441786,7.5,PSF-01163_20250129094237_c16,0,0,0,231.218216,587.975647,0.606755,0.5,0.8,32.491676,1,55,54.27,25.29,24.65,24.65,101.54,79.9,79.2,0.8,134,4.014,9:32:22,29/01/2025,-1.77,0,0,0,0.001,0.789,0.625,5.633,1,75,0.001,2,0.058905,0,0.02923,0,0,-0.000068,standard,0,rectangular,7000,500,1,2,55537,55537,55537,0,-9999,0,0,0,0,2.448283,2.49088,1.074489,0.761329,0.269587,-0.005293,0.476975,0.22379,231.218216,0.001129,2.363673,0.000005,1,2.399535,0.000012,1,0.601056,0.600294,0.107352,0,PSF-01163_20250129094237_c16,PFA-00994,PSA-00994,PSF-01163,RHS-01998,3.0.0,2025-01-13T08:33:48.201Z
105,9:43:17,29/01/2025,K_lowfl_medbth,Karina Guo,,,709,Mid,0.054364,1.89718,0.052849,0.665262,1.781102,1.744229,3.029051,1.247948,17.177118,17.540247,29.830008,0.441786,7.5,PSF-01163_20250129094317_072,0,0,0,168.516037,601.459595,0.719822,0.5,0.8,31.751984,1,54.92,53.79,25.33,24.19,24.19,101.54,79.5,79.6,-0.1,110,4.013,9:43:03,29/01/2025,-1.38,1,0,0,0.003,-0.006,-0.287,-0.55,1,75,0.001,2,0.058905,0,0.02923,0,0,-0.000068,standard,0,rectangular,7000,500,1,2,55537,55537,55537,0,-9999,0,0,0,0,2.447631,2.490232,1.07186,0.762181,0.269161,-0.010928,0.479775,0.203266,168.516037,0.001137,2.363673,0.000005,1,2.399535,0.000012,1,0.601056,0.600294,0.107352,0,PSF-01163_20250129094317_072,PFA-00994,PSA-00994,PSF-01163,RHS-01998,3.0.0,2025-01-13T08:33:48.201Z
106,9:43:35,29/01/2025,K_lowfl_medbth,Karina Guo,,,709,Mid,0.026671,1.90546,0.026303,0.353699,1.766589,1.747093,3.099304,1.332715,17.205786,17.397795,30.522686,0.441786,7.5,PSF-01163_20250129094335_a44,0,0,0,170.131805,552.187439,0.691895,0.5,0.8,27.794987,1,54.42,53.82,25.35,24.57,24.57,101.54,80,79.5,0.5,100,4.013,9:43:03,29/01/2025,-1.38,1,0,0,0.003,0.111,0.613,1.285,1,75,0.001,2,0.058905,0,0.02923,0,0,-0.000068,standard,0,rectangular,7000,500,1,2,55537,55537,55537,0,-9999,0,0,0,0,2.447677,2.489543,1.074934,0.761975,0.268987,-0.006819,0.481001,0.194702,170.131805,0.001125,2.363673,0.000005,1,2.399535,0.000012,1,0.601056,0.600294,0.107352,0,PSF-01163_20250129094335_a44,PFA-00994,PSA-00994,PSF-01163,RHS-01998,3.0.0,2025-01-13T08:33:48.201Z
107,9:44:00,29/01/2025,K_lowfl_medbth,Karina Guo,,,246,Mid,0.052515,1.902937,0.051105,0.648214,1.780873,1.745083,3.038365,1.257491,17.184555,17.536999,29.920038,0.441786,7.5,PSF-01163_20250129094400_713,0,0,0,156.663544,593.43158,0.736004,0.5,0.8,25.689505,1,54.84,53.73,25.36,24.24,24.24,101.55,79.8,79.1,0.9,87,4.012,9:43:03,29/01/2025,-1.38,1,0,0,0.002,-0.186,0.14,0.057,1,75,0.001,2,0.058905,0,0.02923,0,0,-0.000068,standard,0,rectangular,7000,500,1,2,55537,55537,55537,0,-9999,0,0,0,0,2.447556,2.490106,1.073996,0.761003,0.268892,-0.010636,0.482694,0.183247,156.663544,0.00116,2.363673,0.000005,1,2.399535,0.000012,1,0.601056,0.600294,0.107352,0,PSF-01163_20250129094400_713,PFA-00994,PSA-00994,PSF-01163,RHS-01998,3.0.0,2025-01-13T08:33:48.201Z
108,9:44:33,29/01/2025,K_lowfl_medbth,Karina Guo,,,246,Mid,0.034724,1.905751,0.034103,0.434714,1.771647,1.747689,3.035466,1.263819,17.210428,17.446358,29.891863,0.441786,7.5,PSF-01163_20250129094433_169,0,0,0,134.460922,583.197021,0.769442,0.5,0.8,20.567455,1,54.53,53.79,25.36,24.22,24.22,101.55,80,76.2,4.8,67,4.011,9:43:03,29/01/2025,-1.38,1,0.001,0.001,0.003,-0.012,-0.228,-0.707,1,75,0.001,2,0.058905,0,0.02923,0,0,-0.000068,standard,0,rectangular,7000,500,1,2,55537,55537,55537,0,-9999,0,0,0,0,2.447626,2.489679,1.075043,0.754602,0.268806,-0.010904,0.484961,0.165474,134.460922,0.001133,2.363673,0.000005,1,2.399535,0.000012,1,0.601056,0.600294,0.107352,0,PSF-01163_20250129094433_169,PFA-00994,PSA-00994,PSF-01163,RHS-01998,3.0.0,2025-01-13T08:33:48.201Z
109,9:44:54,29/01/2025,K_lowfl_medbth,Karina Guo,,,246,Mid,0.038994,1.903002,0.038211,0.47986,1.7734,1.746905,3.018565,1.245165,17.202579,17.463493,29.725204,0.441786,7.5,PSF-01163_20250129094454_2f7,0,0,0,98.621964,410.188782,0.759569,0.5,0.8,18.807793,1,54.56,53.75,25.37,24.13,24.13,101.55,79.8,78.3,1.9,62,4.01,9:43:03,29/01/2025,-1.38,1,0,0,0.003,-0.132,-0.11,-0.26,1,75,0.001,2,0.058905,0,0.02923,0,0,-0.000068,standard,0,rectangular,7000,500,1,2,55537,55537,55537,0,-9999,0,0,0,0,2.447571,2.489728,1.07402,0.759239,0.26875,-0.012004,0.486388,0.161192,98.621964,0.001136,2.363673,0.000005,1,2.399535,0.000012,1,0.601056,0.600294,0.107352,0,PSF-01163_20250129094454_2f7,PFA-00994,PSA-00994,PSF-01163,RHS-01998,3.0.0,2025-01-13T08:33:48.201Z
110,9:45:20,29/01/2025,K_lowfl_medbth,Karina Guo,,,129,High,0.025418,1.896216,0.025082,0.340004,1.761606,1.742743,3.105252,1.343645,17.161009,17.346754,30.577795,0.441786,7.5,PSF-01163_20250129094520_3a2,0,0,0,163.927322,613.565308,0.732828,0.5,0.8,15.827608,1,54.19,53.61,25.37,24.6,24.6,101.55,79.5,79.5,-0.1,54,4.01,9:43:03,29/01/2025,-1.38,1,0,0.001,0.006,-0.26,-0.888,-2.129,1,75,0.001,2,0.058905,0,0.02923,0,0,-0.000068,standard,0,rectangular,7000,500,1,2,55537,55537,55537,0,-9999,0,0,0,0,2.447385,2.489213,1.071503,0.761947,0.268711,-0.006748,0.488214,0.154314,163.927322,0.001155,2.363673,0.000005,1,2.399535,0.000012,1,0.601056,0.600294,0.107352,0,PSF-01163_20250129094520_3a2,PFA-00994,PSA-00994,PSF-01163,RHS-01998,3.0.0,2025-01-13T08:33:48.201Z
111,9:45:45,29/01/2025,K_lowfl_medbth,Karina Guo,,,129,High,0.037463,1.904476,0.036741,0.47321,1.774679,1.748577,3.051555,1.276875,17.218622,17.475658,30.049332,0.441786,7.5,PSF-01163_20250129094545_474,0,0,0,138.360138,589.636108,0.765347,0.5,0.8,16.281832,1,54.58,53.77,25.38,24.31,24.31,101.55,79.9,79.5,0.6,53,4.01,9:43:03,29/01/2025,-1.38,1,0.001,0.001,0.004,-0.017,-0.027,0.397,1,75,0.001,2,0.058905,0,0.02923,0,0,-0.000068,standard,0,rectangular,7000,500,1,2,55537,55537,55537,0,-9999,0,0,0,0,2.447604,2.489746,1.074568,0.761813,0.268665,-0.010066,0.489875,0.153609,138.360138,0.001155,2.363673,0.000005,1,2.399535,0.000012,1,0.601056,0.600294,0.107352,0,PSF-01163_20250129094545_474,PFA-00994,PSA-00994,PSF-01163,RHS-01998,3.0.0,2025-01-13T08:33:48.201Z
112,9:46:04,29/01/2025,K_lowfl_medbth,Karina Guo,,,129,High,0.025197,1.902394,0.024867,0.323846,1.769908,1.752018,3.060943,1.291035,17.252682,17.428844,30.142076,0.441786,7.5,PSF-01163_20250129094604_061,0,0,0,136.594528,573.233826,0.761712,0.5,0.8,15.460848,1,54.42,53.87,25.38,24.36,24.36,101.55,79.8,79.6,0.3,51,4.009,9:43:03,29/01/2025,-1.38,1,0.001,0,0.003,0.045,0.152,0.683,1,75,0.001,2,0.058905,0,0.02923,0,0,-0.000068,standard,0,rectangular,7000,500,1,2,55537,55537,55537,0,-9999,0,0,0,0,2.447727,2.489527,1.073794,0.762067,0.268625,-0.009533,0.491099,0.151487,136.594528,0.001146,2.363673,0.000005,1,2.399535,0.000012,1,0.601056,0.600294,0.107352,0,PSF-01163_20250129094604_061,PFA-00994,PSA-00994,PSF-01163,RHS-01998,3.0.0,2025-01-13T08:33:48.201Z
113,9:46:20,29/01/2025,K_lowfl_medbth,Karina Guo,,,129,High,0.025616,1.901104,0.025276,0.331328,1.770948,1.752629,3.070398,1.299451,17.258738,17.439127,30.235258,0.441786,7.5,PSF-01163_20250129094620_62c,0,0,0,150.215866,600.889221,0.750011,0.5,0.8,15.134885,1,54.44,53.87,25.38,24.41,24.41,101.55,79.7,72.4,9.3,50,4.01,9:43:03,29/01/2025,-1.38,1,0,0,0.003,0.432,0.002,0.844,1,75,0.001,2,0.058905,0,0.02923,0,0,-0.000068,standard,0,rectangular,7000,500,1,2,55537,55537,55537,0,-9999,0,0,0,0,2.447736,2.489554,1.073315,0.746323,0.268586,-0.008997,0.492158,0.15123,150.215866,0.001131,2.363673,0.000005,1,2.399535,0.000012,1,0.601056,0.600294,0.107352,0,PSF-01163_20250129094620_62c,PFA-00994,PSA-00994,PSF-01163,RHS-01998,3.0.0,2025-01-13T08:33:48.201Z
114,9:46:44,29/01/2025,K_lowfl_medbth,Karina Guo,,,462,Low,0.058322,1.906622,0.056591,0.705603,1.788151,1.749288,3.024438,1.236287,17.224356,17.607016,29.780109,0.441786,7.5,PSF-01163_20250129094644_2c6,0,0,0,130.851395,565.117493,0.768453,0.5,0.8,14.629008,1,54.94,53.75,25.39,24.16,24.16,101.56,80,79.5,0.6,48,4.009,9:43:03,29/01/2025,-1.38,1,0,0.001,-9999,0.015,-0.388,-9999,1,75,0.001,2,0.058905,0,0.02923,0,0,-0.000068,standard,0,rectangular,7000,500,1,2,55537,55537,55537,0,-9999,0,0,0,0,2.447569,2.490248,1.075367,0.761959,0.268512,-0.011892,0.493757,0.148746,130.851395,0.001133,2.363673,0.000005,1,2.399535,0.000012,1,0.601056,0.600294,0.107352,0,PSF-01163_20250129094644_2c6,PFA-00994,PSA-00994,PSF-01163,RHS-01998,3.0.0,2025-01-13T08:33:48.201Z
115,9:47:28,29/01/2025,K_lowfl_medbth,Karina Guo,,,462,Low,0.067966,1.906053,0.065626,0.826355,1.797643,1.752119,3.045903,1.248261,17.253201,17.701477,29.993162,0.441786,7.5,PSF-01163_20250129094728_671,0,0,0,124.831795,567.490356,0.780028,0.5,0.8,12.384078,1,55.19,53.79,25.4,24.28,24.28,101.55,80,79.6,0.5,40,4.007,9:43:03,29/01/2025,-1.38,1,0.001,0.001,0.003,-0.117,-0.067,2.022,1,75,0.001,2,0.058905,0,0.02923,0,0,-0.000068,standard,0,rectangular,7000,500,1,2,55537,55537,55537,0,-9999,0,0,0,0,2.447623,2.490583,1.075155,0.762168,0.268364,-0.010728,0.496791,0.141873,124.831795,0.001132,2.363673,0.000005,1,2.399535,0.000012,1,0.601056,0.600294,0.107352,0,PSF-01163_20250129094728_671,PFA-00994,PSA-00994,PSF-01163,RHS-01998,3.0.0,2025-01-13T08:33:48.201Z
116,9:48:08,29/01/2025,K_lowfl_medbth,Karina Guo,,,462,Low,0.03537,1.899891,0.034723,0.463621,1.777148,1.751496,3.100453,1.323305,17.247921,17.500528,30.53182,0.441786,7.5,PSF-01163_20250129094808_abe,0,0,0,132.567291,544.048523,0.756332,0.5,0.8,14.224855,1,54.52,53.74,25.42,24.58,24.58,101.55,79.7,74.3,6.7,47,4.007,9:43:03,29/01/2025,-1.38,1,0,0,0.002,0.012,-0.463,-1.054,1,75,0.001,2,0.058905,0,0.02923,0,0,-0.000068,standard,0,rectangular,7000,500,1,2,55537,55537,55537,0,-9999,0,0,0,0,2.447546,2.489665,1.072865,0.750593,0.268237,-0.007537,0.499498,0.148247,132.567291,0.001128,2.363673,0.000005,1,2.399535,0.000012,1,0.601056,0.600294,0.107352,0,PSF-01163_20250129094808_abe,PFA-00994,PSA-00994,PSF-01163,RHS-01998,3.0.0,2025-01-13T08:33:48.201Z
117,9:48:41,29/01/2025,K_lowfl_medbth,Karina Guo,,,601,Low,0.055486,1.903851,0.053915,0.666065,1.779404,1.74265,3.004419,1.225015,17.160341,17.52227,29.58532,0.441786,7.5,PSF-01163_20250129094841_23d,0,0,0,140.512711,598.739868,0.765319,0.5,0.8,15.76403,1,54.56,53.44,25.42,24.05,24.05,101.55,79.9,79.7,0.3,51,4.007,9:43:03,29/01/2025,-1.38,1,0,0,0.002,-0.035,0.188,0.474,1,75,0.001,2,0.058905,0,0.02923,0,0,-0.000068,standard,0,rectangular,7000,500,1,2,55537,55537,55537,0,-9999,0,0,0,0,2.44715,2.489721,1.074336,0.762246,0.268148,-0.01351,0.501721,0.15214,140.512711,0.001157,2.363673,0.000005,1,2.399535,0.000012,1,0.601056,0.600294,0.107352,0,PSF-01163_20250129094841_23d,PFA-00994,PSA-00994,PSF-01163,RHS-01998,3.0.0,2025-01-13T08:33:48.201Z
118,9:49:07,29/01/2025,K_lowfl_medbth,Karina Guo,,,601,Low,0.129799,1.90298,0.121511,1.374009,1.824754,1.748925,2.946079,1.121325,17.222216,17.968933,29.010975,0.441786,7.5,PSF-01163_20250129094907_e8b,0,0,0,127.399918,562.604065,0.773553,0.5,0.8,14.719617,1,55.96,53.63,25.42,23.73,23.73,101.55,79.8,79.6,0.3,48,4.006,9:43:03,29/01/2025,-1.38,1,0.001,0,0.002,0.214,0.113,0.205,1,75,0.001,2,0.058905,0,0.02923,0,0,-0.000068,standard,0,rectangular,7000,500,1,2,55537,55537,55537,0,-9999,0,0,0,0,2.447407,2.491632,1.074012,0.762028,0.268154,-0.017138,0.503492,0.148727,127.399918,0.00115,2.363673,0.000005,1,2.399535,0.000012,1,0.601056,0.600294,0.107352,0,PSF-01163_20250129094907_e8b,PFA-00994,PSA-00994,PSF-01163,RHS-01998,3.0.0,2025-01-13T08:33:48.201Z
119,9:49:28,29/01/2025,K_lowfl_medbth,Karina Guo,,,601,Low,0.063729,1.903294,0.061664,0.736055,1.786274,1.745649,2.969949,1.183675,17.191267,17.591351,29.248264,0.441786,7.5,PSF-01163_20250129094928_77b,0,0,0,126.340271,553.029663,0.771549,0.5,0.8,17.37694,1,54.78,53.54,25.42,23.86,23.86,101.54,79.8,79.6,0.3,56,4.001,9:43:03,29/01/2025,-1.38,1,0.001,0,0.001,0.18,0.055,0.259,1,75,0.001,2,0.058905,0,0.02923,0,0,-0.000068,standard,0,rectangular,7000,500,1,2,55537,55537,55537,0,-9999,0,0,0,0,2.44728,2.490019,1.074129,0.762131,0.268168,-0.01563,0.504835,0.156324,126.340271,0.00113,2.363673,0.000005,1,2.399535,0.000012,1,0.601056,0.600294,0.107352,0,PSF-01163_20250129094928_77b,PFA-00994,PSA-00994,PSF-01163,RHS-01998,3.0.0,2025-01-13T08:33:48.201Z
120,9:49:52,29/01/2025,K_lowfl_medbth,Karina Guo,,,151,Low,0.051666,1.89773,0.050297,0.651803,1.780731,1.744618,3.065221,1.28449,17.181286,17.536936,30.186808,0.441786,7.5,PSF-01163_20250129094952_d0c,0,0,0,184.473038,596.007202,0.690485,0.5,0.8,17.962341,1,54.61,53.5,25.42,24.39,24.39,101.54,79.5,79.7,-0.2,65,4.004,9:43:03,29/01/2025,-1.38,1,0.001,0.001,0.002,0.153,0.268,-0.135,1,75,0.001,2,0.058905,0,0.02923,0,0,-0.000068,standard,0,rectangular,7000,500,1,2,55537,55537,55537,0,-9999,0,0,0,0,2.447237,2.489785,1.072064,0.762276,0.268165,-0.009754,0.506472,0.163917,184.473038,0.001129,2.363673,0.000005,1,2.399535,0.000012,1,0.601056,0.600294,0.107352,0,PSF-01163_20250129094952_d0c,PFA-00994,PSA-00994,PSF-01163,RHS-01998,3.0.0,2025-01-13T08:33:48.201Z
121,9:50:33,29/01/2025,K_lowfl_medbth,Karina Guo,,,151,Low,0.052997,1.906093,0.051564,0.685552,1.778052,1.740284,3.095659,1.317606,17.138813,17.510769,30.486937,0.441786,7.5,PSF-01163_20250129095033_910,0,0,0,177.846558,551.009033,0.677235,0.5,0.8,17.834736,1,54.53,53.37,25.42,24.55,24.55,101.54,80,79.5,0.7,66,4.002,9:43:03,29/01/2025,-1.38,1,0,0.001,0.003,0.294,0.743,1.063,1,75,0.001,2,0.058905,0,0.02923,0,0,-0.000068,standard,0,rectangular,7000,500,1,2,55537,55537,55537,0,-9999,0,0,0,0,2.447062,2.489673,1.07517,0.76183,0.268169,-0.007899,0.509226,0.164614,177.846558,0.001144,2.363673,0.000005,1,2.399535,0.000012,1,0.601056,0.600294,0.107352,0,PSF-01163_20250129095033_910,PFA-00994,PSA-00994,PSF-01163,RHS-01998,3.0.0,2025-01-13T08:33:48.201Z
122,9:51:35,29/01/2025,K_lowfl_medbth,Karina Guo,,,151,Low,0.040223,1.90171,0.03939,0.522558,1.770776,1.741898,3.085691,1.314916,17.153948,17.438335,30.38743,0.441786,7.5,PSF-01163_20250129095135_296,0,0,0,180.85849,463.820099,0.610068,0.5,0.8,23.815256,1,54.31,53.42,25.42,24.5,24.5,101.54,79.8,78.5,1.5,98,4.002,9:43:03,29/01/2025,-1.38,1,0.001,0.001,0.002,-0.586,-0.151,-0.061,1,75,0.001,2,0.058905,0,0.02923,0,0,-0.000068,standard,0,rectangular,7000,500,1,2,55537,55537,55537,0,-9999,0,0,0,0,2.447128,2.489367,1.07354,0.759755,0.268169,-0.008504,0.513512,0.192234,180.85849,0.001133,2.363673,0.000005,1,2.399535,0.000012,1,0.601056,0.600294,0.107352,0,PSF-01163_20250129095135_296,PFA-00994,PSA-00994,PSF-01163,RHS-01998,3.0.0,2025-01-13T08:33:48.201Z
123,9:52:05,29/01/2025,K_lowfl_medbth,Karina Guo,,,25,Mid,0.063717,1.900319,0.06165,0.763068,1.781956,1.739752,3.00914,1.227184,17.133242,17.548864,29.634289,0.441786,7.5,PSF-01163_20250129095205_7ee,0,0,0,140.618561,569.800598,0.753214,0.5,0.8,29.147717,1,54.65,53.36,25.42,24.08,24.08,101.54,79.7,79.5,0.2,97,4.001,9:43:03,29/01/2025,-1.38,1,0.001,0.001,0.003,-0.285,0.169,-0.34,1,75,0.001,2,0.058905,0,0.02923,0,0,-0.000068,standard,0,rectangular,7000,500,1,2,55537,55537,55537,0,-9999,0,0,0,0,2.447044,2.489841,1.073024,0.761864,0.268176,-0.013188,0.515474,0.191496,140.618561,0.001151,2.363673,0.000005,1,2.399535,0.000012,1,0.601056,0.600294,0.107352,0,PSF-01163_20250129095205_7ee,PFA-00994,PSA-00994,PSF-01163,RHS-01998,3.0.0,2025-01-13T08:33:48.201Z
124,9:52:38,29/01/2025,K_lowfl_medbth,Karina Guo,,,25,Mid,0.039248,1.902496,0.038454,0.49842,1.769877,1.742349,3.054698,1.284821,17.159327,17.430433,30.083841,0.441786,7.5,PSF-01163_20250129095238_215,0,0,0,146.430023,527.047302,0.722169,0.5,0.8,24.442158,1,54.28,53.44,25.42,24.33,24.33,101.54,79.8,79.7,0.2,85,4,9:43:03,29/01/2025,-1.38,1,0,0,0.003,-0.046,0.236,-0.043,1,75,0.001,2,0.058905,0,0.02923,0,0,-0.000068,standard,0,rectangular,7000,500,1,2,55537,55537,55537,0,-9999,0,0,0,0,2.44715,2.489332,1.073832,0.762273,0.268177,-0.010385,0.517603,0.180945,146.430023,0.001135,2.363673,0.000005,1,2.399535,0.000012,1,0.601056,0.600294,0.107352,0,PSF-01163_20250129095238_215,PFA-00994,PSA-00994,PSF-01163,RHS-01998,3.0.0,2025-01-13T08:33:48.201Z
125,9:53:31,29/01/2025,K_lowfl_medbth,Karina Guo,,,25,Mid,0.047925,1.902146,0.046747,0.614281,1.776916,1.742983,3.07927,1.302354,17.165779,17.499964,30.326208,0.441786,7.5,PSF-01163_20250129095331_fab,0,0,0,141.938202,505.838165,0.7194,0.5,0.8,26.635483,1,54.43,53.4,25.44,24.46,24.46,101.54,79.8,79.5,0.4,93,4,9:53:21,29/01/2025,-1.35,1,0.001,0.001,0.003,-0.152,-0.526,-1.697,1,75,0.001,2,0.058905,0,0.02923,0,0,-0.000068,standard,0,rectangular,7000,500,1,2,55537,55537,55537,0,-9999,0,0,0,0,2.44709,2.48951,1.073702,0.761895,0.26797,-0.009103,0.521204,0.187858,141.938202,0.001146,2.363673,0.000005,1,2.399535,0.000012,1,0.601056,0.600294,0.107352,0,PSF-01163_20250129095331_fab,PFA-00994,PSA-00994,PSF-01163,RHS-01998,3.0.0,2025-01-13T08:33:48.201Z
126,9:56:03,29/01/2025,K_lowfl_medbth,Karina Guo,,,348,High,0.022858,1.895478,0.022586,0.322911,1.760805,1.742883,3.177278,1.416473,17.163818,17.340317,31.289671,0.441786,7.5,PSF-01163_20250129095603_395,0,0,0,107.347366,420.816772,0.744907,0.5,0.8,30.628107,1,53.78,53.23,25.49,24.99,24.99,101.54,79.4,79.7,-0.4,103,3.996,9:53:21,29/01/2025,-1.35,1,0.001,0,0.001,0.094,-0.384,-1.25,1,75,0.001,2,0.058905,0,0.02923,0,0,-0.000068,standard,0,rectangular,7000,500,1,2,55537,55537,55537,0,-9999,0,0,0,0,2.446862,2.488598,1.07123,0.762345,0.267427,-0.003776,0.531628,0.196755,107.347366,0.001159,2.363673,0.000005,1,2.399535,0.000012,1,0.601056,0.600294,0.107352,0,PSF-01163_20250129095603_395,PFA-00994,PSA-00994,PSF-01163,RHS-01998,3.0.0,2025-01-13T08:33:48.201Z
127,9:56:29,29/01/2025,K_lowfl_medbth,Karina Guo,,,348,High,0.035957,1.901782,0.03529,0.495863,1.773082,1.745682,3.165167,1.392085,17.191723,17.461563,31.171011,0.441786,7.5,PSF-01163_20250129095629_6e8,0,0,0,109.43985,443.022247,0.75297,0.5,0.8,27.273418,1,54.13,53.29,25.5,24.92,24.92,101.54,79.8,79.5,0.3,91,3.996,9:53:21,29/01/2025,-1.35,1,0,0,-9999,-0.185,-0.337,-9999,1,75,0.001,2,0.058905,0,0.02923,0,0,-0.000068,standard,0,rectangular,7000,500,1,2,55537,55537,55537,0,-9999,0,0,0,0,2.446941,2.489078,1.073567,0.761905,0.267344,-0.004586,0.533363,0.186111,109.43985,0.001128,2.363673,0.000005,1,2.399535,0.000012,1,0.601056,0.600294,0.107352,0,PSF-01163_20250129095629_6e8,PFA-00994,PSA-00994,PSF-01163,RHS-01998,3.0.0,2025-01-13T08:33:48.201Z
128,9:57:10,29/01/2025,K_lowfl_medbth,Karina Guo,,,348,High,0.033757,1.899089,0.033167,0.468311,1.765096,1.739168,3.164059,1.398963,17.127193,17.382526,31.159409,0.441786,7.5,PSF-01163_20250129095710_74a,0,0,0,117.673874,504.247772,0.766635,0.5,0.8,24.189415,1,53.86,53.07,25.51,24.92,24.92,101.54,79.6,67.1,15.7,79,3.996,9:53:21,29/01/2025,-1.35,1,0,0,-9999,-0.097,0.2,-9999,1,75,0.001,2,0.058905,0,0.02923,0,0,-0.000068,standard,0,rectangular,7000,500,1,2,55537,55537,55537,0,-9999,0,0,0,0,2.446647,2.48871,1.072567,0.73504,0.267269,-0.004731,0.536028,0.17596,117.673874,0.001142,2.363673,0.000005,1,2.399535,0.000012,1,0.601056,0.600294,0.107352,0,PSF-01163_20250129095710_74a,PFA-00994,PSA-00994,PSF-01163,RHS-01998,3.0.0,2025-01-13T08:33:48.201Z
129,9:57:33,29/01/2025,K_lowfl_medbth,Karina Guo,,,458,Low,0.069251,1.901582,0.066818,0.828087,1.784927,1.739169,3.013606,1.22868,17.127747,17.578384,29.678713,0.441786,7.5,PSF-01163_20250129095733_c08,0,0,0,132.618423,563.235657,0.764542,0.5,0.8,23.187569,1,54.46,53.06,25.51,24.1,24.1,101.54,79.8,79.6,0.2,76,3.994,9:53:21,29/01/2025,-1.35,1,0.001,0,0.002,0.168,0.319,0.758,1,75,0.001,2,0.058905,0,0.02923,0,0,-0.000068,standard,0,rectangular,7000,500,1,2,55537,55537,55537,0,-9999,0,0,0,0,2.446638,2.489533,1.073492,0.762111,0.267246,-0.013891,0.537487,0.173298,132.618423,0.001173,2.363673,0.000005,1,2.399535,0.000012,1,0.601056,0.600294,0.107352,0,PSF-01163_20250129095733_c08,PFA-00994,PSA-00994,PSF-01163,RHS-01998,3.0.0,2025-01-13T08:33:48.201Z
130,9:58:21,29/01/2025,K_lowfl_medbth,Karina Guo,,,458,Low,0.03535,1.897202,0.034704,0.474902,1.779483,1.75316,3.135453,1.355969,17.264776,17.523998,30.877316,0.441786,7.5,PSF-01163_20250129095821_a00,0,0,0,132.878784,582.282532,0.771797,0.5,0.8,20.444567,1,54.26,53.46,25.52,24.77,24.77,101.55,79.5,79.6,-0.1,66,3.993,9:53:21,29/01/2025,-1.35,1,0,0,0.004,0.171,0.636,1.777,1,75,0.001,2,0.058905,0,0.02923,0,0,-0.000068,standard,0,rectangular,7000,500,1,2,55537,55537,55537,0,-9999,0,0,0,0,2.447161,2.48926,1.071868,0.762118,0.267144,-0.006576,0.540472,0.16495,132.878784,0.001137,2.363673,0.000005,1,2.399535,0.000012,1,0.601056,0.600294,0.107352,0,PSF-01163_20250129095821_a00,PFA-00994,PSA-00994,PSF-01163,RHS-01998,3.0.0,2025-01-13T08:33:48.201Z
131,9:58:47,29/01/2025,K_lowfl_medbth,Karina Guo,,,458,Low,0.023323,1.900122,0.02304,0.323876,1.767795,1.749877,3.160585,1.39279,17.232697,17.409151,31.125275,0.441786,7.5,PSF-01163_20250129095847_faa,0,0,0,125.131485,551.036255,0.772916,0.5,0.8,23.723509,1,53.87,53.33,25.53,24.9,24.9,101.54,79.7,75.6,5.1,77,3.992,9:53:21,29/01/2025,-1.35,1,0,0,0.002,-0.034,-0.272,-0.882,1,75,0.001,2,0.058905,0,0.02923,0,0,-0.000068,standard,0,rectangular,7000,500,1,2,55537,55537,55537,0,-9999,0,0,0,0,2.446984,2.488723,1.07295,0.753468,0.267035,-0.005185,0.542132,0.174091,125.131485,0.001129,2.363673,0.000005,1,2.399535,0.000012,1,0.601056,0.600294,0.107352,0,PSF-01163_20250129095847_faa,PFA-00994,PSA-00994,PSF-01163,RHS-01998,3.0.0,2025-01-13T08:33:48.201Z
132,9:59:18,29/01/2025,K_lowfl_medbth,Karina Guo,,,99,Mid,0.069853,1.89909,0.067374,0.891481,1.795822,1.746485,3.10689,1.311067,17.200611,17.686516,30.598824,0.441786,7.5,PSF-01163_20250129095918_5b5,0,0,0,213.020676,606.352661,0.648685,0.5,0.8,19.500198,1,54.69,53.19,25.54,24.61,24.61,101.54,79.6,79.8,-0.3,75,3.991,9:53:21,29/01/2025,-1.35,1,0,0.001,0.004,-0.266,-0.546,-2.751,1,75,0.001,2,0.058905,0,0.02923,0,0,-0.000068,standard,0,rectangular,7000,500,1,2,55537,55537,55537,0,-9999,0,0,0,0,2.446793,2.489841,1.072568,0.762629,0.266905,-0.008552,0.544137,0.172716,213.020676,0.001134,2.363673,0.000005,1,2.399535,0.000012,1,0.601056,0.600294,0.107352,0,PSF-01163_20250129095918_5b5,PFA-00994,PSA-00994,PSF-01163,RHS-01998,3.0.0,2025-01-13T08:33:48.201Z
133,9:59:49,29/01/2025,K_lowfl_medbth,Karina Guo,,,99,Mid,0.086618,1.903863,0.082849,1.0167,1.796324,1.740241,3.012814,1.216489,17.139576,17.691935,29.673098,0.441786,7.5,PSF-01163_20250129095949_a42,0,0,0,193.346146,583.996643,0.668926,0.5,0.8,19.424221,1,54.68,52.97,25.55,24.1,24.1,101.53,79.9,79.3,0.7,73,3.991,9:53:21,29/01/2025,-1.35,1,0,0.001,0.002,0.196,-0.109,-0.444,1,75,0.001,2,0.058905,0,0.02923,0,0,-0.000068,standard,0,rectangular,7000,500,1,2,55537,55537,55537,0,-9999,0,0,0,0,2.446507,2.489824,1.07434,0.761463,0.26682,-0.014391,0.546174,0.170492,193.346146,0.001137,2.363673,0.000005,1,2.399535,0.000012,1,0.601056,0.600294,0.107352,0,PSF-01163_20250129095949_a42,PFA-00994,PSA-00994,PSF-01163,RHS-01998,3.0.0,2025-01-13T08:33:48.201Z
134,10:00:13,29/01/2025,K_lowfl_medbth,Karina Guo,,,99,Mid,0.047989,1.901176,0.046808,0.615076,1.774906,1.740909,3.077179,1.302273,17.146833,17.481678,30.308229,0.441786,7.5,PSF-01163_20250129100013_b21,0,0,0,209.993362,595.461487,0.647344,0.5,0.8,20.231033,1,54.02,52.98,25.55,24.45,24.45,101.53,79.7,79.6,0.2,78,3.992,9:53:21,29/01/2025,-1.35,1,0,0,0.003,-0.473,-0.773,-1.477,1,75,0.001,2,0.058905,0,0.02923,0,0,-0.000068,standard,0,rectangular,7000,500,1,2,55537,55537,55537,0,-9999,0,0,0,0,2.446523,2.488918,1.073342,0.76212,0.266795,-0.010471,0.547697,0.175307,209.993362,0.001134,2.363673,0.000005,1,2.399535,0.000012,1,0.601056,0.600294,0.107352,0,PSF-01163_20250129100013_b21,PFA-00994,PSA-00994,PSF-01163,RHS-01998,3.0.0,2025-01-13T08:33:48.201Z
135,10:00:54,29/01/2025,K_lowfl_medbth,Karina Guo,,,207,High,0.03281,1.9028,0.032254,0.447555,1.770658,1.745948,3.14534,1.374682,17.196968,17.440357,30.980486,0.441786,7.5,PSF-01163_20250129100054_38f,0,0,0,181.1353,539.43335,0.664212,0.5,0.8,19.842628,1,53.87,53.11,25.56,24.82,24.82,101.53,79.8,79.4,0.6,75,3.99,9:53:21,29/01/2025,-1.35,1,0,0,-9999,-0.232,-0.526,-9999,1,75,0.001,2,0.058905,0,0.02923,0,0,-0.000068,standard,0,rectangular,7000,500,1,2,55537,55537,55537,0,-9999,0,0,0,0,2.446695,2.488707,1.073945,0.761586,0.26672,-0.006432,0.55033,0.172309,181.1353,0.001147,2.363673,0.000005,1,2.399535,0.000012,1,0.601056,0.600294,0.107352,0,PSF-01163_20250129100054_38f,PFA-00994,PSA-00994,PSF-01163,RHS-01998,3.0.0,2025-01-13T08:33:48.201Z
136,10:01:19,29/01/2025,K_lowfl_medbth,Karina Guo,,,207,High,0.031538,1.905319,0.031024,0.424453,1.773582,1.750186,3.129186,1.355604,17.237093,17.467518,30.818485,0.441786,7.5,PSF-01163_20250129100119_e62,0,0,0,160.206192,568.995605,0.71844,0.5,0.8,22.556257,1,53.94,53.23,25.56,24.73,24.73,101.54,80,78.9,1.4,78,3.99,9:53:21,29/01/2025,-1.35,1,0,0.001,0.005,-0.225,-0.526,-1.481,1,75,0.001,2,0.058905,0,0.02923,0,0,-0.000068,standard,0,rectangular,7000,500,1,2,55537,55537,55537,0,-9999,0,0,0,0,2.446846,2.488809,1.074882,0.760496,0.266672,-0.007453,0.551843,0.175619,160.206192,0.001144,2.363673,0.000005,1,2.399535,0.000012,1,0.601056,0.600294,0.107352,0,PSF-01163_20250129100119_e62,PFA-00994,PSA-00994,PSF-01163,RHS-01998,3.0.0,2025-01-13T08:33:48.201Z
137,10:01:56,29/01/2025,K_lowfl_medbth,Karina Guo,,,207,High,0.035264,1.903209,0.034622,0.48576,1.782417,1.755608,3.17212,1.389702,17.291861,17.55592,31.243793,0.441786,7.5,PSF-01163_20250129100156_e84,0,0,0,148.111938,529.140808,0.72009,0.5,0.8,22.170303,1,54.18,53.37,25.57,24.96,24.96,101.53,79.8,79.7,0.2,77,3.989,9:53:21,29/01/2025,-1.35,1,0,0,0.002,-0.024,-0.144,-0.659,1,75,0.001,2,0.058905,0,0.02923,0,0,-0.000068,standard,0,rectangular,7000,500,1,2,55537,55537,55537,0,-9999,0,0,0,0,2.447026,2.489139,1.074097,0.76228,0.26658,-0.004979,0.554211,0.174297,148.111938,0.001145,2.363673,0.000005,1,2.399535,0.000012,1,0.601056,0.600294,0.107352,0,PSF-01163_20250129100156_e84,PFA-00994,PSA-00994,PSF-01163,RHS-01998,3.0.0,2025-01-13T08:33:48.201Z
138,10:02:29,29/01/2025,K_lowfl_medbth,Karina Guo,,,719,High,0.008832,1.906692,0.008791,0.119929,1.759459,1.752854,3.111387,1.351927,17.263676,17.32873,30.643717,0.441786,7.5,PSF-01163_20250129100229_d51,0,0,0,173.34903,326.599731,0.469231,0.5,0.8,12.762819,1,53.46,53.26,25.58,24.64,24.64,101.53,80,79.5,0.7,68,3.989,9:53:21,29/01/2025,-1.35,1,0,0,-9999,0.03,-0.028,-9999,1,75,0.001,2,0.058905,0,0.02923,0,0,-0.000068,standard,0,rectangular,7000,500,1,2,55537,55537,55537,0,-9999,0,0,0,0,2.446889,2.488151,1.075393,0.761786,0.266516,-0.008692,0.556356,0.166494,173.34903,0.001143,2.363673,0.000005,1,2.399535,0.000012,1,0.601056,0.600294,0.107352,0,PSF-01163_20250129100229_d51,PFA-00994,PSA-00994,PSF-01163,RHS-01998,3.0.0,2025-01-13T08:33:48.201Z
139,10:02:52,29/01/2025,K_lowfl_medbth,Karina Guo,,,719,High,0.012077,1.900672,0.012,0.168534,1.767588,1.758268,3.158989,1.391401,17.316442,17.40823,31.111555,0.441786,7.5,PSF-01163_20250129100252_663,0,0,0,168.852921,316.989899,0.467324,0.5,0.8,11.282004,1,53.7,53.41,25.58,24.89,24.89,101.54,79.7,79.8,-0.2,60,3.988,9:53:21,29/01/2025,-1.35,1,0,0,-9999,0.215,0.317,-9999,1,75,0.001,2,0.058905,0,0.02923,0,0,-0.000068,standard,0,rectangular,7000,500,1,2,55537,55537,55537,0,-9999,0,0,0,0,2.447088,2.488471,1.073155,0.76265,0.26647,-0.00588,0.557742,0.159845,168.852921,0.001137,2.363673,0.000005,1,2.399535,0.000012,1,0.601056,0.600294,0.107352,0,PSF-01163_20250129100252_663,PFA-00994,PSA-00994,PSF-01163,RHS-01998,3.0.0,2025-01-13T08:33:48.201Z
140,10:03:24,29/01/2025,K_lowfl_medbth,Karina Guo,,,719,High,0.014379,1.901015,0.014271,0.198949,1.771677,1.760679,3.152842,1.381165,17.34078,17.449102,31.05208,0.441786,7.5,PSF-01163_20250129100324_0d4,0,0,0,187.215683,339.359528,0.448326,0.5,0.8,9.980771,1,53.8,53.46,25.59,24.86,24.86,101.53,79.7,79.4,0.4,56,3.985,9:53:21,29/01/2025,-1.35,1,0,0,0.004,0.16,0.815,0.635,1,75,0.001,2,0.058905,0,0.02923,0,0,-0.000068,standard,0,rectangular,7000,500,1,2,55537,55537,55537,0,-9999,0,0,0,0,2.447149,2.488605,1.073282,0.761727,0.266382,-0.00634,0.559783,0.155759,187.215683,0.001144,2.363673,0.000005,1,2.399535,0.000012,1,0.601056,0.600294,0.107352,0,PSF-01163_20250129100324_0d4,PFA-00994,PSA-00994,PSF-01163,RHS-01998,3.0.0,2025-01-13T08:33:48.201Z
141,10:04:01,29/01/2025,K_lowfl_medbth,Karina Guo,,,232,Low,0.059651,1.901723,0.057837,0.705242,1.799208,1.76025,3.007965,1.208757,17.336641,17.720335,29.625343,0.441786,7.5,PSF-01163_20250129100401_925,0,0,0,144.391891,513.476379,0.718795,0.5,0.8,15.371547,1,54.53,53.35,25.62,24.07,24.07,101.53,79.8,73.5,7.8,53,3.987,10:03:42,29/01/2025,-1.35,1,0,0,0.003,-0.123,-0.081,0.015,1,75,0.001,2,0.058905,0,0.02923,0,0,-0.000068,standard,0,rectangular,7000,500,1,2,55537,55537,55537,0,-9999,0,0,0,0,2.446991,2.489606,1.073545,0.748827,0.266043,-0.015513,0.562212,0.153852,144.391891,0.001137,2.363673,0.000005,1,2.399535,0.000012,1,0.601056,0.600294,0.107352,0,PSF-01163_20250129100401_925,PFA-00994,PSA-00994,PSF-01163,RHS-01998,3.0.0,2025-01-13T08:33:48.201Z
142,10:04:28,29/01/2025,K_lowfl_medbth,Karina Guo,,,232,Low,0.058071,1.900789,0.05635,0.693608,1.795925,1.757585,3.016055,1.22013,17.310736,17.688351,29.705608,0.441786,7.5,PSF-01163_20250129100428_6c0,0,0,0,135.455139,518.753174,0.738883,0.5,0.8,15.887169,1,54.4,53.24,25.63,24.12,24.12,101.53,79.7,79.5,0.3,54,3.985,10:03:42,29/01/2025,-1.35,1,0,0,0.003,-0.119,-0.098,-0.005,1,75,0.001,2,0.058905,0,0.02923,0,0,-0.000068,standard,0,rectangular,7000,500,1,2,55537,55537,55537,0,-9999,0,0,0,0,2.446845,2.489428,1.073198,0.761872,0.265947,-0.015115,0.563858,0.154105,135.455139,0.001127,2.363673,0.000005,1,2.399535,0.000012,1,0.601056,0.600294,0.107352,0,PSF-01163_20250129100428_6c0,PFA-00994,PSA-00994,PSF-01163,RHS-01998,3.0.0,2025-01-13T08:33:48.201Z
143,10:04:57,29/01/2025,K_lowfl_medbth,Karina Guo,,,232,Low,0.056321,1.901812,0.054701,0.712126,1.800101,1.760768,3.089988,1.289887,17.342899,17.73031,30.435205,0.441786,7.5,PSF-01163_20250129100457_55c,0,0,0,163.758514,575.904968,0.71565,0.5,0.8,14.223631,1,54.52,53.33,25.63,24.52,24.52,101.53,79.8,79.5,0.3,50,3.984,10:03:42,29/01/2025,-1.35,1,0.001,0,0.002,0.124,0.545,1.186,1,75,0.001,2,0.058905,0,0.02923,0,0,-0.000068,standard,0,rectangular,7000,500,1,2,55537,55537,55537,0,-9999,0,0,0,0,2.44697,2.489599,1.073578,0.761922,0.265943,-0.010596,0.565651,0.150568,163.758514,0.001127,2.363673,0.000005,1,2.399535,0.000012,1,0.601056,0.600294,0.107352,0,PSF-01163_20250129100457_55c,PFA-00994,PSA-00994,PSF-01163,RHS-01998,3.0.0,2025-01-13T08:33:48.201Z
144,10:06:26,29/01/2025,K_lowfl_medbth,Karina Guo,,,474,Mid,0.030891,1.900319,0.030397,0.41483,1.783531,1.760593,3.135398,1.351867,17.342415,17.568357,30.884687,0.441786,7.5,PSF-01163_20250129100626_2c3,0,0,0,125.143646,517.467529,0.758161,0.5,0.8,19.693945,1,54.04,53.35,25.63,24.76,24.76,101.52,79.7,79.6,0.1,65,3.982,10:03:42,29/01/2025,-1.35,1,0,0.001,-9999,0.436,0.75,-9999,1,75,0.001,2,0.058905,0,0.02923,0,0,-0.000068,standard,0,rectangular,7000,500,1,2,55537,55537,55537,0,-9999,0,0,0,0,2.446992,2.48894,1.073024,0.762126,0.266013,-0.007779,0.571246,0.163834,125.143646,0.001158,2.363673,0.000005,1,2.399535,0.000012,1,0.601056,0.600294,0.107352,0,PSF-01163_20250129100626_2c3,PFA-00994,PSA-00994,PSF-01163,RHS-01998,3.0.0,2025-01-13T08:33:48.201Z
145,10:08:03,29/01/2025,K_lowfl_medbth,Karina Guo,,,474,Mid,0.064412,1.904671,0.062305,0.80532,1.800843,1.756452,3.081521,1.280678,17.301065,17.738323,30.353012,0.441786,7.5,PSF-01163_20250129100803_d3b,0,0,0,120.643974,517.98175,0.767088,0.5,0.8,29.577114,1,54.57,53.22,25.63,24.48,24.48,101.52,79.9,79.7,0.3,96,3.981,10:03:42,29/01/2025,-1.35,1,0.001,0.001,0.002,0.029,-0.151,-0.241,1,75,0.001,2,0.058905,0,0.02923,0,0,-0.000068,standard,0,rectangular,7000,500,1,2,55537,55537,55537,0,-9999,0,0,0,0,2.446827,2.489662,1.074641,0.762337,0.266015,-0.011034,0.577234,0.191191,120.643974,0.00115,2.363673,0.000005,1,2.399535,0.000012,1,0.601056,0.600294,0.107352,0,PSF-01163_20250129100803_d3b,PFA-00994,PSA-00994,PSF-01163,RHS-01998,3.0.0,2025-01-13T08:33:48.201Z
146,10:08:30,29/01/2025,K_lowfl_medbth,Karina Guo,,,474,Mid,0.019606,1.901383,0.019406,0.273555,1.765607,1.750489,3.161996,1.396389,17.242373,17.391287,31.145763,0.441786,7.5,PSF-01163_20250129100830_048,0,0,0,146.11673,469.976318,0.689098,0.5,0.8,28.815887,1,53.52,53.06,25.62,24.91,24.91,101.52,79.7,65.1,18.4,105,3.981,10:03:42,29/01/2025,-1.35,1,0,0,0.001,0.082,0.551,3.025,1,75,0.001,2,0.058905,0,0.02923,0,0,-0.000068,standard,0,rectangular,7000,500,1,2,55537,55537,55537,0,-9999,0,0,0,0,2.446609,2.488216,1.073419,0.730731,0.266068,-0.006127,0.578957,0.198278,146.11673,0.001132,2.363673,0.000005,1,2.399535,0.000012,1,0.601056,0.600294,0.107352,0,PSF-01163_20250129100830_048,PFA-00994,PSA-00994,PSF-01163,RHS-01998,3.0.0,2025-01-13T08:33:48.201Z
147,10:08:55,29/01/2025,K_lowfl_medbth,Karina Guo,,,284,High,0.027403,1.90319,0.027014,0.357625,1.771672,1.751934,3.083507,1.311836,17.257284,17.451714,30.373846,0.441786,7.5,PSF-01163_20250129100855_bf9,0,0,0,176.12886,565.570618,0.688582,0.5,0.8,30.701853,1,53.71,53.11,25.62,24.49,24.49,101.52,79.8,79.6,0.3,111,3.98,10:03:42,29/01/2025,-1.35,1,0,0,0.002,-0.436,-0.816,-2.513,1,75,0.001,2,0.058905,0,0.02923,0,0,-0.000068,standard,0,rectangular,7000,500,1,2,55537,55537,55537,0,-9999,0,0,0,0,2.446685,2.488487,1.07409,0.762045,0.266109,-0.010813,0.580481,0.204301,176.12886,0.001148,2.363673,0.000005,1,2.399535,0.000012,1,0.601056,0.600294,0.107352,0,PSF-01163_20250129100855_bf9,PFA-00994,PSA-00994,PSF-01163,RHS-01998,3.0.0,2025-01-13T08:33:48.201Z
148,10:09:20,29/01/2025,K_lowfl_medbth,Karina Guo,,,284,High,0.03465,1.903697,0.034031,0.448217,1.782949,1.758223,3.087908,1.304959,17.31996,17.56353,30.418468,0.441786,7.5,PSF-01163_20250129100920_308,0,0,0,93.644859,338.018066,0.722959,0.5,0.8,36.108383,1,54.06,53.31,25.61,24.51,24.51,101.51,79.9,79.7,0.2,125,3.979,10:03:42,29/01/2025,-1.35,1,0.001,0.001,-9999,-0.28,-0.729,-9999,1,75,0.001,2,0.058905,0,0.02923,0,0,-0.000068,standard,0,rectangular,7000,500,1,2,55537,55537,55537,0,-9999,0,0,0,0,2.446946,2.488966,1.074278,0.762323,0.26613,-0.010523,0.581996,0.215952,93.644859,0.001137,2.363673,0.000005,1,2.399535,0.000012,1,0.601056,0.600294,0.107352,0,PSF-01163_20250129100920_308,PFA-00994,PSA-00994,PSF-01163,RHS-01998,3.0.0,2025-01-13T08:33:48.201Z
149,10:09:44,29/01/2025,K_lowfl_medbth,Karina Guo,,,284,High,0.026117,1.901733,0.025763,0.353794,1.774828,1.755283,3.135188,1.36036,17.290575,17.483107,30.883451,0.441786,7.5,PSF-01163_20250129100944_a04,0,0,0,172.796494,538.782837,0.679284,0.5,0.8,32.431129,1,53.82,53.22,25.61,24.76,24.76,101.52,79.8,79.7,0.1,119,3.979,10:03:42,29/01/2025,-1.35,1,0,0.001,-9999,0.055,-0.345,-9999,1,75,0.001,2,0.058905,0,0.02923,0,0,-0.000068,standard,0,rectangular,7000,500,1,2,55537,55537,55537,0,-9999,0,0,0,0,2.446829,2.488629,1.073548,0.762342,0.266133,-0.007664,0.583454,0.211164,172.796494,0.00115,2.363673,0.000005,1,2.399535,0.000012,1,0.601056,0.600294,0.107352,0,PSF-01163_20250129100944_a04,PFA-00994,PSA-00994,PSF-01163,RHS-01998,3.0.0,2025-01-13T08:33:48.201Z
150,10:10:14,29/01/2025,K_lowfl_medbth,Karina Guo,,,638,Mid,0.131246,1.905306,0.122788,1.465651,1.836082,1.755353,3.018931,1.182849,17.290161,18.085331,29.736349,0.441786,7.5,PSF-01163_20250129101014_ec9,0,0,0,156.647446,540.510193,0.710186,0.5,0.8,29.477667,1,55.67,53.22,25.61,24.13,24.13,101.52,80,79.6,0.5,104,3.979,10:03:42,29/01/2025,-1.35,1,0,0.001,0.002,-0.209,-0.355,-0.701,1,75,0.001,2,0.058905,0,0.02923,0,0,-0.000068,standard,0,rectangular,7000,500,1,2,55537,55537,55537,0,-9999,0,0,0,0,2.446828,2.491175,1.074877,0.762067,0.266123,-0.014751,0.585371,0.197604,156.647446,0.00112,2.363673,0.000005,1,2.399535,0.000012,1,0.601056,0.600294,0.107352,0,PSF-01163_20250129101014_ec9,PFA-00994,PSA-00994,PSF-01163,RHS-01998,3.0.0,2025-01-13T08:33:48.201Z
151,10:10:54,29/01/2025,K_lowfl_medbth,Karina Guo,,,638,Mid,0.158401,1.902281,0.146225,1.716545,1.854033,1.759306,3.017259,1.163226,17.328621,18.261656,29.719076,0.441786,7.5,PSF-01163_20250129101054_d48,0,0,0,159.92009,611.998535,0.738692,0.5,0.8,29.394281,1,56.19,53.32,25.62,24.12,24.12,101.53,79.8,76.3,4.4,99,3.977,10:03:42,29/01/2025,-1.35,1,0.001,0.001,0.003,-0.147,-0.132,-0.26,1,75,0.001,2,0.058905,0,0.02923,0,0,-0.000068,standard,0,rectangular,7000,500,1,2,55537,55537,55537,0,-9999,0,0,0,0,2.446959,2.491892,1.073752,0.754864,0.266058,-0.014923,0.587872,0.193876,159.92009,0.001148,2.363673,0.000005,1,2.399535,0.000012,1,0.601056,0.600294,0.107352,0,PSF-01163_20250129101054_d48,PFA-00994,PSA-00994,PSF-01163,RHS-01998,3.0.0,2025-01-13T08:33:48.201Z
152,10:11:21,29/01/2025,K_lowfl_medbth,Karina Guo,,,638,Mid,0.111906,1.904732,0.105697,1.292489,1.830067,1.758843,3.041773,1.211706,17.324018,18.025557,29.960455,0.441786,7.5,PSF-01163_20250129101121_a69,0,0,0,156.153915,563.531738,0.722901,0.5,0.8,25.116123,1,55.45,53.29,25.63,24.26,24.26,101.53,79.9,79.7,0.3,87,3.977,10:03:42,29/01/2025,-1.35,1,0.001,0.001,0.003,0.434,-0.731,-0.667,1,75,0.001,2,0.058905,0,0.02923,0,0,-0.000068,standard,0,rectangular,7000,500,1,2,55537,55537,55537,0,-9999,0,0,0,0,2.446912,2.490866,1.074664,0.762215,0.265989,-0.013488,0.589462,0.182898,156.153915,0.001158,2.363673,0.000005,1,2.399535,0.000012,1,0.601056,0.600294,0.107352,0,PSF-01163_20250129101121_a69,PFA-00994,PSA-00994,PSF-01163,RHS-01998,3.0.0,2025-01-13T08:33:48.201Z
153,10:11:55,29/01/2025,K_lowfl_medbth,Karina Guo,,,732,High,0.035768,1.900895,0.035108,0.478206,1.783331,1.756897,3.132781,1.349451,17.304554,17.564915,30.856329,0.441786,7.5,PSF-01163_20250129101155_1d2,0,0,0,121.71936,559.390808,0.782407,0.5,0.8,23.491854,1,54.01,53.2,25.64,24.75,24.75,101.53,79.7,72.9,8.5,75,3.975,10:03:42,29/01/2025,-1.35,1,0,0.001,-9999,-0.102,-0.235,-9999,1,75,0.001,2,0.058905,0,0.02923,0,0,-0.000068,standard,0,rectangular,7000,500,1,2,55537,55537,55537,0,-9999,0,0,0,0,2.4468,2.488885,1.073237,0.747579,0.265907,-0.008049,0.59163,0.172638,121.71936,0.001148,2.363673,0.000005,1,2.399535,0.000012,1,0.601056,0.600294,0.107352,0,PSF-01163_20250129101155_1d2,PFA-00994,PSA-00994,PSF-01163,RHS-01998,3.0.0,2025-01-13T08:33:48.201Z
154,10:12:39,29/01/2025,K_lowfl_medbth,Karina Guo,,,732,High,0.04594,1.901479,0.044856,0.595417,1.799656,1.766763,3.114661,1.315005,17.402458,17.726454,30.679138,0.441786,7.5,PSF-01163_20250129101239_ff1,0,0,0,126.774071,590.039124,0.785143,0.5,0.8,19.984423,1,54.46,53.47,25.65,24.65,24.65,101.52,79.7,79.6,0.2,64,3.975,10:03:42,29/01/2025,-1.35,1,0,0.001,0.003,0.004,-0.099,-0.151,1,75,0.001,2,0.058905,0,0.02923,0,0,-0.000068,standard,0,rectangular,7000,500,1,2,55537,55537,55537,0,-9999,0,0,0,0,2.447146,2.489513,1.073454,0.762066,0.265787,-0.009268,0.594315,0.162697,126.774071,0.001131,2.363673,0.000005,1,2.399535,0.000012,1,0.601056,0.600294,0.107352,0,PSF-01163_20250129101239_ff1,PFA-00994,PSA-00994,PSF-01163,RHS-01998,3.0.0,2025-01-13T08:33:48.201Z
155,10:13:04,29/01/2025,K_lowfl_medbth,Karina Guo,,,732,High,0.052481,1.903087,0.051072,0.675128,1.804263,1.767009,3.113794,1.309531,17.404964,17.771915,30.670746,0.441786,7.5,PSF-01163_20250129101304_f33,0,0,0,126.024483,579.916504,0.782685,0.5,0.8,20.917984,1,54.57,53.45,25.66,24.65,24.65,101.52,79.8,79.6,0.3,67,3.975,10:03:42,29/01/2025,-1.35,1,0,0,0.004,0.02,-0.005,0.288,1,75,0.001,2,0.058905,0,0.02923,0,0,-0.000068,standard,0,rectangular,7000,500,1,2,55537,55537,55537,0,-9999,0,0,0,0,2.447117,2.489663,1.074052,0.762178,0.265693,-0.00942,0.595817,0.165464,126.024483,0.001142,2.363673,0.000005,1,2.399535,0.000012,1,0.601056,0.600294,0.107352,0,PSF-01163_20250129101304_f33,PFA-00994,PSA-00994,PSF-01163,RHS-01998,3.0.0,2025-01-13T08:33:48.201Z
156,10:13:30,29/01/2025,K_lowfl_medbth,Karina Guo,,,169,Low,0.029955,1.90505,0.029491,0.397584,1.790647,1.768733,3.126269,1.335622,17.421091,17.63693,30.792109,0.441786,7.5,PSF-01163_20250129101330_d9f,0,0,0,162.674896,572.297546,0.715751,0.5,0.8,18.25691,1,54.13,53.47,25.66,24.72,24.72,101.53,79.9,79.5,0.5,64,3.974,10:03:42,29/01/2025,-1.35,1,0,0.001,-9999,-0.265,0.489,-9999,1,75,0.001,2,0.058905,0,0.02923,0,0,-0.000068,standard,0,rectangular,7000,500,1,2,55537,55537,55537,0,-9999,0,0,0,0,2.447145,2.489055,1.074782,0.761911,0.265596,-0.008772,0.597324,0.162815,162.674896,0.00114,2.363673,0.000005,1,2.399535,0.000012,1,0.601056,0.600294,0.107352,0,PSF-01163_20250129101330_d9f,PFA-00994,PSA-00994,PSF-01163,RHS-01998,3.0.0,2025-01-13T08:33:48.201Z
157,10:14:14,29/01/2025,K_lowfl_medbth,Karina Guo,,,169,Low,0.062923,1.906759,0.060913,0.785737,1.813201,1.769955,3.091149,1.277948,17.433945,17.859913,30.447624,0.441786,7.5,PSF-01163_20250129101414_016,0,0,0,148.478867,569.632507,0.739343,0.5,0.8,18.440357,1,54.68,53.38,25.71,24.53,24.53,101.52,80,79.6,0.6,62,3.972,10:13:54,29/01/2025,-1.37,1,0.001,0.001,0.002,-0.039,-0.187,-0.218,1,75,0.001,2,0.058905,0,0.02923,0,0,-0.000068,standard,0,rectangular,7000,500,1,2,55537,55537,55537,0,-9999,0,0,0,0,2.447016,2.48982,1.075418,0.762004,0.265166,-0.011352,0.599949,0.161584,148.478867,0.00115,2.363673,0.000005,1,2.399535,0.000012,1,0.601056,0.600294,0.107352,0,PSF-01163_20250129101414_016,PFA-00994,PSA-00994,PSF-01163,RHS-01998,3.0.0,2025-01-13T08:33:48.201Z
158,10:14:37,29/01/2025,K_lowfl_medbth,Karina Guo,,,169,Low,0.040436,1.898793,0.039593,0.544689,1.799232,1.769086,3.161835,1.362603,17.424782,17.721714,31.142803,0.441786,7.5,PSF-01163_20250129101437_1b3,0,0,0,145.861389,559.923645,0.739498,0.5,0.8,17.109602,1,54.22,53.31,25.72,24.91,24.91,101.53,79.6,79.5,0.1,58,3.946,10:13:54,29/01/2025,-1.37,1,0,0,-9999,-0.254,-0.678,-9999,1,75,0.001,2,0.058905,0,0.02923,0,0,-0.000068,standard,0,rectangular,7000,500,1,2,55537,55537,55537,0,-9999,0,0,0,0,2.446923,2.489181,1.072458,0.76194,0.265027,-0.007244,0.601313,0.15766,145.861389,0.001111,2.363673,0.000005,1,2.399535,0.000012,1,0.601056,0.600294,0.107352,0,PSF-01163_20250129101437_1b3,PFA-00994,PSA-00994,PSF-01163,RHS-01998,3.0.0,2025-01-13T08:33:48.201Z
159,10:15:14,29/01/2025,K_lowfl_medbth,Karina Guo,,,683,Low,0.094774,1.899695,0.090271,1.148011,1.82691,1.76343,3.086769,1.259859,17.369848,17.995121,30.404774,0.441786,7.5,PSF-01163_20250129101514_886,0,0,0,145.998001,565.164673,0.741672,0.5,0.8,13.437404,1,55.04,53.12,25.72,24.5,24.5,101.52,79.7,72.8,8.6,45,3.97,10:13:54,29/01/2025,-1.37,1,0.002,0.001,0.004,-0.181,-0.57,-1.394,1,75,0.001,2,0.058905,0,0.02923,0,0,-0.000068,standard,0,rectangular,7000,500,1,2,55537,55537,55537,0,-9999,0,0,0,0,2.446675,2.490302,1.072792,0.747381,0.264973,-0.011824,0.603496,0.146747,145.998001,0.001137,2.363673,0.000005,1,2.399535,0.000012,1,0.601056,0.600294,0.107352,0,PSF-01163_20250129101514_886,PFA-00994,PSA-00994,PSF-01163,RHS-01998,3.0.0,2025-01-13T08:33:48.201Z
160,10:15:55,29/01/2025,K_lowfl_medbth,Karina Guo,,,683,Low,0.103814,1.898782,0.098432,1.203858,1.825911,1.759302,3.037814,1.211904,17.329266,17.985371,29.922718,0.441786,7.5,PSF-01163_20250129101555_804,0,0,0,148.864746,575.661438,0.741402,0.5,0.8,12.500284,1,55.01,53.01,25.72,24.24,24.24,101.52,79.6,79.5,0.1,42,3.97,10:13:54,29/01/2025,-1.37,1,0.001,0.001,0.005,0.176,0.218,0.411,1,75,0.001,2,0.058905,0,0.02923,0,0,-0.000068,standard,0,rectangular,7000,500,1,2,55537,55537,55537,0,-9999,0,0,0,0,2.446522,2.490273,1.072454,0.761989,0.264999,-0.014784,0.605954,0.144013,148.864746,0.001137,2.363673,0.000005,1,2.399535,0.000012,1,0.601056,0.600294,0.107352,0,PSF-01163_20250129101555_804,PFA-00994,PSA-00994,PSF-01163,RHS-01998,3.0.0,2025-01-13T08:33:48.201Z
161,10:16:23,29/01/2025,K_lowfl_medbth,Karina Guo,,,683,Low,0.057224,1.903764,0.055555,0.733557,1.801159,1.760699,3.109266,1.308107,17.342987,17.741524,30.626451,0.441786,7.5,PSF-01163_20250129101623_12c,0,0,0,139.07576,557.284363,0.75044,0.5,0.8,14.422615,1,54.28,53.06,25.72,24.62,24.62,101.52,79.9,64.2,19.6,48,3.97,10:13:54,29/01/2025,-1.37,1,0,0,-9999,0.62,0.843,-9999,1,75,0.001,2,0.058905,0,0.02923,0,0,-0.000068,standard,0,rectangular,7000,500,1,2,55537,55537,55537,0,-9999,0,0,0,0,2.446596,2.489268,1.074303,0.728844,0.265044,-0.010385,0.607491,0.149141,139.07576,0.001138,2.363673,0.000005,1,2.399535,0.000012,1,0.601056,0.600294,0.107352,0,PSF-01163_20250129101623_12c,PFA-00994,PSA-00994,PSF-01163,RHS-01998,3.0.0,2025-01-13T08:33:48.201Z
162,10:16:54,29/01/2025,K_lowfl_medbth,Karina Guo,,,701,Mid,0.082356,1.903517,0.07894,1.018871,1.817658,1.761459,3.096313,1.278655,17.349998,17.903547,30.498032,0.441786,7.5,PSF-01163_20250129101654_156,0,0,0,168.38121,609.676819,0.723819,0.5,0.8,13.130617,1,54.79,53.1,25.71,24.56,24.56,101.53,79.9,78.6,1.6,45,3.97,10:13:54,29/01/2025,-1.37,1,0,0.001,0.003,-0.199,-0.357,-1.151,1,75,0.001,2,0.058905,0,0.02923,0,0,-0.000068,standard,0,rectangular,7000,500,1,2,55537,55537,55537,0,-9999,0,0,0,0,2.446647,2.489973,1.074211,0.759863,0.265095,-0.011115,0.609293,0.146797,168.38121,0.001143,2.363673,0.000005,1,2.399535,0.000012,1,0.601056,0.600294,0.107352,0,PSF-01163_20250129101654_156,PFA-00994,PSA-00994,PSF-01163,RHS-01998,3.0.0,2025-01-13T08:33:48.201Z
163,10:17:29,29/01/2025,K_lowfl_medbth,Karina Guo,,,701,Mid,0.020172,1.899998,0.019961,0.277756,1.781833,1.76647,3.160261,1.378427,17.398546,17.549866,31.126451,0.441786,7.5,PSF-01163_20250129101729_4a8,0,0,0,167.516464,506.099945,0.669005,0.5,0.8,13.393278,1,53.73,53.26,25.71,24.9,24.9,101.53,79.7,79.5,0.2,50,3.97,10:13:54,29/01/2025,-1.37,1,0.001,0.001,-9999,-0.214,-0.311,-9999,1,75,0.001,2,0.058905,0,0.02923,0,0,-0.000068,standard,0,rectangular,7000,500,1,2,55537,55537,55537,0,-9999,0,0,0,0,2.446864,2.488506,1.072904,0.761877,0.265134,-0.007224,0.611335,0.150882,167.516464,0.001152,2.363673,0.000005,1,2.399535,0.000012,1,0.601056,0.600294,0.107352,0,PSF-01163_20250129101729_4a8,PFA-00994,PSA-00994,PSF-01163,RHS-01998,3.0.0,2025-01-13T08:33:48.201Z
164,10:17:58,29/01/2025,K_lowfl_medbth,Karina Guo,,,701,Mid,0.074235,1.902718,0.071447,0.925417,1.820139,1.769071,3.103179,1.28304,17.425926,17.928961,30.56732,0.441786,7.5,PSF-01163_20250129101758_7c8,0,0,0,160.853149,605.88739,0.734516,0.5,0.8,15.388206,1,54.89,53.35,25.71,24.59,24.59,101.52,79.8,79.6,0.2,52,3.943,10:13:54,29/01/2025,-1.37,1,0,0.001,0.002,0.02,0.018,-0.723,1,75,0.001,2,0.058905,0,0.02923,0,0,-0.000068,standard,0,rectangular,7000,500,1,2,55537,55537,55537,0,-9999,0,0,0,0,2.446977,2.490104,1.073914,0.762191,0.265157,-0.010632,0.613031,0.152906,160.853149,0.001146,2.363673,0.000005,1,2.399535,0.000012,1,0.601056,0.600294,0.107352,0,PSF-01163_20250129101758_7c8,PFA-00994,PSA-00994,PSF-01163,RHS-01998,3.0.0,2025-01-13T08:33:48.201Z
165,10:20:47,29/01/2025,K_lowfl_medbth,Karina Guo,,,692,Low,0.072266,1.903614,0.069623,0.878881,1.815046,1.766567,3.06592,1.250875,17.399071,17.876545,30.196518,0.441786,7.5,PSF-01163_20250129102047_336,0,0,0,146.609909,555.550232,0.7361,0.5,0.8,23.602591,1,54.74,53.28,25.71,24.39,24.39,101.53,79.9,67.5,15.5,80,3.965,10:13:54,29/01/2025,-1.37,1,0,0,0.002,-0.275,-0.671,-1.815,1,75,0.001,2,0.058905,0,0.02923,0,0,-0.000068,standard,0,rectangular,7000,500,1,2,55537,55537,55537,0,-9999,0,0,0,0,2.446881,2.489897,1.074248,0.735941,0.265167,-0.012885,0.623041,0.177072,146.609909,0.001166,2.363673,0.000005,1,2.399535,0.000012,1,0.601056,0.600294,0.107352,0,PSF-01163_20250129102047_336,PFA-00994,PSA-00994,PSF-01163,RHS-01998,3.0.0,2025-01-13T08:33:48.201Z
166,10:21:35,29/01/2025,K_lowfl_medbth,Karina Guo,,,692,Low,0.09215,1.907466,0.087904,1.090707,1.829932,1.769935,3.059408,1.229476,17.432291,18.023211,30.132454,0.441786,7.5,PSF-01163_20250129102135_5fd,0,0,0,149.240967,600.103149,0.751308,0.5,0.8,24.973385,1,55.17,53.36,25.71,24.35,24.35,101.53,80.1,75.5,5.7,83,3.964,10:13:54,29/01/2025,-1.37,1,0,0,0.002,0.133,0.046,-0.779,1,75,0.001,2,0.058905,0,0.02923,0,0,-0.000068,standard,0,rectangular,7000,500,1,2,55537,55537,55537,0,-9999,0,0,0,0,2.446993,2.490489,1.075681,0.75313,0.265112,-0.013341,0.625993,0.179628,149.240967,0.001143,2.363673,0.000005,1,2.399535,0.000012,1,0.601056,0.600294,0.107352,0,PSF-01163_20250129102135_5fd,PFA-00994,PSA-00994,PSF-01163,RHS-01998,3.0.0,2025-01-13T08:33:48.201Z
167,10:22:07,29/01/2025,K_lowfl_medbth,Karina Guo,,,692,Low,0.107954,1.900502,0.102151,1.222927,1.840999,1.773417,3.027377,1.186378,17.466494,18.132111,29.816824,0.441786,7.5,PSF-01163_20250129102207_1bf,0,0,0,143.827194,551.578735,0.739244,0.5,0.8,29.79306,1,55.48,53.45,25.72,24.18,24.18,101.53,79.7,79.4,0.4,101,3.962,10:13:54,29/01/2025,-1.37,1,0,0.001,0.003,-0.097,-0.461,-1.165,1,75,0.001,2,0.058905,0,0.02923,0,0,-0.000068,standard,0,rectangular,7000,500,1,2,55537,55537,55537,0,-9999,0,0,0,0,2.447103,2.490915,1.073092,0.761667,0.265042,-0.01538,0.627846,0.194984,143.827194,0.001135,2.363673,0.000005,1,2.399535,0.000012,1,0.601056,0.600294,0.107352,0,PSF-01163_20250129102207_1bf,PFA-00994,PSA-00994,PSF-01163,RHS-01998,3.0.0,2025-01-13T08:33:48.201Z
168,10:22:29,29/01/2025,K_lowfl_medbth,Karina Guo,,,53,High,0.010105,1.903194,0.010052,0.137031,1.775316,1.767753,3.125934,1.350618,17.412552,17.487049,30.790777,0.441786,7.5,PSF-01163_20250129102229_723,0,0,0,165.559525,568.653687,0.708857,0.5,0.8,26.120388,1,53.49,53.26,25.72,24.71,24.71,101.52,79.8,79.6,0.3,92,3.962,10:13:54,29/01/2025,-1.37,1,0,-0.001,0,-0.045,-0.585,-2.54,1,75,0.001,2,0.058905,0,0.02923,0,0,-0.000068,standard,0,rectangular,7000,500,1,2,55537,55537,55537,0,-9999,0,0,0,0,2.446861,2.48818,1.074091,0.762177,0.265003,-0.009423,0.629146,0.187475,165.559525,0.001127,2.363673,0.000005,1,2.399535,0.000012,1,0.601056,0.600294,0.107352,0,PSF-01163_20250129102229_723,PFA-00994,PSA-00994,PSF-01163,RHS-01998,3.0.0,2025-01-13T08:33:48.201Z
169,10:23:06,29/01/2025,K_lowfl_medbth,Karina Guo,,,53,High,0.012502,1.902026,0.012421,0.175734,1.772608,1.762901,3.174001,1.401393,17.364887,17.460503,31.264477,0.441786,7.5,PSF-01163_20250129102306_5de,0,0,0,200.074554,597.528564,0.665163,0.5,0.8,27.594034,1,53.39,53.1,25.73,24.97,24.97,101.52,79.8,79.6,0.3,104,3.961,10:13:54,29/01/2025,-1.37,1,0.001,0,0.002,0.097,0.142,-0.434,1,75,0.001,2,0.058905,0,0.02923,0,0,-0.000068,standard,0,rectangular,7000,500,1,2,55537,55537,55537,0,-9999,0,0,0,0,2.446645,2.488044,1.073658,0.761998,0.264949,-0.006602,0.631225,0.197555,200.074554,0.001147,2.363673,0.000005,1,2.399535,0.000012,1,0.601056,0.600294,0.107352,0,PSF-01163_20250129102306_5de,PFA-00994,PSA-00994,PSF-01163,RHS-01998,3.0.0,2025-01-13T08:33:48.201Z
170,10:23:34,29/01/2025,K_lowfl_medbth,Karina Guo,,,53,High,0.010273,1.905772,0.010218,0.139573,1.772005,1.764315,3.125265,1.35326,17.378902,17.454651,30.784571,0.441786,7.5,PSF-01163_20250129102334_621,0,0,0,175.110336,580.863098,0.698534,0.5,0.8,29.143856,1,53.37,53.14,25.73,24.71,24.71,101.52,80,79.7,0.4,104,3.96,10:13:54,29/01/2025,-1.37,1,0,0,0.003,0.106,0.051,0.093,1,75,0.001,2,0.058905,0,0.02923,0,0,-0.000068,standard,0,rectangular,7000,500,1,2,55537,55537,55537,0,-9999,0,0,0,0,2.446697,2.488015,1.07505,0.762313,0.264941,-0.00953,0.632855,0.19807,175.110336,0.001158,2.363673,0.000005,1,2.399535,0.000012,1,0.601056,0.600294,0.107352,0,PSF-01163_20250129102334_621,PFA-00994,PSA-00994,PSF-01163,RHS-01998,3.0.0,2025-01-13T08:33:48.201Z
171,10:23:58,29/01/2025,K_lowfl_medbth,Karina Guo,,,266,High,0.010095,1.905495,0.010042,0.139114,1.774042,1.766376,3.146287,1.372245,17.399637,17.475149,30.992405,0.441786,7.5,PSF-01163_20250129102358_a93,0,0,0,171.908142,574.887146,0.700971,0.5,0.8,27.525253,1,53.43,53.2,25.73,24.82,24.82,101.52,80,79.6,0.4,98,3.96,10:13:54,29/01/2025,-1.37,1,0,0,-9999,-0.234,0.225,-9999,1,75,0.001,2,0.058905,0,0.02923,0,0,-0.000068,standard,0,rectangular,7000,500,1,2,55537,55537,55537,0,-9999,0,0,0,0,2.446771,2.488091,1.074947,0.762164,0.26492,-0.008289,0.634176,0.192734,171.908142,0.001153,2.363673,0.000005,1,2.399535,0.000012,1,0.601056,0.600294,0.107352,0,PSF-01163_20250129102358_a93,PFA-00994,PSA-00994,PSF-01163,RHS-01998,3.0.0,2025-01-13T08:33:48.201Z
172,10:24:46,29/01/2025,K_lowfl_medbth,Karina Guo,,,266,High,0.012613,1.901776,0.01253,0.179262,1.76809,1.758187,3.184963,1.416873,17.319817,17.417374,31.374924,0.441786,7.5,PSF-01163_20250129102446_315,0,0,0,172.638062,580.374573,0.70254,0.5,0.8,25.38718,1,53.16,52.86,25.76,25.03,25.03,101.51,79.8,79.6,0.2,90,3.959,10:24:24,29/01/2025,-1.34,1,0,0,0.001,-0.023,-0.01,0.655,1,75,0.001,2,0.058905,0,0.02923,0,0,-0.000068,standard,0,rectangular,7000,500,1,2,55537,55537,55537,0,-9999,0,0,0,0,2.446321,2.48768,1.073565,0.76212,0.264621,-0.0063,0.636958,0.185926,172.638062,0.001132,2.363673,0.000005,1,2.399535,0.000012,1,0.601056,0.600294,0.107352,0,PSF-01163_20250129102446_315,PFA-00994,PSA-00994,PSF-01163,RHS-01998,3.0.0,2025-01-13T08:33:48.201Z
173,10:25:14,29/01/2025,K_lowfl_medbth,Karina Guo,,,266,High,0.020014,1.901835,0.019805,0.26968,1.775732,1.760837,3.12451,1.348778,17.347548,17.494293,30.782286,0.441786,7.5,PSF-01163_20250129102514_89c,0,0,0,150.106781,574.803101,0.738855,0.5,0.8,26.090281,1,53.38,52.94,25.76,24.71,24.71,101.5,79.8,79.3,0.6,88,3.959,10:24:24,29/01/2025,-1.34,1,0,0,0.002,-0.145,-0.325,-1.178,1,75,0.001,2,0.058905,0,0.02923,0,0,-0.000068,standard,0,rectangular,7000,500,1,2,55537,55537,55537,0,-9999,0,0,0,0,2.44642,2.48799,1.073586,0.76151,0.264605,-0.009934,0.63853,0.184133,150.106781,0.001154,2.363673,0.000005,1,2.399535,0.000012,1,0.601056,0.600294,0.107352,0,PSF-01163_20250129102514_89c,PFA-00994,PSA-00994,PSF-01163,RHS-01998,3.0.0,2025-01-13T08:33:48.201Z
174,10:25:36,29/01/2025,K_lowfl_medbth,Karina Guo,,,574,High,0.021722,1.907247,0.021478,0.292765,1.779488,1.763377,3.129668,1.35018,17.372105,17.530821,30.832266,0.441786,7.5,PSF-01163_20250129102536_62f,0,0,0,173.629761,475.452301,0.634811,0.5,0.8,19.696335,1,53.5,53.02,25.76,24.73,24.73,101.51,80.1,79.7,0.4,78,3.955,10:24:24,29/01/2025,-1.34,1,0.001,0,0.003,-0.228,-0.538,-1.332,1,75,0.001,2,0.058905,0,0.02923,0,0,-0.000068,standard,0,rectangular,7000,500,1,2,55537,55537,55537,0,-9999,0,0,0,0,2.446529,2.488153,1.075599,0.762417,0.264623,-0.009604,0.639786,0.174817,173.629761,0.001143,2.363673,0.000005,1,2.399535,0.000012,1,0.601056,0.600294,0.107352,0,PSF-01163_20250129102536_62f,PFA-00994,PSA-00994,PSF-01163,RHS-01998,3.0.0,2025-01-13T08:33:48.201Z
175,10:25:57,29/01/2025,K_lowfl_medbth,Karina Guo,,,574,High,0.022286,1.900143,0.022027,0.304992,1.779564,1.762699,3.150928,1.371364,17.365122,17.531267,31.041174,0.441786,7.5,PSF-01163_20250129102557_ce6,0,0,0,193.192001,569.419006,0.660721,0.5,0.8,18.965794,1,53.51,53,25.76,24.85,24.85,101.51,79.7,79.5,0.2,72,3.958,10:24:24,29/01/2025,-1.34,1,0.001,0.001,0.004,0.035,0.133,0.949,1,75,0.001,2,0.058905,0,0.02923,0,0,-0.000068,standard,0,rectangular,7000,500,1,2,55537,55537,55537,0,-9999,0,0,0,0,2.446505,2.488159,1.072958,0.761917,0.26463,-0.008321,0.640847,0.169767,193.192001,0.001153,2.363673,0.000005,1,2.399535,0.000012,1,0.601056,0.600294,0.107352,0,PSF-01163_20250129102557_ce6,PFA-00994,PSA-00994,PSF-01163,RHS-01998,3.0.0,2025-01-13T08:33:48.201Z
176,10:26:17,29/01/2025,K_lowfl_medbth,Karina Guo,,,574,High,0.026899,1.903473,0.026524,0.366021,1.779166,1.758972,3.145964,1.366798,17.328062,17.527,30.991671,0.441786,7.5,PSF-01163_20250129102617_44b,0,0,0,193.652267,571.783997,0.661319,0.5,0.8,18.777178,1,53.5,52.9,25.75,24.82,24.82,101.51,79.9,79.1,1,71,3.958,10:24:24,29/01/2025,-1.34,1,-0.001,0,-9999,-0.07,-0.016,-9999,1,75,0.001,2,0.058905,0,0.02923,0,0,-0.000068,standard,0,rectangular,7000,500,1,2,55537,55537,55537,0,-9999,0,0,0,0,2.446368,2.488155,1.074195,0.760992,0.26466,-0.008587,0.641988,0.16909,193.652267,0.001144,2.363673,0.000005,1,2.399535,0.000012,1,0.601056,0.600294,0.107352,0,PSF-01163_20250129102617_44b,PFA-00994,PSA-00994,PSF-01163,RHS-01998,3.0.0,2025-01-13T08:33:48.201Z
177,10:26:56,29/01/2025,K_lowfl_medbth,Karina Guo,,,308,Low,0.11842,1.902456,0.111481,1.35489,1.839404,1.764641,3.043505,1.204101,17.383011,18.119486,29.980764,0.441786,7.5,PSF-01163_20250129102656_9fe,0,0,0,120.627884,560.10498,0.784633,0.5,0.8,17.958775,1,55.33,53.08,25.75,24.27,24.27,101.52,79.8,78.9,1.1,57,3.956,10:24:24,29/01/2025,-1.34,1,0.002,0.001,0.002,-0.073,-0.197,-0.303,1,75,0.001,2,0.058905,0,0.02923,0,0,-0.000068,standard,0,rectangular,7000,500,1,2,55537,55537,55537,0,-9999,0,0,0,0,2.446617,2.490669,1.073817,0.760592,0.264715,-0.014738,0.644168,0.15712,120.627884,0.001135,2.363673,0.000005,1,2.399535,0.000012,1,0.601056,0.600294,0.107352,0,PSF-01163_20250129102656_9fe,PFA-00994,PSA-00994,PSF-01163,RHS-01998,3.0.0,2025-01-13T08:33:48.201Z
178,10:28:43,29/01/2025,K_lowfl_medbth,Karina Guo,,,308,Low,0.110784,1.903674,0.104691,1.277141,1.846403,1.775985,3.055029,1.208626,17.493,18.186592,30.091249,0.441786,7.5,PSF-01163_20250129102843_b21,0,0,0,113.746407,533.458496,0.786776,0.5,0.8,18.655077,1,55.45,53.34,25.78,24.33,24.33,101.53,79.9,72.2,9.6,59,3.955,10:24:24,29/01/2025,-1.34,1,0.001,0,0.002,-0.163,-0.23,-0.744,1,75,0.001,2,0.058905,0,0.02923,0,0,-0.000068,standard,0,rectangular,7000,500,1,2,55537,55537,55537,0,-9999,0,0,0,0,2.44695,2.49083,1.07427,0.746031,0.264429,-0.014339,0.650363,0.158908,113.746407,0.001162,2.363673,0.000005,1,2.399535,0.000012,1,0.601056,0.600294,0.107352,0,PSF-01163_20250129102843_b21,PFA-00994,PSA-00994,PSF-01163,RHS-01998,3.0.0,2025-01-13T08:33:48.201Z
179,10:29:14,29/01/2025,K_lowfl_medbth,Karina Guo,,,308,Low,0.113449,1.901095,0.10706,1.294492,1.842273,1.770777,3.040238,1.197965,17.44294,18.147215,29.947701,0.441786,7.5,PSF-01163_20250129102914_2d8,0,0,0,118.011833,549.342896,0.785176,0.5,0.8,16.746559,1,55.32,53.17,25.78,24.25,24.25,101.52,79.7,78,2.2,53,3.954,10:24:24,29/01/2025,-1.34,1,0,0.001,0.003,0.045,0.065,0.097,1,75,0.001,2,0.058905,0,0.02923,0,0,-0.000068,standard,0,rectangular,7000,500,1,2,55537,55537,55537,0,-9999,0,0,0,0,2.446725,2.490642,1.073312,0.758558,0.264387,-0.01529,0.652112,0.153728,118.011833,0.001155,2.363673,0.000005,1,2.399535,0.000012,1,0.601056,0.600294,0.107352,0,PSF-01163_20250129102914_2d8,PFA-00994,PSA-00994,PSF-01163,RHS-01998,3.0.0,2025-01-13T08:33:48.201Z
180,10:30:19,29/01/2025,K_lowfl_medbth,Karina Guo,,,397,Mid,0.083961,1.897817,0.080404,1.007467,1.828391,1.772615,3.069737,1.241347,17.461046,18.010464,30.238281,0.441786,7.5,PSF-01163_20250129103019_ab7,0,0,0,129.780289,573.507446,0.773708,0.5,0.8,15.095667,1,54.91,53.24,25.78,24.41,24.41,101.52,79.6,74.8,6,49,3.952,10:24:24,29/01/2025,-1.34,1,0.001,0.001,-9999,-0.143,-0.365,-9999,1,75,0.001,2,0.058905,0,0.02923,0,0,-0.000068,standard,0,rectangular,7000,500,1,2,55537,55537,55537,0,-9999,0,0,0,0,2.446815,2.490087,1.072096,0.751525,0.264426,-0.013443,0.655655,0.149776,129.780289,0.001138,2.363673,0.000005,1,2.399535,0.000012,1,0.601056,0.600294,0.107352,0,PSF-01163_20250129103019_ab7,PFA-00994,PSA-00994,PSF-01163,RHS-01998,3.0.0,2025-01-13T08:33:48.201Z
181,10:30:59,29/01/2025,K_lowfl_medbth,Karina Guo,,,397,Mid,0.043246,1.900295,0.042284,0.546442,1.793422,1.763208,3.073994,1.280572,17.367321,17.664923,30.278351,0.441786,7.5,PSF-01163_20250129103059_030,0,0,0,134.518143,574.079285,0.76568,0.5,0.8,16.550495,1,53.87,52.97,25.77,24.43,24.43,101.52,79.7,79.6,0.2,54,3.952,10:24:24,29/01/2025,-1.34,1,0.001,0,0.003,-0.024,-0.19,-0.508,1,75,0.001,2,0.058905,0,0.02923,0,0,-0.000068,standard,0,rectangular,7000,500,1,2,55537,55537,55537,0,-9999,0,0,0,0,2.446458,2.488663,1.073015,0.76201,0.264469,-0.013138,0.657787,0.154352,134.518143,0.001154,2.363673,0.000005,1,2.399535,0.000012,1,0.601056,0.600294,0.107352,0,PSF-01163_20250129103059_030,PFA-00994,PSA-00994,PSF-01163,RHS-01998,3.0.0,2025-01-13T08:33:48.201Z
182,10:32:10,29/01/2025,K_lowfl_medbth,Karina Guo,,,397,Mid,0.094825,1.903938,0.090326,1.123713,1.813571,1.751607,3.046332,1.232761,17.253597,17.863955,30.006842,0.441786,7.5,PSF-01163_20250129103210_d28,0,0,0,147.739655,621.348755,0.762227,0.5,0.8,12.817052,1,54.53,52.67,25.76,24.28,24.28,101.52,79.9,79.5,0.5,42,3.95,10:24:24,29/01/2025,-1.34,1,0.001,0.001,0.006,0.25,0.752,1.062,1,75,0.001,2,0.058905,0,0.02923,0,0,-0.000068,standard,0,rectangular,7000,500,1,2,55537,55537,55537,0,-9999,0,0,0,0,2.446063,2.489565,1.074368,0.761886,0.26463,-0.014656,0.661635,0.143915,147.739655,0.001148,2.363673,0.000005,1,2.399535,0.000012,1,0.601056,0.600294,0.107352,0,PSF-01163_20250129103210_d28,PFA-00994,PSA-00994,PSF-01163,RHS-01998,3.0.0,2025-01-13T08:33:48.201Z
183,10:32:45,29/01/2025,K_lowfl_medbth,Karina Guo,,,326,Mid,0.05249,1.903453,0.051081,0.665855,1.793007,1.756269,3.08464,1.291632,17.298622,17.660484,30.382605,0.441786,7.5,PSF-01163_20250129103245_1ef,0,0,0,121.068481,463.905212,0.739023,0.5,0.8,12.584152,1,53.94,52.84,25.75,24.49,24.49,101.53,79.9,72,9.9,43,3.949,10:24:24,29/01/2025,-1.34,1,0,0,-9999,-0.122,-0.198,-9999,1,75,0.001,2,0.058905,0,0.02923,0,0,-0.000068,standard,0,rectangular,7000,500,1,2,55537,55537,55537,0,-9999,0,0,0,0,2.446289,2.488758,1.074188,0.745503,0.264729,-0.012214,0.66345,0.144378,121.068481,0.001128,2.363673,0.000005,1,2.399535,0.000012,1,0.601056,0.600294,0.107352,0,PSF-01163_20250129103245_1ef,PFA-00994,PSA-00994,PSF-01163,RHS-01998,3.0.0,2025-01-13T08:33:48.201Z
184,10:33:34,29/01/2025,K_lowfl_medbth,Karina Guo,,,326,Mid,0.020778,1.906495,0.020554,0.294735,1.776724,1.760493,3.196949,1.420225,17.339975,17.499846,31.488348,0.441786,7.5,PSF-01163_20250129103334_4b7,0,0,0,122.034431,498.623718,0.755257,0.5,0.8,11.593798,1,53.49,53,25.73,25.09,25.09,101.53,80,79.4,0.8,38,3.949,10:24:24,29/01/2025,-1.34,1,0,0,0.002,-0.178,-0.42,-1.07,1,75,0.001,2,0.058905,0,0.02923,0,0,-0.000068,standard,0,rectangular,7000,500,1,2,55537,55537,55537,0,-9999,0,0,0,0,2.446511,2.48814,1.075319,0.761615,0.264858,-0.005335,0.666159,0.140731,122.034431,0.001137,2.363673,0.000005,1,2.399535,0.000012,1,0.601056,0.600294,0.107352,0,PSF-01163_20250129103334_4b7,PFA-00994,PSA-00994,PSF-01163,RHS-01998,3.0.0,2025-01-13T08:33:48.201Z
185,10:34:21,29/01/2025,K_lowfl_medbth,Karina Guo,,,326,Mid,0.035993,1.905804,0.035326,0.500164,1.78535,1.757792,3.18775,1.4024,17.311926,17.58333,31.395115,0.441786,7.5,PSF-01163_20250129103421_162,0,0,0,118.250015,477.342377,0.752274,0.5,0.8,10.255281,1,53.79,52.96,25.72,25.04,25.04,101.54,80,79.7,0.3,34,3.948,10:24:24,29/01/2025,-1.34,1,0,0,-9999,-0.165,-0.118,-9999,1,75,0.001,2,0.058905,0,0.02923,0,0,-0.000068,standard,0,rectangular,7000,500,1,2,55537,55537,55537,0,-9999,0,0,0,0,2.446463,2.48856,1.075062,0.762342,0.265003,-0.005726,0.66863,0.136994,118.250015,0.001138,2.363673,0.000005,1,2.399535,0.000012,1,0.601056,0.600294,0.107352,0,PSF-01163_20250129103421_162,PFA-00994,PSA-00994,PSF-01163,RHS-01998,3.0.0,2025-01-13T08:33:48.201Z
186,10:35:42,29/01/2025,K_lowfl_medbth,Karina Guo,,,288,Low,0.019032,1.902472,0.018843,0.255459,1.780545,1.766438,3.123812,1.343267,17.397593,17.536531,30.766323,0.441786,7.5,PSF-01163_20250129103542_f50,0,0,0,132.863403,580.603455,0.771163,0.5,0.8,9.100977,1,53.66,53.23,25.72,24.7,24.7,101.53,79.8,79.7,0.2,30,3.946,10:34:41,29/01/2025,-1.34,1,-0.001,0,-9999,0.08,0.607,-9999,1,75,0.001,2,0.058905,0,0.02923,0,0,-0.000068,standard,0,rectangular,7000,500,1,2,55537,55537,55537,0,-9999,0,0,0,0,2.446818,2.488369,1.073823,0.762269,0.265027,-0.009525,0.673326,0.133013,132.863403,0.001112,2.363673,0.000005,1,2.399535,0.000012,1,0.601056,0.600294,0.107352,0,PSF-01163_20250129103542_f50,PFA-00994,PSA-00994,PSF-01163,RHS-01998,3.0.0,2025-01-13T08:33:48.201Z
187,10:36:06,29/01/2025,K_lowfl_medbth,Karina Guo,,,288,Low,0.027537,1.901125,0.027144,0.365715,1.780658,1.760444,3.115686,1.335028,17.337952,17.537041,30.685228,0.441786,7.5,PSF-01163_20250129103606_094,0,0,0,132.045151,576.055908,0.770777,0.5,0.8,8.179476,1,53.7,53.09,25.71,24.66,24.66,101.54,79.7,70.4,11.7,27,3.946,10:34:41,29/01/2025,-1.34,1,0,0,0.003,0.175,0.383,0.674,1,75,0.001,2,0.058905,0,0.02923,0,0,-0.000068,standard,0,rectangular,7000,500,1,2,55537,55537,55537,0,-9999,0,0,0,0,2.44663,2.488428,1.073323,0.742196,0.265152,-0.009882,0.674505,0.130427,132.045151,0.00114,2.363673,0.000005,1,2.399535,0.000012,1,0.601056,0.600294,0.107352,0,PSF-01163_20250129103606_094,PFA-00994,PSA-00994,PSF-01163,RHS-01998,3.0.0,2025-01-13T08:33:48.201Z
188,10:36:23,29/01/2025,K_lowfl_medbth,Karina Guo,,,288,Low,0.014922,1.902833,0.014806,0.193133,1.770308,1.759643,3.063257,1.292949,17.330328,17.435354,30.169315,0.441786,7.5,PSF-01163_20250129103623_082,0,0,0,137.096649,604.253784,0.773114,0.5,0.8,8.321387,1,53.42,53.1,25.7,24.38,24.38,101.54,79.8,79.6,0.3,27,3.945,10:34:41,29/01/2025,-1.34,1,0,0,-9999,0.227,0.661,-9999,1,75,0.001,2,0.058905,0,0.02923,0,0,-0.000068,standard,0,rectangular,7000,500,1,2,55537,55537,55537,0,-9999,0,0,0,0,2.446643,2.488045,1.073957,0.762106,0.265261,-0.012948,0.675375,0.130756,137.096649,0.001152,2.363673,0.000005,1,2.399535,0.000012,1,0.601056,0.600294,0.107352,0,PSF-01163_20250129103623_082,PFA-00994,PSA-00994,PSF-01163,RHS-01998,3.0.0,2025-01-13T08:33:48.201Z
189,10:37:19,29/01/2025,K_lowfl_medbth,Karina Guo,,,595,Mid,0.024015,1.900845,0.023715,0.330642,1.775491,1.757209,3.156829,1.381338,17.305416,17.485456,31.089201,0.441786,7.5,PSF-01163_20250129103719_b6f,0,0,0,179.020645,588.487366,0.695795,0.5,0.8,6.232621,1,53.7,53.14,25.66,24.88,24.88,101.54,79.7,79.5,0.2,22,3.945,10:34:41,29/01/2025,-1.34,1,-0.001,0,0,-0.246,-0.669,-2.084,1,75,0.001,2,0.058905,0,0.02923,0,0,-0.000068,standard,0,rectangular,7000,500,1,2,55537,55537,55537,0,-9999,0,0,0,0,2.446715,2.488437,1.073219,0.761942,0.265671,-0.006858,0.678165,0.126829,179.020645,0.001132,2.363673,0.000005,1,2.399535,0.000012,1,0.601056,0.600294,0.107352,0,PSF-01163_20250129103719_b6f,PFA-00994,PSA-00994,PSF-01163,RHS-01998,3.0.0,2025-01-13T08:33:48.201Z
190,10:37:56,29/01/2025,K_lowfl_medbth,Karina Guo,,,595,Mid,0.042652,1.898379,0.041715,0.539539,1.78754,1.757662,3.069456,1.281916,17.30983,17.604073,30.228659,0.441786,7.5,PSF-01163_20250129103756_fd5,0,0,0,117.561218,456.921112,0.74271,0.5,0.8,7.066604,1,54.14,53.24,25.63,24.41,24.41,101.54,79.6,71.1,10.7,24,3.923,10:34:41,29/01/2025,-1.34,1,0,0,0.003,-1.49,0.232,-8.8,1,75,0.001,2,0.058905,0,0.02923,0,0,-0.000068,standard,0,rectangular,7000,500,1,2,55537,55537,55537,0,-9999,0,0,0,0,2.446845,2.489055,1.072304,0.743586,0.26594,-0.011847,0.679951,0.12804,117.561218,0.001122,2.363673,0.000005,1,2.399535,0.000012,1,0.601056,0.600294,0.107352,0,PSF-01163_20250129103756_fd5,PFA-00994,PSA-00994,PSF-01163,RHS-01998,3.0.0,2025-01-13T08:33:48.201Z
191,10:38:15,29/01/2025,K_lowfl_medbth,Karina Guo,,,595,Mid,0.052971,1.902465,0.051536,0.622161,1.793402,1.759048,2.990311,1.19691,17.324331,17.662674,29.450676,0.441786,7.5,PSF-01163_20250129103815_a80,0,0,0,147.466064,626.198547,0.764506,0.5,0.8,7.902814,1,54.37,53.32,25.62,23.97,23.97,101.54,79.8,65.4,18.1,26,3.942,10:34:41,29/01/2025,-1.34,1,0.001,0.001,0.005,0.209,0.326,1.247,1,75,0.001,2,0.058905,0,0.02923,0,0,-0.000068,standard,0,rectangular,7000,500,1,2,55537,55537,55537,0,-9999,0,0,0,0,2.446961,2.489362,1.073821,0.731377,0.266086,-0.016561,0.680807,0.129829,147.466064,0.00113,2.363673,0.000005,1,2.399535,0.000012,1,0.601056,0.600294,0.107352,0,PSF-01163_20250129103815_a80,PFA-00994,PSA-00994,PSF-01163,RHS-01998,3.0.0,2025-01-13T08:33:48.201Z
192,10:38:43,29/01/2025,K_lowfl_medbth,Karina Guo,,,299,High,0.032408,1.902272,0.031866,0.396207,1.781202,1.759319,3.013886,1.232683,17.326704,17.542223,29.682343,0.441786,7.5,PSF-01163_20250129103843_637,0,0,0,127.611282,575.045227,0.778085,0.5,0.8,8.94655,1,54.05,53.39,25.6,24.1,24.1,101.54,79.8,78.1,2.2,29,3.941,10:34:41,29/01/2025,-1.34,1,0,0,0.003,0.26,0.24,0.915,1,75,0.001,2,0.058905,0,0.02923,0,0,-0.000068,standard,0,rectangular,7000,500,1,2,55537,55537,55537,0,-9999,0,0,0,0,2.447052,2.488938,1.073749,0.758757,0.26628,-0.014896,0.682153,0.132353,127.611282,0.00114,2.363673,0.000005,1,2.399535,0.000012,1,0.601056,0.600294,0.107352,0,PSF-01163_20250129103843_637,PFA-00994,PSA-00994,PSF-01163,RHS-01998,3.0.0,2025-01-13T08:33:48.201Z
193,10:40:14,29/01/2025,K_lowfl_medbth,Karina Guo,,,299,High,0.042818,1.905709,0.041877,0.543074,1.798604,1.768681,3.083847,1.285243,17.417061,17.711729,30.368143,0.441786,7.5,PSF-01163_20250129104014_aea,0,0,0,131.329529,566.12561,0.768021,0.5,0.8,11.371227,1,54.75,53.84,25.55,24.49,24.49,101.55,80,79.7,0.4,37,3.939,10:34:41,29/01/2025,-1.34,1,0,0,0.003,0.086,-0.03,0.133,1,75,0.001,2,0.058905,0,0.02923,0,0,-0.000068,standard,0,rectangular,7000,500,1,2,55537,55537,55537,0,-9999,0,0,0,0,2.447662,2.48991,1.075027,0.762232,0.266844,-0.010014,0.686738,0.139546,131.329529,0.001131,2.363673,0.000005,1,2.399535,0.000012,1,0.601056,0.600294,0.107352,0,PSF-01163_20250129104014_aea,PFA-00994,PSA-00994,PSF-01163,RHS-01998,3.0.0,2025-01-13T08:33:48.201Z
194,10:41:33,29/01/2025,K_lowfl_medbth,Karina Guo,,,299,High,0.057314,1.901475,0.055637,0.718746,1.811615,1.771906,3.091733,1.280118,17.44968,17.84074,30.4473,0.441786,7.5,PSF-01163_20250129104133_4c6,0,0,0,134.763123,577.375549,0.766594,0.5,0.8,16.463192,1,55.29,54.08,25.5,24.53,24.53,101.54,79.7,78.2,1.9,54,3.939,10:34:41,29/01/2025,-1.34,1,0,0,-9999,-0.537,-0.769,-9999,1,75,0.001,2,0.058905,0,0.02923,0,0,-0.000068,standard,0,rectangular,7000,500,1,2,55537,55537,55537,0,-9999,0,0,0,0,2.447984,2.490656,1.073453,0.75904,0.267304,-0.009048,0.690837,0.154049,134.763123,0.00114,2.363673,0.000005,1,2.399535,0.000012,1,0.601056,0.600294,0.107352,0,PSF-01163_20250129104133_4c6,PFA-00994,PSA-00994,PSF-01163,RHS-01998,3.0.0,2025-01-13T08:33:48.201Z
195,10:42:23,29/01/2025,K_lowfl_medbth,Karina Guo,,,368,Mid,0.020244,1.900893,0.02003,0.268763,1.775495,1.760635,3.105217,1.329722,17.3389,17.485241,30.580463,0.441786,7.5,PSF-01163_20250129104223_202,0,0,0,131.701828,514.774231,0.744156,0.5,0.8,18.312931,1,54.29,53.83,25.47,24.6,24.6,101.54,79.7,79.8,0,62,3.938,10:34:41,29/01/2025,-1.34,1,-0.001,0,0.001,-0.195,-0.581,-1.88,1,75,0.001,2,0.058905,0,0.02923,0,0,-0.000068,standard,0,rectangular,7000,500,1,2,55537,55537,55537,0,-9999,0,0,0,0,2.447665,2.489284,1.073237,0.762443,0.267632,-0.007885,0.693318,0.160861,131.701828,0.001147,2.363673,0.000005,1,2.399535,0.000012,1,0.601056,0.600294,0.107352,0,PSF-01163_20250129104223_202,PFA-00994,PSA-00994,PSF-01163,RHS-01998,3.0.0,2025-01-13T08:33:48.201Z
196,10:43:01,29/01/2025,K_lowfl_medbth,Karina Guo,,,368,Mid,0.072471,1.90461,0.069815,0.846046,1.811317,1.764673,3.012646,1.201329,17.378366,17.837709,29.668304,0.441786,7.5,PSF-01163_20250129104301_b94,0,0,0,135.490891,543.743835,0.750818,0.5,0.8,21.473358,1,55.48,54.05,25.44,24.1,24.1,101.54,79.9,79.7,0.3,71,3.938,10:34:41,29/01/2025,-1.34,1,0.001,0,0.002,0.008,0.194,0.226,1,75,0.001,2,0.058905,0,0.02923,0,0,-0.000068,standard,0,rectangular,7000,500,1,2,55537,55537,55537,0,-9999,0,0,0,0,2.447957,2.490923,1.074618,0.76228,0.26794,-0.01322,0.695354,0.169539,135.490891,0.001131,2.363673,0.000005,1,2.399535,0.000012,1,0.601056,0.600294,0.107352,0,PSF-01163_20250129104301_b94,PFA-00994,PSA-00994,PSF-01163,RHS-01998,3.0.0,2025-01-13T08:33:48.201Z
197,10:43:23,29/01/2025,K_lowfl_medbth,Karina Guo,,,368,Mid,0.010632,1.904298,0.010573,0.136622,1.772365,1.764829,3.053272,1.280906,17.380241,17.454462,30.068977,0.441786,7.5,PSF-01163_20250129104323_471,0,0,0,137.501831,495.7677,0.722649,0.5,0.8,21.488525,1,54.34,54.11,25.43,24.32,24.32,101.54,79.9,79.6,0.4,74,3.937,10:34:41,29/01/2025,-1.34,1,0,0,-0.003,0.385,0.125,1.729,1,75,0.001,2,0.058905,0,0.02923,0,0,-0.000068,standard,0,rectangular,7000,500,1,2,55537,55537,55537,0,-9999,0,0,0,0,2.448035,2.48936,1.074502,0.762151,0.268113,-0.01054,0.696489,0.172009,137.501831,0.00115,2.363673,0.000005,1,2.399535,0.000012,1,0.601056,0.600294,0.107352,0,PSF-01163_20250129104323_471,PFA-00994,PSA-00994,PSF-01163,RHS-01998,3.0.0,2025-01-13T08:33:48.201Z
198,10:43:51,29/01/2025,K_lowfl_medbth,Karina Guo,,,667,Mid,0.087581,1.904166,0.08373,0.949002,1.8189,1.76657,2.942787,1.123887,17.397606,17.912964,28.981272,0.441786,7.5,PSF-01163_20250129104351_008,0,0,0,144.823547,552.883362,0.738058,0.5,0.8,19.608133,1,55.83,54.22,25.41,23.71,23.71,101.54,79.9,74.1,7.2,66,3.936,10:34:41,29/01/2025,-1.34,1,0,0.001,0.003,-0.354,-0.437,-1.569,1,75,0.001,2,0.058905,0,0.02923,0,0,-0.000068,standard,0,rectangular,7000,500,1,2,55537,55537,55537,0,-9999,0,0,0,0,2.448192,2.491409,1.074453,0.750137,0.26832,-0.017171,0.697979,0.165119,144.823547,0.00114,2.363673,0.000005,1,2.399535,0.000012,1,0.601056,0.600294,0.107352,0,PSF-01163_20250129104351_008,PFA-00994,PSA-00994,PSF-01163,RHS-01998,3.0.0,2025-01-13T08:33:48.201Z
199,10:44:31,29/01/2025,K_lowfl_medbth,Karina Guo,,,667,Mid,0.149118,1.899856,0.138266,1.556013,1.852615,1.766586,2.96828,1.115664,17.396687,18.243874,29.230528,0.441786,7.5,PSF-01163_20250129104431_e66,0,0,0,130.263092,561.32196,0.767935,0.5,0.8,19.511066,1,56.94,54.3,25.39,23.85,23.85,101.55,79.7,79.7,0,64,3.935,10:34:41,29/01/2025,-1.34,1,0,0,0.001,-0.035,0.171,-1.301,1,75,0.001,2,0.058905,0,0.02923,0,0,-0.000068,standard,0,rectangular,7000,500,1,2,55537,55537,55537,0,-9999,0,0,0,0,2.448296,2.492938,1.072852,0.762297,0.268568,-0.015315,0.700202,0.162597,130.263092,0.001147,2.363673,0.000005,1,2.399535,0.000012,1,0.601056,0.600294,0.107352,0,PSF-01163_20250129104431_e66,PFA-00994,PSA-00994,PSF-01163,RHS-01998,3.0.0,2025-01-13T08:33:48.201Z
200,10:45:27,29/01/2025,K_lowfl_medbth,Karina Guo,,,667,Mid,0.07406,1.903248,0.071286,0.863312,1.812824,1.765181,3.013435,1.200612,17.38213,17.851274,29.673962,0.441786,7.5,PSF-01163_20250129104527_c66,0,0,0,132.353424,557.663452,0.762664,0.5,0.8,25.276869,1,55.74,54.27,25.38,24.1,24.1,101.55,79.8,79.6,0.3,83,3.934,10:45:06,29/01/2025,-1.39,1,0,0.001,0.002,-0.279,-0.443,-0.936,1,75,0.001,2,0.058905,0,0.02923,0,0,-0.000068,standard,0,rectangular,7000,500,1,2,55537,55537,55537,0,-9999,0,0,0,0,2.448261,2.491355,1.074111,0.762135,0.268621,-0.012455,0.703166,0.179417,132.353424,0.001128,2.363673,0.000005,1,2.399535,0.000012,1,0.601056,0.600294,0.107352,0,PSF-01163_20250129104527_c66,PFA-00994,PSA-00994,PSF-01163,RHS-01998,3.0.0,2025-01-13T08:33:48.201Z
201,10:46:01,29/01/2025,K_lowfl_medbth,Karina Guo,,,449,High,0.008099,1.903093,0.008064,0.107384,1.775868,1.769939,3.09572,1.319852,17.428421,17.486803,30.483261,0.441786,7.5,PSF-01163_20250129104601_d7a,0,0,0,189.342499,460.160492,0.588529,0.5,0.8,18.932405,1,54.64,54.45,25.37,24.55,24.55,101.55,79.8,76.4,4.3,80,3.933,10:45:06,29/01/2025,-1.39,1,0,0,-0.005,0.388,0.714,2.378,1,75,0.001,2,0.058905,0,0.02923,0,0,-0.000068,standard,0,rectangular,7000,500,1,2,55537,55537,55537,0,-9999,0,0,0,0,2.448506,2.48985,1.074054,0.755167,0.268745,-0.00729,0.705042,0.1773,189.342499,0.00114,2.363673,0.000005,1,2.399535,0.000012,1,0.601056,0.600294,0.107352,0,PSF-01163_20250129104601_d7a,PFA-00994,PSA-00994,PSF-01163,RHS-01998,3.0.0,2025-01-13T08:33:48.201Z
202,10:46:27,29/01/2025,K_lowfl_medbth,Karina Guo,,,449,High,0.022311,1.900823,0.022052,0.288185,1.784755,1.768819,3.080175,1.295421,17.416969,17.573877,30.329449,0.441786,7.5,PSF-01163_20250129104627_7b6,0,0,0,181.496506,423.701416,0.571641,0.5,0.8,17.892494,1,54.95,54.46,25.36,24.47,24.47,101.56,79.7,79.9,-0.2,78,3.932,10:45:06,29/01/2025,-1.39,1,-0.001,0,-9999,0.406,0.601,-9999,1,75,0.001,2,0.058905,0,0.02923,0,0,-0.000068,standard,0,rectangular,7000,500,1,2,55537,55537,55537,0,-9999,0,0,0,0,2.448511,2.490278,1.073211,0.762768,0.268867,-0.008107,0.70634,0.175411,181.496506,0.001146,2.363673,0.000005,1,2.399535,0.000012,1,0.601056,0.600294,0.107352,0,PSF-01163_20250129104627_7b6,PFA-00994,PSA-00994,PSF-01163,RHS-01998,3.0.0,2025-01-13T08:33:48.201Z
203,10:47:12,29/01/2025,K_lowfl_medbth,Karina Guo,,,449,High,0.006071,1.898446,0.006052,0.084609,1.773414,1.768727,3.158828,1.385415,17.416317,17.462463,31.104378,0.441786,7.5,PSF-01163_20250129104712_37d,0,0,0,188.88974,418.753967,0.548924,0.5,0.8,17.115835,1,54.66,54.52,25.34,24.89,24.89,101.56,79.6,79.5,0.1,78,3.928,10:45:06,29/01/2025,-1.39,1,0,0,0,0.378,0.85,2.048,1,75,0.001,2,0.058905,0,0.02923,0,0,-0.000068,standard,0,rectangular,7000,500,1,2,55537,55537,55537,0,-9999,0,0,0,0,2.448591,2.489885,1.072329,0.76185,0.269067,-0.003151,0.708752,0.175151,188.88974,0.001143,2.363673,0.000005,1,2.399535,0.000012,1,0.601056,0.600294,0.107352,0,PSF-01163_20250129104712_37d,PFA-00994,PSA-00994,PSF-01163,RHS-01998,3.0.0,2025-01-13T08:33:48.201Z
204,10:50:59,29/01/2025,K_lowfl_medbth,Karina Guo,,,140,Low,0.058436,1.903857,0.056696,0.709577,1.825161,1.786022,3.065575,1.240415,17.586657,17.97205,30.186209,0.441786,7.5,PSF-01163_20250129105059_535,0,0,0,127.144218,587.027527,0.78341,0.5,0.8,14.757584,1,56.36,55.15,25.31,24.39,24.39,101.56,79.9,79.1,1,47,3.927,10:45:06,29/01/2025,-1.39,1,0,0,-0.005,-0.069,-0.212,-0.249,1,75,0.001,2,0.058905,0,0.02923,0,0,-0.000068,standard,0,rectangular,7000,500,1,2,55537,55537,55537,0,-9999,0,0,0,0,2.449438,2.492223,1.074338,0.760966,0.269405,-0.008434,0.720393,0.148312,127.144218,0.001127,2.363673,0.000005,1,2.399535,0.000012,1,0.601056,0.600294,0.107352,0,PSF-01163_20250129105059_535,PFA-00994,PSA-00994,PSF-01163,RHS-01998,3.0.0,2025-01-13T08:33:48.201Z
205,10:52:40,29/01/2025,K_lowfl_medbth,Karina Guo,,,140,Low,0.093431,1.899051,0.089049,1.035165,1.840147,1.782875,2.99252,1.152373,17.556885,18.120871,29.468874,0.441786,7.5,PSF-01163_20250129105240_571,0,0,0,130.181915,606.909851,0.7855,0.5,0.8,15.261024,1,56.8,55.03,25.32,23.99,23.99,101.55,79.6,77.8,2.3,49,3.925,10:45:06,29/01/2025,-1.39,1,0,0,0.003,0.314,0.615,1.427,1,75,0.001,2,0.058905,0,0.02923,0,0,-0.000068,standard,0,rectangular,7000,500,1,2,55537,55537,55537,0,-9999,0,0,0,0,2.449273,2.492817,1.072554,0.758142,0.269318,-0.013022,0.725851,0.149597,130.181915,0.001111,2.363673,0.000005,1,2.399535,0.000012,1,0.601056,0.600294,0.107352,0,PSF-01163_20250129105240_571,PFA-00994,PSA-00994,PSF-01163,RHS-01998,3.0.0,2025-01-13T08:33:48.201Z
206,10:54:24,29/01/2025,K_lowfl_medbth,Karina Guo,,,140,Low,0.054865,1.904916,0.053329,0.630249,1.831992,1.797256,3.003591,1.1716,17.697496,18.039536,29.576221,0.441786,7.5,PSF-01163_20250129105424_af9,0,0,0,134.343628,588.435181,0.771693,0.5,0.8,14.388623,1,56.52,55.45,25.32,24.05,24.05,101.55,79.9,79.6,0.4,47,3.923,10:45:06,29/01/2025,-1.39,1,0,-0.001,-9999,0.491,0.791,-9999,1,75,0.001,2,0.058905,0,0.02923,0,0,-0.000068,standard,0,rectangular,7000,500,1,2,55537,55537,55537,0,-9999,0,0,0,0,2.449822,2.492435,1.074732,0.762084,0.269233,-0.012424,0.731119,0.147895,134.343628,0.001138,2.363673,0.000005,1,2.399535,0.000012,1,0.601056,0.600294,0.107352,0,PSF-01163_20250129105424_af9,PFA-00994,PSA-00994,PSF-01163,RHS-01998,3.0.0,2025-01-13T08:33:48.201Z
207,10:55:06,29/01/2025,K_lowfl_medbth,Karina Guo,,,220,Mid,0.070101,1.901526,0.067609,0.800597,1.851662,1.807449,3.025248,1.173586,17.799444,18.234848,29.792116,0.441786,7.5,PSF-01163_20250129105506_a52,0,0,0,137.540466,493.990662,0.721573,0.5,0.8,12.171766,1,57.11,55.75,25.33,24.17,24.17,101.55,79.8,70.5,11.6,42,3.897,10:45:06,29/01/2025,-1.39,1,0,0.001,-9999,-0.164,-0.099,-9999,1,75,0.001,2,0.058905,0,0.02923,0,0,-0.000068,standard,0,rectangular,7000,500,1,2,55537,55537,55537,0,-9999,0,0,0,0,2.450221,2.493248,1.073472,0.742268,0.269194,-0.011128,0.733312,0.14403,137.540466,0.001132,2.363673,0.000005,1,2.399535,0.000012,1,0.601056,0.600294,0.107352,0,PSF-01163_20250129105506_a52,PFA-00994,PSA-00994,PSF-01163,RHS-01998,3.0.0,2025-01-13T08:33:48.201Z
208,10:56:47,29/01/2025,K_lowfl_medbth,Karina Guo,,,220,Mid,0.065516,1.904578,0.063337,0.772815,1.873078,1.830496,3.081882,1.208804,18.026234,18.445566,30.349543,0.441786,7.5,PSF-01163_20250129105647_526,0,0,0,123.455643,555.787659,0.777873,0.5,0.8,12.651535,1,57.71,56.4,25.34,24.48,24.48,101.55,79.9,76.4,4.5,41,3.921,10:55:26,29/01/2025,-1.41,1,0.001,0.001,0.003,0.005,-0.045,-0.232,1,75,0.001,2,0.058905,0,0.02923,0,0,-0.000068,standard,0,rectangular,7000,500,1,2,55537,55537,55537,0,-9999,0,0,0,0,2.451079,2.494097,1.074606,0.755002,0.269011,-0.007851,0.738272,0.142717,123.455643,0.001135,2.363673,0.000005,1,2.399535,0.000012,1,0.601056,0.600294,0.107352,0,PSF-01163_20250129105647_526,PFA-00994,PSA-00994,PSF-01163,RHS-01998,3.0.0,2025-01-13T08:33:48.201Z
209,10:57:43,29/01/2025,K_lowfl_medbth,Karina Guo,,,220,Mid,0.065638,1.900457,0.063447,0.698234,1.893083,1.85451,2.983775,1.090692,18.262625,18.642475,29.383261,0.441786,7.5,PSF-01163_20250129105743_abd,0,0,0,128.261444,568.83429,0.774519,0.5,0.8,12.696475,1,58.38,57.19,25.33,23.94,23.94,101.55,79.7,79.6,0.2,41,3.92,10:55:26,29/01/2025,-1.41,1,0,0,0.002,0.011,0.046,0.198,1,75,0.001,2,0.058905,0,0.02923,0,0,-0.000068,standard,0,rectangular,7000,500,1,2,55537,55537,55537,0,-9999,0,0,0,0,2.452122,2.495011,1.073075,0.76203,0.269169,-0.01372,0.740919,0.142996,128.261444,0.001132,2.363673,0.000005,1,2.399535,0.000012,1,0.601056,0.600294,0.107352,0,PSF-01163_20250129105743_abd,PFA-00994,PSA-00994,PSF-01163,RHS-01998,3.0.0,2025-01-13T08:33:48.201Z
210,10:58:36,29/01/2025,K_lowfl_medbth,Karina Guo,,,292,Mid,0.014732,1.90752,0.01462,0.181107,1.870836,1.860877,3.097972,1.227136,18.326044,18.42412,30.509041,0.441786,7.5,PSF-01163_20250129105836_a66,0,0,0,133.187775,591.844421,0.774962,0.5,0.8,14.990247,1,57.79,57.48,25.3,24.56,24.56,101.54,80.1,67.6,15.6,48,3.919,10:55:26,29/01/2025,-1.41,1,-0.001,-0.001,-0.005,-0.076,-0.282,-0.82,1,75,0.001,2,0.058905,0,0.02923,0,0,-0.000068,standard,0,rectangular,7000,500,1,2,55537,55537,55537,0,-9999,0,0,0,0,2.452509,2.494208,1.075701,0.736027,0.269463,-0.006402,0.743486,0.149412,133.187775,0.001136,2.363673,0.000005,1,2.399535,0.000012,1,0.601056,0.600294,0.107352,0,PSF-01163_20250129105836_a66,PFA-00994,PSA-00994,PSF-01163,RHS-01998,3.0.0,2025-01-13T08:33:48.201Z
211,10:59:48,29/01/2025,K_lowfl_medbth,Karina Guo,,,292,Mid,0.035281,1.90306,0.034639,0.403994,1.890188,1.86791,3.04565,1.155462,18.395987,18.615383,29.994875,0.441786,7.5,PSF-01163_20250129105948_3f8,0,0,0,137.433884,602.10907,0.771746,0.5,0.8,11.502035,1,58.53,57.84,25.26,24.28,24.28,101.54,79.8,78.1,2.1,37,3.916,10:55:26,29/01/2025,-1.41,1,0,0,-0.003,0.379,0.503,0.648,1,75,0.001,2,0.058905,0,0.02923,0,0,-0.000068,standard,0,rectangular,7000,500,1,2,55537,55537,55537,0,-9999,0,0,0,0,2.452985,2.495223,1.074042,0.75886,0.269898,-0.009138,0.746735,0.139759,137.433884,0.001127,2.363673,0.000005,1,2.399535,0.000012,1,0.601056,0.600294,0.107352,0,PSF-01163_20250129105948_3f8,PFA-00994,PSA-00994,PSF-01163,RHS-01998,3.0.0,2025-01-13T08:33:48.201Z
212,11:00:20,29/01/2025,K_lowfl_medbth,Karina Guo,,,73,High,0.011857,1.903427,0.011784,0.138199,1.877949,1.870329,3.040044,1.162095,18.418356,18.493399,29.937307,0.441786,7.5,PSF-01163_20250129110020_13e,0,0,0,167.737839,607.039307,0.723679,0.5,0.8,11.855333,1,58.23,58,25.24,24.25,24.25,101.55,79.9,79.6,0.3,41,3.916,10:55:26,29/01/2025,-1.41,1,-0.001,0,-9999,0.442,0.923,-9999,1,75,0.001,2,0.058905,0,0.02923,0,0,-0.000068,standard,0,rectangular,7000,500,1,2,55537,55537,55537,0,-9999,0,0,0,0,2.453199,2.494825,1.074178,0.762098,0.27016,-0.009209,0.748008,0.142973,167.737839,0.001123,2.363673,0.000005,1,2.399535,0.000012,1,0.601056,0.600294,0.107352,0,PSF-01163_20250129110020_13e,PFA-00994,PSA-00994,PSF-01163,RHS-01998,3.0.0,2025-01-13T08:33:48.201Z
213,11:00:54,29/01/2025,K_lowfl_medbth,Karina Guo,,,73,High,0.010512,1.907782,0.010455,0.121304,1.898951,1.892284,3.048509,1.149558,18.63378,18.69944,30.019415,0.441786,7.5,PSF-01163_20250129110054_2f9,0,0,0,148.980972,571.712158,0.739413,0.5,0.8,12.882657,1,58.98,58.78,25.21,24.3,24.3,101.55,80.1,79.4,0.8,44,3.914,10:55:26,29/01/2025,-1.41,1,0.001,0,-0.002,-0.188,-0.257,-0.33,1,75,0.001,2,0.058905,0,0.02923,0,0,-0.000068,standard,0,rectangular,7000,500,1,2,55537,55537,55537,0,-9999,0,0,0,0,2.454229,2.495854,1.075799,0.761733,0.270464,-0.008373,0.749559,0.145236,148.980972,0.001137,2.363673,0.000005,1,2.399535,0.000012,1,0.601056,0.600294,0.107352,0,PSF-01163_20250129110054_2f9,PFA-00994,PSA-00994,PSF-01163,RHS-01998,3.0.0,2025-01-13T08:33:48.201Z
214,11:01:29,29/01/2025,K_lowfl_medbth,Karina Guo,,,73,High,0.017809,1.90063,0.017644,0.196274,1.909811,1.89897,3.01219,1.102379,18.698515,18.805262,29.660021,0.441786,7.5,PSF-01163_20250129110129_4ba,0,0,0,170.921799,616.566162,0.722784,0.5,0.8,12.936859,1,59.44,59.1,25.18,24.1,24.1,101.56,79.7,79.5,0.2,45,3.914,10:55:26,29/01/2025,-1.41,1,-0.001,-0.001,-0.002,-0.009,0.142,0.337,1,75,0.001,2,0.058905,0,0.02923,0,0,-0.000068,standard,0,rectangular,7000,500,1,2,55537,55537,55537,0,-9999,0,0,0,0,2.454662,2.496481,1.073139,0.761954,0.270823,-0.010235,0.750988,0.146271,170.921799,0.001139,2.363673,0.000005,1,2.399535,0.000012,1,0.601056,0.600294,0.107352,0,PSF-01163_20250129110129_4ba,PFA-00994,PSA-00994,PSF-01163,RHS-01998,3.0.0,2025-01-13T08:33:48.201Z
215,11:04:33,29/01/2025,K_lowfl_medbth,Karina Guo,,,747,High,0.031529,1.899819,0.031015,0.327412,1.953389,1.935303,2.999353,1.045965,19.056366,19.234455,29.533768,0.441786,7.5,PSF-01163_20250129110433_440,0,0,0,134.375458,603.295349,0.777264,0.5,0.8,28.334026,1,61.79,61.21,24.9,24.02,24.02,101.56,79.7,72.6,8.8,91,3.911,10:55:26,29/01/2025,-1.41,1,0,-0.001,-0.002,-0.112,-0.191,-0.406,1,75,0.001,2,0.058905,0,0.02923,0,0,-0.000068,standard,0,rectangular,7000,500,1,2,55537,55537,55537,0,-9999,0,0,0,0,2.457487,2.499725,1.072838,0.746896,0.273771,-0.00799,0.758379,0.186616,134.375458,0.001122,2.363673,0.000005,1,2.399535,0.000012,1,0.601056,0.600294,0.107352,0,PSF-01163_20250129110433_440,PFA-00994,PSA-00994,PSF-01163,RHS-01998,3.0.0,2025-01-13T08:33:48.201Z
216,11:05:07,29/01/2025,K_lowfl_medbth,Karina Guo,,,747,High,0.037528,1.902387,0.036802,0.378134,1.964459,1.943609,2.982584,1.018124,19.137217,19.342512,29.367191,0.441786,7.5,PSF-01163_20250129110507_b1b,0,0,0,132.827637,606.580872,0.781022,0.5,0.8,28.783176,1,62.34,61.68,24.85,23.93,23.93,101.56,79.8,75.7,5.1,92,3.91,10:55:26,29/01/2025,-1.41,1,-0.001,-0.001,-0.002,-0.12,-0.245,-0.686,1,75,0.001,2,0.058905,0,0.02923,0,0,-0.000068,standard,0,rectangular,7000,500,1,2,55537,55537,55537,0,-9999,0,0,0,0,2.458112,2.500493,1.073792,0.753613,0.274382,-0.008406,0.759695,0.187485,132.827637,0.001125,2.363673,0.000005,1,2.399535,0.000012,1,0.601056,0.600294,0.107352,0,PSF-01163_20250129110507_b1b,PFA-00994,PSA-00994,PSF-01163,RHS-01998,3.0.0,2025-01-13T08:33:48.201Z
217,11:05:33,29/01/2025,K_lowfl_medbth,Karina Guo,,,747,High,0.042497,1.906056,0.04157,0.407273,1.962613,1.940213,2.933597,0.970984,19.104713,19.325283,28.886286,0.441786,7.5,PSF-01163_20250129110533_fce,0,0,0,139.047501,606.599121,0.770775,0.5,0.8,25.541378,1,62.46,61.75,24.8,23.66,23.66,101.56,80,79.3,0.9,83,3.91,10:55:26,29/01/2025,-1.41,1,0,0,-0.002,-0.242,-0.426,-0.708,1,75,0.001,2,0.058905,0,0.02923,0,0,-0.000068,standard,0,rectangular,7000,500,1,2,55537,55537,55537,0,-9999,0,0,0,0,2.458213,2.500667,1.075156,0.761471,0.274912,-0.010934,0.760735,0.179405,139.047501,0.001131,2.363673,0.000005,1,2.399535,0.000012,1,0.601056,0.600294,0.107352,0,PSF-01163_20250129110533_fce,PFA-00994,PSA-00994,PSF-01163,RHS-01998,3.0.0,2025-01-13T08:33:48.201Z
218,11:06:10,29/01/2025,K_lowfl_medbth,Karina Guo,,,215,Low,0.061971,1.902512,0.060016,0.581096,1.983154,1.951123,2.942619,0.959465,19.212143,19.527544,28.975121,0.441786,7.5,PSF-01163_20250129110610_fc1,0,0,0,150.479797,566.676758,0.734452,0.5,0.8,24.677532,1,63.27,62.25,24.76,23.71,23.71,101.56,79.8,79.6,0.3,84,3.909,11:05:48,29/01/2025,-1.52,1,-0.001,-0.001,-0.002,-0.112,-0.116,-0.246,1,75,0.001,2,0.058905,0,0.02923,0,0,-0.000068,standard,0,rectangular,7000,500,1,2,55537,55537,55537,0,-9999,0,0,0,0,2.458867,2.501912,1.073838,0.762052,0.275345,-0.009925,0.76241,0.180411,150.479797,0.001117,2.363673,0.000005,1,2.399535,0.000012,1,0.601056,0.600294,0.107352,0,PSF-01163_20250129110610_fc1,PFA-00994,PSA-00994,PSF-01163,RHS-01998,3.0.0,2025-01-13T08:33:48.201Z
219,11:06:36,29/01/2025,K_lowfl_medbth,Karina Guo,,,215,Low,0.081497,1.90311,0.078151,0.738598,1.992143,1.951448,2.928741,0.936598,19.214497,19.615185,28.837187,0.441786,7.5,PSF-01163_20250129110636_72b,0,0,0,138.268234,558.233521,0.752311,0.5,0.8,26.781097,1,63.7,62.39,24.72,23.63,23.63,101.56,79.8,79.5,0.4,89,3.908,11:05:48,29/01/2025,-1.52,1,-0.001,-0.001,-0.002,0.051,0.1,0.175,1,75,0.001,2,0.058905,0,0.02923,0,0,-0.000068,standard,0,rectangular,7000,500,1,2,55537,55537,55537,0,-9999,0,0,0,0,2.45907,2.5025,1.07406,0.761883,0.275755,-0.010382,0.763446,0.184757,138.268234,0.00114,2.363673,0.000005,1,2.399535,0.000012,1,0.601056,0.600294,0.107352,0,PSF-01163_20250129110636_72b,PFA-00994,PSA-00994,PSF-01163,RHS-01998,3.0.0,2025-01-13T08:33:48.201Z
220,11:07:04,29/01/2025,K_lowfl_medbth,Karina Guo,,,215,Low,0.032936,1.903235,0.032376,0.331021,1.964782,1.94654,2.977963,1.01318,19.165318,19.344929,29.320541,0.441786,7.5,PSF-01163_20250129110704_829,0,0,0,163.195969,580.066345,0.71866,0.5,0.8,24.52066,1,63.01,62.42,24.67,23.91,23.91,101.57,79.8,78.9,1.1,85,3.907,11:05:48,29/01/2025,-1.52,1,0,0,-0.002,-0.002,0.008,0.154,1,75,0.001,2,0.058905,0,0.02923,0,0,-0.000068,standard,0,rectangular,7000,500,1,2,55537,55537,55537,0,-9999,0,0,0,0,2.459113,2.501573,1.074107,0.760641,0.276295,-0.006748,0.764583,0.181542,163.195969,0.001124,2.363673,0.000005,1,2.399535,0.000012,1,0.601056,0.600294,0.107352,0,PSF-01163_20250129110704_829,PFA-00994,PSA-00994,PSF-01163,RHS-01998,3.0.0,2025-01-13T08:33:48.201Z
221,11:07:35,29/01/2025,K_lowfl_medbth,Karina Guo,,,375,High,0.033415,1.904821,0.032839,0.336549,1.954261,1.935732,2.969908,1.015647,19.058907,19.241343,29.24124,0.441786,7.5,PSF-01163_20250129110735_491,0,0,0,149.986618,448.28833,0.665424,0.5,0.8,14.75355,1,62.86,62.26,24.62,23.86,23.86,101.57,79.9,72,10,55,3.907,11:05:48,29/01/2025,-1.52,1,-0.002,-0.001,-0.002,1.298,0.115,1.027,1,75,0.001,2,0.058905,0,0.02923,0,0,-0.000068,standard,0,rectangular,7000,500,1,2,55537,55537,55537,0,-9999,0,0,0,0,2.458915,2.50138,1.074696,0.74546,0.276852,-0.006688,0.765904,0.155562,149.986618,0.00115,2.363673,0.000005,1,2.399535,0.000012,1,0.601056,0.600294,0.107352,0,PSF-01163_20250129110735_491,PFA-00994,PSA-00994,PSF-01163,RHS-01998,3.0.0,2025-01-13T08:33:48.201Z
222,11:08:18,29/01/2025,K_lowfl_medbth,Karina Guo,,,375,High,0.030521,1.904512,0.03004,0.308899,1.955365,1.938356,2.974368,1.019002,19.085823,19.253302,29.286806,0.441786,7.5,PSF-01163_20250129110818_8a3,0,0,0,143.683792,385.028595,0.626823,0.5,0.8,11.988789,1,63.13,62.58,24.56,23.89,23.89,101.56,79.9,79.3,0.7,48,3.905,11:05:48,29/01/2025,-1.52,1,0,-0.001,-0.002,0.277,0.413,0.812,1,75,0.001,2,0.058905,0,0.02923,0,0,-0.000068,standard,0,rectangular,7000,500,1,2,55537,55537,55537,0,-9999,0,0,0,0,2.459343,2.50176,1.074582,0.761483,0.277544,-0.005711,0.768013,0.14894,143.683792,0.001139,2.363673,0.000005,1,2.399535,0.000012,1,0.601056,0.600294,0.107352,0,PSF-01163_20250129110818_8a3,PFA-00994,PSA-00994,PSF-01163,RHS-01998,3.0.0,2025-01-13T08:33:48.201Z
223,11:09:03,29/01/2025,K_lowfl_medbth,Karina Guo,,,375,High,0.022959,1.904558,0.022685,0.226017,1.954386,1.941941,2.941799,0.987413,19.122066,19.244606,28.967545,0.441786,7.5,PSF-01163_20250129110903_084,0,0,0,143.508194,440.885773,0.6745,0.5,0.8,12.939282,1,63.31,62.91,24.5,23.7,23.7,101.56,79.9,79.7,0.3,48,3.905,11:05:48,29/01/2025,-1.52,1,-0.001,-0.001,-0.003,0.134,0.158,0.249,1,75,0.001,2,0.058905,0,0.02923,0,0,-0.000068,standard,0,rectangular,7000,500,1,2,55537,55537,55537,0,-9999,0,0,0,0,2.459783,2.502016,1.074598,0.762276,0.278168,-0.007124,0.769745,0.149064,143.508194,0.001132,2.363673,0.000005,1,2.399535,0.000012,1,0.601056,0.600294,0.107352,0,PSF-01163_20250129110903_084,PFA-00994,PSA-00994,PSF-01163,RHS-01998,3.0.0,2025-01-13T08:33:48.201Z
224,11:09:37,29/01/2025,K_lowfl_medbth,Karina Guo,,,65,Low,0.063654,1.903135,0.061594,0.578417,1.985514,1.953645,2.916173,0.93066,19.237406,19.551212,28.715355,0.441786,7.5,PSF-01163_20250129110937_1a4,0,0,0,130.459076,553.980225,0.764506,0.5,0.8,12.880011,1,64.47,63.44,24.46,23.56,23.56,101.55,79.8,79.7,0.1,42,3.904,11:05:48,29/01/2025,-1.52,1,-0.001,0,-0.002,0.094,0.207,-0.181,1,75,0.001,2,0.058905,0,0.02923,0,0,-0.000068,standard,0,rectangular,7000,500,1,2,55537,55537,55537,0,-9999,0,0,0,0,2.460486,2.5036,1.074069,0.76242,0.278616,-0.008291,0.771211,0.143985,130.459076,0.001126,2.363673,0.000005,1,2.399535,0.000012,1,0.601056,0.600294,0.107352,0,PSF-01163_20250129110937_1a4,PFA-00994,PSA-00994,PSF-01163,RHS-01998,3.0.0,2025-01-13T08:33:48.201Z
225,11:10:08,29/01/2025,K_lowfl_medbth,Karina Guo,,,65,Low,0.045331,1.902261,0.044276,0.422462,1.974704,1.951414,2.920218,0.945515,19.217756,19.447113,28.75865,0.441786,7.5,PSF-01163_20250129111008_16e,0,0,0,156.487946,554.23877,0.717652,0.5,0.8,9.244478,1,64.26,63.5,24.43,23.58,23.58,101.54,79.8,78.9,1.1,32,3.904,11:05:48,29/01/2025,-1.52,1,-0.001,-0.001,-0.002,-0.343,-0.613,-0.869,1,75,0.001,2,0.058905,0,0.02923,0,0,-0.000068,standard,0,rectangular,7000,500,1,2,55537,55537,55537,0,-9999,0,0,0,0,2.460577,2.503319,1.073745,0.760514,0.279016,-0.007634,0.772542,0.135361,156.487946,0.001115,2.363673,0.000005,1,2.399535,0.000012,1,0.601056,0.600294,0.107352,0,PSF-01163_20250129111008_16e,PFA-00994,PSA-00994,PSF-01163,RHS-01998,3.0.0,2025-01-13T08:33:48.201Z
226,11:10:26,29/01/2025,K_lowfl_medbth,Karina Guo,,,65,Low,0.03627,1.903678,0.035592,0.327797,1.964405,1.946349,2.877354,0.912949,19.166927,19.344738,28.335127,0.441786,7.5,PSF-01163_20250129111026_0e9,0,0,0,139.818542,582.780334,0.760084,0.5,0.8,11.942914,1,64.01,63.42,24.41,23.33,23.33,101.55,79.9,79.5,0.5,39,3.903,11:05:48,29/01/2025,-1.52,1,-0.001,-0.001,-0.002,0.051,0.031,0.145,1,75,0.001,2,0.058905,0,0.02923,0,0,-0.000068,standard,0,rectangular,7000,500,1,2,55537,55537,55537,0,-9999,0,0,0,0,2.460475,2.502982,1.074271,0.761871,0.279261,-0.010113,0.773277,0.141517,139.818542,0.001135,2.363673,0.000005,1,2.399535,0.000012,1,0.601056,0.600294,0.107352,0,PSF-01163_20250129111026_0e9,PFA-00994,PSA-00994,PSF-01163,RHS-01998,3.0.0,2025-01-13T08:33:48.201Z
227,11:11:00,29/01/2025,K_lowfl_medbth,Karina Guo,,,68,Mid,0.015397,1.898205,0.015273,0.150533,1.96314,1.954817,2.939826,0.976685,19.250656,19.332615,28.950819,0.441786,7.5,PSF-01163_20250129111100_d5a,0,0,0,162.886978,594.792358,0.726145,0.5,0.8,11.126952,1,64.13,63.86,24.36,23.69,23.69,101.55,79.6,79.5,0,38,3.903,11:05:48,29/01/2025,-1.52,1,0,-0.001,-0.002,-0.066,-0.057,-0.403,1,75,0.001,2,0.058905,0,0.02923,0,0,-0.000068,standard,0,rectangular,7000,500,1,2,55537,55537,55537,0,-9999,0,0,0,0,2.461061,2.50316,1.07224,0.761992,0.279745,-0.005669,0.774784,0.140671,162.886978,0.001137,2.363673,0.000005,1,2.399535,0.000012,1,0.601056,0.600294,0.107352,0,PSF-01163_20250129111100_d5a,PFA-00994,PSA-00994,PSF-01163,RHS-01998,3.0.0,2025-01-13T08:33:48.201Z
228,11:11:42,29/01/2025,K_lowfl_medbth,Karina Guo,,,68,Mid,0.036494,1.903829,0.035807,0.332358,1.965891,1.947585,2.885932,0.920042,19.178822,19.359083,28.419182,0.441786,7.5,PSF-01163_20250129111142_997,0,0,0,156.055923,621.723511,0.748995,0.5,0.8,9.839774,1,64.42,63.82,24.31,23.38,23.38,101.55,79.9,79.5,0.5,33,3.903,11:05:48,29/01/2025,-1.52,1,0,0,-0.002,-0.032,-0.055,0.048,1,75,0.001,2,0.058905,0,0.02923,0,0,-0.000068,standard,0,rectangular,7000,500,1,2,55537,55537,55537,0,-9999,0,0,0,0,2.461014,2.503554,1.074327,0.761879,0.28031,-0.00852,0.776576,0.135918,156.055923,0.00114,2.363673,0.000005,1,2.399535,0.000012,1,0.601056,0.600294,0.107352,0,PSF-01163_20250129111142_997,PFA-00994,PSA-00994,PSF-01163,RHS-01998,3.0.0,2025-01-13T08:33:48.201Z
229,11:12:16,29/01/2025,K_lowfl_medbth,Karina Guo,,,68,Mid,0.022831,1.898904,0.02256,0.20722,1.945992,1.934538,2.856714,0.910722,19.049919,19.162708,28.130829,0.441786,7.5,PSF-01163_20250129111216_980,0,0,0,164.429062,592.299011,0.722388,0.5,0.8,8.737674,1,63.94,63.57,24.27,23.22,23.22,101.55,79.6,79.6,0,30,3.901,11:05:48,29/01/2025,-1.52,1,-0.001,0,-0.003,0.065,0.015,0.293,1,75,0.001,2,0.058905,0,0.02923,0,0,-0.000068,standard,0,rectangular,7000,500,1,2,55537,55537,55537,0,-9999,0,0,0,0,2.460694,2.502918,1.072499,0.76207,0.280826,-0.009876,0.778058,0.133652,164.429062,0.001136,2.363673,0.000005,1,2.399535,0.000012,1,0.601056,0.600294,0.107352,0,PSF-01163_20250129111216_980,PFA-00994,PSA-00994,PSF-01163,RHS-01998,3.0.0,2025-01-13T08:33:48.201Z
230,11:13:25,29/01/2025,K_lowfl_medbth,Karina Guo,,,444,Mid,0.099043,1.907376,0.094154,0.792355,1.999071,1.955549,2.833319,0.834248,19.257294,19.685871,27.901142,0.441786,7.5,PSF-01163_20250129111325_574,0,0,0,122.040154,583.004211,0.79067,0.5,0.8,9.305311,1,65.99,64.56,24.19,23.08,23.08,101.55,80.1,79.6,0.6,29,3.9,11:05:48,29/01/2025,-1.52,1,-0.001,-0.001,-0.002,-0.02,0.012,-0.056,1,75,0.001,2,0.058905,0,0.02923,0,0,-0.000068,standard,0,rectangular,7000,500,1,2,55537,55537,55537,0,-9999,0,0,0,0,2.462004,2.50571,1.075648,0.761996,0.2817,-0.010517,0.780857,0.132942,122.040154,0.001143,2.363673,0.000005,1,2.399535,0.000012,1,0.601056,0.600294,0.107352,0,PSF-01163_20250129111325_574,PFA-00994,PSA-00994,PSF-01163,RHS-01998,3.0.0,2025-01-13T08:33:48.201Z
231,11:14:18,29/01/2025,K_lowfl_medbth,Karina Guo,,,444,Mid,0.11045,1.903928,0.104394,0.84809,2.003096,1.956405,2.808543,0.805447,19.265293,19.725075,27.656546,0.441786,7.5,PSF-01163_20250129111418_255,0,0,0,122.676376,563.665894,0.78236,0.5,0.8,15.214032,1,66.33,64.79,24.14,22.93,22.93,101.55,79.9,79.8,0.2,49,3.9,11:05:48,29/01/2025,-1.52,1,-0.001,0,-0.002,0.048,0.041,0.102,1,75,0.001,2,0.058905,0,0.02923,0,0,-0.000068,standard,0,rectangular,7000,500,1,2,55537,55537,55537,0,-9999,0,0,0,0,2.462313,2.506177,1.074364,0.762457,0.282283,-0.011546,0.783036,0.149636,122.676376,0.001132,2.363673,0.000005,1,2.399535,0.000012,1,0.601056,0.600294,0.107352,0,PSF-01163_20250129111418_255,PFA-00994,PSA-00994,PSF-01163,RHS-01998,3.0.0,2025-01-13T08:33:48.201Z
232,11:14:50,29/01/2025,K_lowfl_medbth,Karina Guo,,,444,Mid,0.099434,1.905748,0.094504,0.809115,1.992512,1.948019,2.841235,0.848723,19.183468,19.621624,27.979578,0.441786,7.5,PSF-01163_20250129111450_278,0,0,0,124.802467,574.629639,0.782812,0.5,0.8,17.66255,1,66.09,64.62,24.11,23.13,23.13,101.55,80,79.5,0.5,56,3.899,11:05:48,29/01/2025,-1.52,1,0,0,-0.002,-0.008,0.112,-0.098,1,75,0.001,2,0.058905,0,0.02923,0,0,-0.000068,standard,0,rectangular,7000,500,1,2,55537,55537,55537,0,-9999,0,0,0,0,2.462094,2.505854,1.075041,0.761976,0.282592,-0.009127,0.784451,0.156412,124.802467,0.001118,2.363673,0.000005,1,2.399535,0.000012,1,0.601056,0.600294,0.107352,0,PSF-01163_20250129111450_278,PFA-00994,PSA-00994,PSF-01163,RHS-01998,3.0.0,2025-01-13T08:33:48.201Z
233,11:15:26,29/01/2025,K_lowfl_medbth,Karina Guo,,,374,High,0.088159,1.900312,0.08425,0.662112,1.982709,1.946163,2.762089,0.779379,19.165659,19.52557,27.200836,0.441786,7.5,PSF-01163_20250129111526_f57,0,0,0,121.246574,504.421234,0.759632,0.5,0.8,20.440557,1,65.9,64.68,24.08,22.66,22.66,101.54,79.7,79.4,0.4,67,3.898,11:05:48,29/01/2025,-1.52,1,-0.001,-0.001,-9999,0.137,0.159,-9999,1,75,0.001,2,0.058905,0,0.02923,0,0,-0.000068,standard,0,rectangular,7000,500,1,2,55537,55537,55537,0,-9999,0,0,0,0,2.46219,2.505599,1.073021,0.76156,0.28297,-0.013905,0.786267,0.165861,121.246574,0.00112,2.363673,0.000005,1,2.399535,0.000012,1,0.601056,0.600294,0.107352,0,PSF-01163_20250129111526_f57,PFA-00994,PSA-00994,PSF-01163,RHS-01998,3.0.0,2025-01-13T08:33:48.201Z
234,11:15:52,29/01/2025,K_lowfl_medbth,Karina Guo,,,374,High,0.072542,1.905827,0.069882,0.572234,1.9698,1.938327,2.781855,0.812056,19.088215,19.398148,27.395092,0.441786,7.5,PSF-01163_20250129111552_4f2,0,0,0,114.745621,479.514252,0.760704,0.5,0.8,23.55876,1,65.57,64.52,24.05,22.78,22.78,101.55,80,73.5,8.1,77,3.898,11:05:48,29/01/2025,-1.52,1,-0.002,-0.001,-0.003,0.035,-0.027,-0.078,1,75,0.001,2,0.058905,0,0.02923,0,0,-0.000068,standard,0,rectangular,7000,500,1,2,55537,55537,55537,0,-9999,0,0,0,0,2.461979,2.505155,1.075071,0.748738,0.283249,-0.012336,0.787515,0.174692,114.745621,0.001129,2.363673,0.000005,1,2.399535,0.000012,1,0.601056,0.600294,0.107352,0,PSF-01163_20250129111552_4f2,PFA-00994,PSA-00994,PSF-01163,RHS-01998,3.0.0,2025-01-13T08:33:48.201Z
235,11:17:07,29/01/2025,K_lowfl_medbth,Karina Guo,,,374,High,-0.152793,1.901513,-0.166143,-1.649691,1.85208,1.943182,2.837055,0.984976,19.136547,18.239363,27.939447,0.441786,7.5,PSF-01163_20250129111707_c65,0,0,0,119.72773,480.350372,0.750749,0.5,0.8,25.851889,1,61.88,64.92,23.99,23.1,23.1,101.54,79.8,79.7,0.1,86,3.896,11:16:27,29/01/2025,-5.3,0,0,0.001,0.002,-0.221,-0.305,-0.876,1,75,0.001,2,0.058905,0,0.02923,0,0,-0.000068,standard,0,rectangular,7000,500,1,2,55537,55537,55537,0,-9999,0,0,0,0,2.462518,2.505284,1.073467,0.7623,0.283952,-0.008061,0.790995,0.182226,119.72773,0.00113,2.363673,0.000005,1,2.399535,0.000012,1,0.601056,0.600294,0.107352,0,PSF-01163_20250129111707_c65,PFA-00994,PSA-00994,PSF-01163,RHS-01998,3.0.0,2025-01-13T08:33:48.201Z
236,11:17:38,29/01/2025,K_lowfl_medbth,Karina Guo,,,672,High,-0.130005,1.902665,-0.13954,-1.295871,1.877545,1.949033,2.798825,0.921281,19.194399,18.49037,27.563293,0.441786,7.5,PSF-01163_20250129111738_6ea,0,0,0,144.430511,566.463928,0.745031,0.5,0.8,23.979662,1,62.82,65.21,23.97,22.88,22.88,101.54,79.8,79.7,0.1,80,3.896,11:16:27,29/01/2025,-5.3,0,0,0,0.002,-0.175,-0.224,-0.378,1,75,0.001,2,0.058905,0,0.02923,0,0,-0.000068,standard,0,rectangular,7000,500,1,2,55537,55537,55537,0,-9999,0,0,0,0,2.462896,2.506557,1.073895,0.762327,0.284215,-0.010282,0.79234,0.177337,144.430511,0.001146,2.363673,0.000005,1,2.399535,0.000012,1,0.601056,0.600294,0.107352,0,PSF-01163_20250129111738_6ea,PFA-00994,PSA-00994,PSF-01163,RHS-01998,3.0.0,2025-01-13T08:33:48.201Z
237,11:18:08,29/01/2025,K_lowfl_medbth,Karina Guo,,,672,High,-0.132889,1.899674,-0.142885,-1.359254,1.878429,1.953564,2.822013,0.943584,19.239405,18.499447,27.7922,0.441786,7.5,PSF-01163_20250129111808_117,0,0,0,164.532059,534.264587,0.69204,0.5,0.8,20.888065,1,62.91,65.43,23.95,23.01,23.01,101.54,79.7,76.5,3.9,75,3.895,11:16:27,29/01/2025,-5.3,0,0.001,0,-0.002,-0.011,-0.169,-0.338,1,75,0.001,2,0.058905,0,0.02923,0,0,-0.000068,standard,0,rectangular,7000,500,1,2,55537,55537,55537,0,-9999,0,0,0,0,2.463192,2.506695,1.072785,0.755375,0.284424,-0.008572,0.793724,0.172982,164.532059,0.001142,2.363673,0.000005,1,2.399535,0.000012,1,0.601056,0.600294,0.107352,0,PSF-01163_20250129111808_117,PFA-00994,PSA-00994,PSF-01163,RHS-01998,3.0.0,2025-01-13T08:33:48.201Z
238,11:18:36,29/01/2025,K_lowfl_medbth,Karina Guo,,,672,High,-0.144509,1.905237,-0.15637,-1.477828,1.875267,1.956652,2.812769,0.937502,19.269484,18.467983,27.700686,0.441786,7.5,PSF-01163_20250129111836_2c2,0,0,0,165.970444,538.179138,0.691607,0.5,0.8,18.033279,1,62.87,65.59,23.93,22.96,22.96,101.54,80,79.6,0.4,65,3.894,11:16:27,29/01/2025,-5.3,0,0.001,0.001,-0.002,0.021,-0.241,-0.534,1,75,0.001,2,0.058905,0,0.02923,0,0,-0.000068,standard,0,rectangular,7000,500,1,2,55537,55537,55537,0,-9999,0,0,0,0,2.463407,2.50663,1.074851,0.762198,0.284593,-0.009006,0.794988,0.164048,165.970444,0.001128,2.363673,0.000005,1,2.399535,0.000012,1,0.601056,0.600294,0.107352,0,PSF-01163_20250129111836_2c2,PFA-00994,PSA-00994,PSF-01163,RHS-01998,3.0.0,2025-01-13T08:33:48.201Z
239,11:18:56,29/01/2025,K_lowfl_medbth,Karina Guo,,,289,Low,-0.134554,1.90565,-0.144777,-1.276385,1.883635,1.9539,2.758365,0.87473,19.2428,18.550804,27.165506,0.441786,7.5,PSF-01163_20250129111856_25c,0,0,0,135.803101,573.874695,0.763358,0.5,0.8,20.446133,1,63.18,65.54,23.92,22.64,22.64,101.54,80,73.7,7.9,67,3.894,11:16:27,29/01/2025,-5.3,0,0,0,-0.013,-0.028,-0.095,-0.127,1,75,0.001,2,0.058905,0,0.02923,0,0,-0.000068,standard,0,rectangular,7000,500,1,2,55537,55537,55537,0,-9999,0,0,0,0,2.46334,2.507063,1.075005,0.749203,0.284709,-0.01245,0.7959,0.165592,135.803101,0.001128,2.363673,0.000005,1,2.399535,0.000012,1,0.601056,0.600294,0.107352,0,PSF-01163_20250129111856_25c,PFA-00994,PSA-00994,PSF-01163,RHS-01998,3.0.0,2025-01-13T08:33:48.201Z
240,11:19:29,29/01/2025,K_lowfl_medbth,Karina Guo,,,289,Low,-0.152071,1.904319,-0.165269,-1.602807,1.863743,1.952076,2.825763,0.96202,19.224558,18.354633,27.828856,0.441786,7.5,PSF-01163_20250129111929_9e7,0,0,0,141.474731,578.166992,0.755305,0.5,0.8,22.064909,1,62.57,65.54,23.91,23.04,23.04,101.54,79.9,78.6,1.6,73,3.892,11:16:27,29/01/2025,-5.3,0,-0.001,0,0.001,-0.081,-0.268,-0.859,1,75,0.001,2,0.058905,0,0.02923,0,0,-0.000068,standard,0,rectangular,7000,500,1,2,55537,55537,55537,0,-9999,0,0,0,0,2.463339,2.506239,1.07451,0.759888,0.284877,-0.007887,0.797401,0.170873,141.474731,0.001132,2.363673,0.000005,1,2.399535,0.000012,1,0.601056,0.600294,0.107352,0,PSF-01163_20250129111929_9e7,PFA-00994,PSA-00994,PSF-01163,RHS-01998,3.0.0,2025-01-13T08:33:48.201Z
241,11:20:09,29/01/2025,K_lowfl_medbth,Karina Guo,,,289,Low,-0.113316,1.904112,-0.120486,-1.10338,1.895687,1.956487,2.804073,0.908386,19.267569,18.668816,27.614637,0.441786,7.5,PSF-01163_20250129112009_fd6,0,0,0,132.51651,576.938843,0.770311,0.5,0.8,23.534466,1,63.7,65.74,23.89,22.91,22.91,101.54,79.9,79.5,0.5,76,3.892,11:16:27,29/01/2025,-5.3,0,0,-0.001,-0.004,-0.234,-0.402,-1.266,1,75,0.001,2,0.058905,0,0.02923,0,0,-0.000068,standard,0,rectangular,7000,500,1,2,55537,55537,55537,0,-9999,0,0,0,0,2.463607,2.507763,1.074432,0.761917,0.285037,-0.00914,0.799241,0.173784,132.51651,0.001141,2.363673,0.000005,1,2.399535,0.000012,1,0.601056,0.600294,0.107352,0,PSF-01163_20250129112009_fd6,PFA-00994,PSA-00994,PSF-01163,RHS-01998,3.0.0,2025-01-13T08:33:48.201Z
242,11:20:37,29/01/2025,K_lowfl_medbth,Karina Guo,,,289,Low,-0.119685,1.905217,-0.127708,-1.172795,1.893259,1.957837,2.804213,0.910954,19.280672,18.644712,27.61574,0.441786,7.5,PSF-01163_20250129112037_4ae,0,0,0,135.928986,559.521301,0.757062,0.5,0.8,24.319935,1,63.65,65.82,23.89,22.91,22.91,101.54,80,79.6,0.5,80,3.889,11:16:27,29/01/2025,-5.3,0,0,-0.001,-9999,-0.096,-0.17,-9999,1,75,0.001,2,0.058905,0,0.02923,0,0,-0.000068,standard,0,rectangular,7000,500,1,2,55537,55537,55537,0,-9999,0,0,0,0,2.463708,2.507694,1.074844,0.762051,0.285125,-0.009045,0.800583,0.177202,135.928986,0.001133,2.363673,0.000005,1,2.399535,0.000012,1,0.601056,0.600294,0.107352,0,PSF-01163_20250129112037_4ae,PFA-00994,PSA-00994,PSF-01163,RHS-01998,3.0.0,2025-01-13T08:33:48.201Z
243,11:21:51,29/01/2025,K_lowfl_medbth,Karina Guo,,,743,Mid,-0.139107,1.903457,-0.150075,-1.493114,1.898688,1.98099,2.885077,0.986389,19.510368,18.699789,28.414534,0.441786,7.5,PSF-01163_20250129112151_190,0,0,0,128.729584,591.887695,0.78251,0.5,0.8,22.661722,1,63.85,66.62,23.88,23.38,23.38,101.54,79.9,71.6,10.4,72,3.889,11:16:27,29/01/2025,-5.3,0,0,0,-9999,0.067,0.61,-9999,1,75,0.001,2,0.058905,0,0.02923,0,0,-0.000068,standard,0,rectangular,7000,500,1,2,55537,55537,55537,0,-9999,0,0,0,0,2.464751,2.507968,1.074189,0.744606,0.285181,-0.003779,0.804182,0.170323,128.729584,0.001122,2.363673,0.000005,1,2.399535,0.000012,1,0.601056,0.600294,0.107352,0,PSF-01163_20250129112151_190,PFA-00994,PSA-00994,PSF-01163,RHS-01998,3.0.0,2025-01-13T08:33:48.201Z
244,11:23:36,29/01/2025,K_lowfl_medbth,Karina Guo,,,743,Mid,-0.154541,1.90118,-0.168214,-1.553816,1.906438,1.992218,2.82256,0.916122,19.619505,18.774731,27.796764,0.441786,7.5,PSF-01163_20250129112336_63c,0,0,0,137.555115,623.441956,0.779362,0.5,0.8,17.4883,1,64.02,66.91,23.9,23.02,23.02,101.54,79.7,79.5,0.3,56,3.888,11:16:27,29/01/2025,-5.3,0,0,-0.001,-0.004,-0.098,-0.113,-0.041,1,75,0.001,2,0.058905,0,0.02923,0,0,-0.000068,standard,0,rectangular,7000,500,1,2,55537,55537,55537,0,-9999,0,0,0,0,2.465124,2.508202,1.073343,0.761842,0.284931,-0.008042,0.809122,0.156144,137.555115,0.001134,2.363673,0.000005,1,2.399535,0.000012,1,0.601056,0.600294,0.107352,0,PSF-01163_20250129112336_63c,PFA-00994,PSA-00994,PSF-01163,RHS-01998,3.0.0,2025-01-13T08:33:48.201Z
245,11:24:34,29/01/2025,K_lowfl_medbth,Karina Guo,,,743,Mid,-0.16321,1.900038,-0.178547,-1.666351,1.914723,2.006786,2.840275,0.925552,19.761749,18.855164,27.9695,0.441786,7.5,PSF-01163_20250129112434_f88,0,0,0,113.508942,528.242798,0.78512,0.5,0.8,15.570646,1,64.23,67.32,23.92,23.12,23.12,101.55,79.7,79.5,0.2,50,3.886,11:16:27,29/01/2025,-5.3,0,0,0,0.002,3.378,0.974,0.222,1,75,0.001,2,0.058905,0,0.02923,0,0,-0.000068,standard,0,rectangular,7000,500,1,2,55537,55537,55537,0,-9999,0,0,0,0,2.465666,2.508483,1.072919,0.761979,0.284732,-0.007092,0.811815,0.150475,113.508942,0.001138,2.363673,0.000005,1,2.399535,0.000012,1,0.601056,0.600294,0.107352,0,PSF-01163_20250129112434_f88,PFA-00994,PSA-00994,PSF-01163,RHS-01998,3.0.0,2025-01-13T08:33:48.201Z
246,11:25:33,29/01/2025,K_lowfl_medbth,Karina Guo,,,743,Mid,-0.139168,1.907646,-0.150119,-1.377902,1.926885,2.002606,2.837066,0.910181,19.721512,18.975813,27.939205,0.441786,7.5,PSF-01163_20250129112533_be7,0,0,0,133.881927,607.975952,0.779791,0.5,0.8,11.167787,1,64.57,67.11,23.94,23.1,23.1,101.54,80.1,68.6,14.4,36,3.883,11:16:27,29/01/2025,-5.3,0,0,0,-0.002,0.129,0.177,0.361,1,75,0.001,2,0.058905,0,0.02923,0,0,-0.000068,standard,0,rectangular,7000,500,1,2,55537,55537,55537,0,-9999,0,0,0,0,2.465381,2.508933,1.075748,0.738171,0.28452,-0.007506,0.81434,0.138492,133.881927,0.001144,2.363673,0.000005,1,2.399535,0.000012,1,0.601056,0.600294,0.107352,0,PSF-01163_20250129112533_be7,PFA-00994,PSA-00994,PSF-01163,RHS-01998,3.0.0,2025-01-13T08:33:48.201Z
247,11:27:12,29/01/2025,K_lowfl_medbth,Karina Guo,,,222,High,-0.121718,1.901568,-0.130042,-1.221702,1.941116,2.008519,2.872455,0.931339,19.780329,19.116524,28.288549,0.441786,7.5,PSF-01163_20250129112712_da3,0,0,0,172.453522,530.839233,0.67513,0.5,0.8,20.467396,1,64.9,67.16,23.98,23.31,23.31,101.54,79.8,79.4,0.4,76,3.882,11:26:51,29/01/2025,-4.73,0,-0.001,-0.001,-0.002,-0.165,-0.651,-2.299,1,75,0.001,2,0.058905,0,0.02923,0,0,-0.000068,standard,0,rectangular,7000,500,1,2,55537,55537,55537,0,-9999,0,0,0,0,2.465437,2.508605,1.073487,0.761772,0.284099,-0.005643,0.818769,0.173271,172.453522,0.00113,2.363673,0.000005,1,2.399535,0.000012,1,0.601056,0.600294,0.107352,0,PSF-01163_20250129112712_da3,PFA-00994,PSA-00994,PSF-01163,RHS-01998,3.0.0,2025-01-13T08:33:48.201Z
248,11:27:42,29/01/2025,K_lowfl_medbth,Karina Guo,,,222,High,-0.101333,1.904518,-0.107028,-1.016668,1.946843,2.002819,2.888426,0.941584,19.724236,19.172972,28.445911,0.441786,7.5,PSF-01163_20250129112742_b77,0,0,0,157.276871,572.300781,0.725185,0.5,0.8,23.486874,1,65.05,66.92,23.99,23.4,23.4,101.54,79.9,78.5,1.8,81,3.882,11:26:51,29/01/2025,-4.73,0,0,-0.001,-0.002,-0.246,-0.588,-0.641,1,75,0.001,2,0.058905,0,0.02923,0,0,-0.000068,standard,0,rectangular,7000,500,1,2,55537,55537,55537,0,-9999,0,0,0,0,2.465133,2.508807,1.074584,0.759691,0.283982,-0.004737,0.8201,0.177775,157.276871,0.001144,2.363673,0.000005,1,2.399535,0.000012,1,0.601056,0.600294,0.107352,0,PSF-01163_20250129112742_b77,PFA-00994,PSA-00994,PSF-01163,RHS-01998,3.0.0,2025-01-13T08:33:48.201Z
249,11:28:00,29/01/2025,K_lowfl_medbth,Karina Guo,,,222,High,-0.117577,1.904862,-0.125312,-1.183902,1.934689,1.999866,2.871323,0.936634,19.694912,19.053041,28.277126,0.441786,7.5,PSF-01163_20250129112800_2c3,0,0,0,176.11026,596.73822,0.704879,0.5,0.8,22.970985,1,64.63,66.8,23.99,23.3,23.3,101.54,79.9,77.9,2.6,81,3.883,11:26:51,29/01/2025,-4.73,0,0,0,-9999,-0.165,-0.419,-9999,1,75,0.001,2,0.058905,0,0.02923,0,0,-0.000068,standard,0,rectangular,7000,500,1,2,55537,55537,55537,0,-9999,0,0,0,0,2.464975,2.50823,1.074712,0.758272,0.283921,-0.005889,0.820856,0.178212,176.11026,0.00112,2.363673,0.000005,1,2.399535,0.000012,1,0.601056,0.600294,0.107352,0,PSF-01163_20250129112800_2c3,PFA-00994,PSA-00994,PSF-01163,RHS-01998,3.0.0,2025-01-13T08:33:48.201Z
250,11:28:31,29/01/2025,K_lowfl_medbth,Karina Guo,,,138,Low,-0.096835,1.903399,-0.102025,-0.944512,1.957774,2.009814,2.875473,0.917699,19.792246,19.279774,28.317089,0.441786,7.5,PSF-01163_20250129112831_f24,0,0,0,142.214661,599.593872,0.762815,0.5,0.8,24.991165,1,65.36,67.09,24,23.32,23.32,101.55,79.9,79.5,0.4,82,3.881,11:26:51,29/01/2025,-4.73,0,-0.001,-0.001,-9999,-0.071,-0.178,-9999,1,75,0.001,2,0.058905,0,0.02923,0,0,-0.000068,standard,0,rectangular,7000,500,1,2,55537,55537,55537,0,-9999,0,0,0,0,2.465352,2.509215,1.074167,0.761884,0.283804,-0.005738,0.822311,0.178589,142.214661,0.001137,2.363673,0.000005,1,2.399535,0.000012,1,0.601056,0.600294,0.107352,0,PSF-01163_20250129112831_f24,PFA-00994,PSA-00994,PSF-01163,RHS-01998,3.0.0,2025-01-13T08:33:48.201Z
251,11:29:17,29/01/2025,K_lowfl_medbth,Karina Guo,,,138,Low,-0.120797,1.906436,-0.128968,-1.238863,1.944115,2.01224,2.896305,0.952191,19.816193,19.145304,28.522312,0.441786,7.5,PSF-01163_20250129112917_732,0,0,0,149.076462,593.26532,0.748719,0.5,0.8,23.235224,1,64.84,67.11,24.02,23.44,23.44,101.55,80,79.6,0.5,78,3.88,11:26:51,29/01/2025,-4.73,0,0.001,0,0.002,-0.26,-0.409,-1.221,1,75,0.001,2,0.058905,0,0.02923,0,0,-0.000068,standard,0,rectangular,7000,500,1,2,55537,55537,55537,0,-9999,0,0,0,0,2.46537,2.508511,1.075298,0.762206,0.28362,-0.004589,0.824315,0.17483,149.076462,0.001147,2.363673,0.000005,1,2.399535,0.000012,1,0.601056,0.600294,0.107352,0,PSF-01163_20250129112917_732,PFA-00994,PSA-00994,PSF-01163,RHS-01998,3.0.0,2025-01-13T08:33:48.201Z
252,11:30:40,29/01/2025,K_lowfl_medbth,Karina Guo,,,138,Low,-0.110342,1.903161,-0.117134,-1.119127,1.952691,2.014368,2.899757,0.947066,19.836018,19.228674,28.554689,0.441786,7.5,PSF-01163_20250129113040_6d8,0,0,0,132.06517,581.947815,0.773064,0.5,0.8,22.109692,1,64.97,67.02,24.06,23.46,23.46,101.55,79.8,79.7,0.2,72,3.879,11:26:51,29/01/2025,-4.73,0,0,0,-9999,0.094,-0.234,-9999,1,75,0.001,2,0.058905,0,0.02923,0,0,-0.000068,standard,0,rectangular,7000,500,1,2,55537,55537,55537,0,-9999,0,0,0,0,2.465248,2.508683,1.074079,0.762253,0.283175,-0.004807,0.828038,0.16954,132.06517,0.001128,2.363673,0.000005,1,2.399535,0.000012,1,0.601056,0.600294,0.107352,0,PSF-01163_20250129113040_6d8,PFA-00994,PSA-00994,PSF-01163,RHS-01998,3.0.0,2025-01-13T08:33:48.201Z
253,11:31:10,29/01/2025,K_lowfl_medbth,Karina Guo,,,62,Low,-0.141118,1.89825,-0.152452,-1.424042,1.927972,2.006732,2.854184,0.926212,19.761507,18.985912,28.106888,0.441786,7.5,PSF-01163_20250129113110_240,0,0,0,160.099274,568.547485,0.718406,0.5,0.8,19.483776,1,64.08,66.7,24.08,23.2,23.2,101.55,79.6,79.4,0.2,68,3.878,11:26:51,29/01/2025,-4.73,0,-0.001,0,-9999,-0.391,-0.977,-9999,1,75,0.001,2,0.058905,0,0.02923,0,0,-0.000068,standard,0,rectangular,7000,500,1,2,55537,55537,55537,0,-9999,0,0,0,0,2.464823,2.50748,1.072256,0.761651,0.282981,-0.00791,0.829396,0.166323,160.099274,0.001139,2.363673,0.000005,1,2.399535,0.000012,1,0.601056,0.600294,0.107352,0,PSF-01163_20250129113110_240,PFA-00994,PSA-00994,PSF-01163,RHS-01998,3.0.0,2025-01-13T08:33:48.201Z
254,11:31:41,29/01/2025,K_lowfl_medbth,Karina Guo,,,62,Low,-0.133317,1.9075,-0.143335,-1.326589,1.930496,2.003399,2.848159,0.917664,19.729954,19.01198,28.049351,0.441786,7.5,PSF-01163_20250129113141_382,0,0,0,167.041183,577.165955,0.710584,0.5,0.8,19.872925,1,64.12,66.54,24.09,23.17,23.17,101.54,80.1,79.8,0.3,70,3.877,11:26:51,29/01/2025,-4.73,0,0.001,0.001,0.004,-0.089,-0.144,-0.184,1,75,0.001,2,0.058905,0,0.02923,0,0,-0.000068,standard,0,rectangular,7000,500,1,2,55537,55537,55537,0,-9999,0,0,0,0,2.464607,2.507522,1.075694,0.762592,0.282831,-0.008445,0.830728,0.168163,167.041183,0.001115,2.363673,0.000005,1,2.399535,0.000012,1,0.601056,0.600294,0.107352,0,PSF-01163_20250129113141_382,PFA-00994,PSA-00994,PSF-01163,RHS-01998,3.0.0,2025-01-13T08:33:48.201Z
255,11:32:48,29/01/2025,K_lowfl_medbth,Karina Guo,,,62,Low,-0.125296,1.907382,-0.134105,-1.271978,1.937988,2.007891,2.878265,0.940278,19.774046,19.085625,28.345634,0.441786,7.5,PSF-01163_20250129113248_ee2,0,0,0,171.880249,624.726562,0.724871,0.5,0.8,23.107004,1,64.29,66.6,24.11,23.34,23.34,101.54,80.1,79.5,0.7,80,3.877,11:26:51,29/01/2025,-4.73,0,0,0,0.003,-0.064,-0.179,-0.464,1,75,0.001,2,0.058905,0,0.02923,0,0,-0.000068,standard,0,rectangular,7000,500,1,2,55537,55537,55537,0,-9999,0,0,0,0,2.464692,2.507748,1.07565,0.761979,0.282601,-0.006741,0.833671,0.176666,171.880249,0.001131,2.363673,0.000005,1,2.399535,0.000012,1,0.601056,0.600294,0.107352,0,PSF-01163_20250129113248_ee2,PFA-00994,PSA-00994,PSF-01163,RHS-01998,3.0.0,2025-01-13T08:33:48.201Z
256,11:33:32,29/01/2025,K_lowfl_medbth,Karina Guo,,,224,High,-0.117787,1.901313,-0.125565,-1.163665,1.937355,2.00157,2.856157,0.918802,19.71208,19.079676,28.128326,0.441786,7.5,PSF-01163_20250129113332_d4f,0,0,0,164.414047,573.230286,0.71318,0.5,0.8,22.255962,1,64.22,66.35,24.12,23.21,23.21,101.54,79.7,79.4,0.4,78,3.876,11:26:51,29/01/2025,-4.73,0,0,-0.001,-9999,-0.411,-0.978,-9999,1,75,0.001,2,0.058905,0,0.02923,0,0,-0.000068,standard,0,rectangular,7000,500,1,2,55537,55537,55537,0,-9999,0,0,0,0,2.464354,2.507656,1.073393,0.761693,0.282468,-0.008289,0.835521,0.175207,164.414047,0.00115,2.363673,0.000005,1,2.399535,0.000012,1,0.601056,0.600294,0.107352,0,PSF-01163_20250129113332_d4f,PFA-00994,PSA-00994,PSF-01163,RHS-01998,3.0.0,2025-01-13T08:33:48.201Z
257,11:34:12,29/01/2025,K_lowfl_medbth,Karina Guo,,,224,High,-0.079281,1.900522,-0.082733,-0.754224,1.969119,2.010752,2.872801,0.903682,19.800999,19.39102,28.290083,0.441786,7.5,PSF-01163_20250129113412_07b,0,0,0,147.221451,607.601868,0.757701,0.5,0.8,24.338963,1,65.23,66.61,24.13,23.31,23.31,101.55,79.7,68.8,13.6,80,3.875,11:26:51,29/01/2025,-4.73,0,0,0,-0.002,-0.139,-0.473,-1.355,1,75,0.001,2,0.058905,0,0.02923,0,0,-0.000068,standard,0,rectangular,7000,500,1,2,55537,55537,55537,0,-9999,0,0,0,0,2.46469,2.509017,1.073099,0.738738,0.28234,-0.007348,0.837208,0.177198,147.221451,0.00114,2.363673,0.000005,1,2.399535,0.000012,1,0.601056,0.600294,0.107352,0,PSF-01163_20250129113412_07b,PFA-00994,PSA-00994,PSF-01163,RHS-01998,3.0.0,2025-01-13T08:33:48.201Z
258,11:34:41,29/01/2025,K_lowfl_medbth,Karina Guo,,,224,High,-0.113957,1.902076,-0.12122,-1.149862,1.946051,2.00947,2.886385,0.940333,19.788523,19.163998,28.424057,0.441786,7.5,PSF-01163_20250129113441_62c,0,0,0,156.856659,568.490295,0.724082,0.5,0.8,21.752659,1,64.43,66.53,24.14,23.39,23.39,101.55,79.8,79.7,0.1,75,3.875,11:26:51,29/01/2025,-4.73,0,0,0,0.002,0.069,-0.005,-0.207,1,75,0.001,2,0.058905,0,0.02923,0,0,-0.000068,standard,0,rectangular,7000,500,1,2,55537,55537,55537,0,-9999,0,0,0,0,2.464582,2.507932,1.073676,0.762245,0.28223,-0.006589,0.838388,0.172674,156.856659,0.001133,2.363673,0.000005,1,2.399535,0.000012,1,0.601056,0.600294,0.107352,0,PSF-01163_20250129113441_62c,PFA-00994,PSA-00994,PSF-01163,RHS-01998,3.0.0,2025-01-13T08:33:48.201Z
259,11:35:28,29/01/2025,K_lowfl_medbth,Karina Guo,,,297,High,-0.125622,1.901806,-0.134506,-1.257221,1.938168,2.007524,2.864852,0.926684,19.769852,19.086838,28.212708,0.441786,7.5,PSF-01163_20250129113528_538,0,0,0,134.833939,579.762695,0.767433,0.5,0.8,24.36517,1,64.1,66.4,24.16,23.26,23.26,101.54,79.8,79.6,0.3,79,3.871,11:26:51,29/01/2025,-4.73,0,0,0,0.002,-0.084,-0.234,-0.473,1,75,0.001,2,0.058905,0,0.02923,0,0,-0.000068,standard,0,rectangular,7000,500,1,2,55537,55537,55537,0,-9999,0,0,0,0,2.464411,2.507493,1.073576,0.762009,0.282049,-0.008144,0.840311,0.176386,134.833939,0.001142,2.363673,0.000005,1,2.399535,0.000012,1,0.601056,0.600294,0.107352,0,PSF-01163_20250129113528_538,PFA-00994,PSA-00994,PSF-01163,RHS-01998,3.0.0,2025-01-13T08:33:48.201Z
260,11:38:22,29/01/2025,K_lowfl_medbth,Karina Guo,,,297,High,0.083123,1.900823,0.079641,0.654186,2.037926,2.001848,2.851987,0.814061,19.713171,20.068453,28.084908,0.441786,7.5,PSF-01163_20250129113822_103,0,0,0,131.485107,576.579834,0.771957,0.5,0.8,24.847683,1,67.06,65.88,24.24,23.19,23.19,101.55,79.7,79.6,0.1,80,3.871,11:38:01,29/01/2025,-1.6,1,0,0.001,0.002,0.166,0.27,0.608,1,75,0.001,2,0.058905,0,0.02923,0,0,-0.000068,standard,0,rectangular,7000,500,1,2,55537,55537,55537,0,-9999,0,0,0,0,2.463716,2.507254,1.073211,0.762194,0.281105,-0.009904,0.847792,0.177341,131.485107,0.001129,2.363673,0.000005,1,2.399535,0.000012,1,0.601056,0.600294,0.107352,0,PSF-01163_20250129113822_103,PFA-00994,PSA-00994,PSF-01163,RHS-01998,3.0.0,2025-01-13T08:33:48.201Z
261,11:39:00,29/01/2025,K_lowfl_medbth,Karina Guo,,,297,High,0.071205,1.900512,0.068634,0.59684,2.040954,2.008033,2.902507,0.861553,19.774513,20.098711,28.583033,0.441786,7.5,PSF-01163_20250129113900_84d,0,0,0,118.813637,551.951416,0.784739,0.5,0.8,24.546782,1,67.11,66.02,24.26,23.48,23.48,101.55,79.7,68.4,14.2,78,3.869,11:38:01,29/01/2025,-1.6,1,-0.001,-0.001,-0.003,0.006,0.058,-0.467,1,75,0.001,2,0.058905,0,0.02923,0,0,-0.000068,standard,0,rectangular,7000,500,1,2,55537,55537,55537,0,-9999,0,0,0,0,2.463906,2.50731,1.073095,0.737812,0.280946,-0.006833,0.849436,0.175367,118.813637,0.001156,2.363673,0.000005,1,2.399535,0.000012,1,0.601056,0.600294,0.107352,0,PSF-01163_20250129113900_84d,PFA-00994,PSA-00994,PSF-01163,RHS-01998,3.0.0,2025-01-13T08:33:48.201Z
262,11:39:26,29/01/2025,K_lowfl_medbth,Karina Guo,,,699,Mid,0.092552,1.907673,0.08827,0.703444,2.047411,2.008801,2.837198,0.789787,19.782028,20.162254,27.939821,0.441786,7.5,PSF-01163_20250129113926_14e,0,0,0,151.440384,581.796875,0.739702,0.5,0.8,23.367847,1,67.3,66.03,24.26,23.1,23.1,101.55,80.1,79.6,0.7,79,3.869,11:38:01,29/01/2025,-1.6,1,-0.001,-0.001,-0.004,-0.051,-0.861,-1.388,1,75,0.001,2,0.058905,0,0.02923,0,0,-0.000068,standard,0,rectangular,7000,500,1,2,55537,55537,55537,0,-9999,0,0,0,0,2.463912,2.507569,1.075758,0.762005,0.280891,-0.011068,0.850483,0.176043,151.440384,0.001119,2.363673,0.000005,1,2.399535,0.000012,1,0.601056,0.600294,0.107352,0,PSF-01163_20250129113926_14e,PFA-00994,PSA-00994,PSF-01163,RHS-01998,3.0.0,2025-01-13T08:33:48.201Z
263,11:39:48,29/01/2025,K_lowfl_medbth,Karina Guo,,,699,Mid,0.058902,1.903026,0.057133,0.460022,2.040064,2.014733,2.838039,0.797976,19.840738,20.090193,27.948517,0.441786,7.5,PSF-01163_20250129113948_bfd,0,0,0,143.502121,565.852417,0.746397,0.5,0.8,21.625439,1,67.03,66.2,24.27,23.11,23.11,101.55,79.8,79.3,0.6,72,3.869,11:38:01,29/01/2025,-1.6,1,0,0,0.002,0.118,-0.101,0.438,1,75,0.001,2,0.058905,0,0.02923,0,0,-0.000068,standard,0,rectangular,7000,500,1,2,55537,55537,55537,0,-9999,0,0,0,0,2.464137,2.507211,1.074029,0.761516,0.280828,-0.011076,0.85138,0.170351,143.502121,0.001141,2.363673,0.000005,1,2.399535,0.000012,1,0.601056,0.600294,0.107352,0,PSF-01163_20250129113948_bfd,PFA-00994,PSA-00994,PSF-01163,RHS-01998,3.0.0,2025-01-13T08:33:48.201Z
264,11:40:15,29/01/2025,K_lowfl_medbth,Karina Guo,,,699,Mid,0.08568,1.905326,0.081992,0.646852,2.047082,2.011523,2.828913,0.781831,19.810156,20.160349,27.860086,0.441786,7.5,PSF-01163_20250129114015_59b,0,0,0,137.908813,545.96936,0.747406,0.5,0.8,23.66,1,67.24,66.07,24.27,23.05,23.05,101.54,80,79.5,0.5,79,3.868,11:38:01,29/01/2025,-1.6,1,0.001,0.001,0.003,-0.117,-0.156,-0.164,1,75,0.001,2,0.058905,0,0.02923,0,0,-0.000068,standard,0,rectangular,7000,500,1,2,55537,55537,55537,0,-9999,0,0,0,0,2.463969,2.507491,1.074884,0.761947,0.280765,-0.011728,0.852504,0.176185,137.908813,0.001122,2.363673,0.000005,1,2.399535,0.000012,1,0.601056,0.600294,0.107352,0,PSF-01163_20250129114015_59b,PFA-00994,PSA-00994,PSF-01163,RHS-01998,3.0.0,2025-01-13T08:33:48.201Z
265,11:40:54,29/01/2025,K_lowfl_medbth,Karina Guo,,,365,Low,0.037416,1.902915,0.036695,0.331231,2.032349,2.014108,2.926535,0.894187,19.83556,20.015202,28.82143,0.441786,7.5,PSF-01163_20250129114054_771,0,0,0,136.881348,531.004089,0.742222,0.5,0.8,20.388098,1,66.71,66.11,24.28,23.62,23.62,101.54,79.8,79.4,0.5,69,3.867,11:38:01,29/01/2025,-1.6,1,0,0,-9999,-0.859,-0.605,-9999,1,75,0.001,2,0.058905,0,0.02923,0,0,-0.000068,standard,0,rectangular,7000,500,1,2,55537,55537,55537,0,-9999,0,0,0,0,2.464014,2.506768,1.073988,0.761745,0.280628,-0.005628,0.854095,0.16708,136.881348,0.001125,2.363673,0.000005,1,2.399535,0.000012,1,0.601056,0.600294,0.107352,0,PSF-01163_20250129114054_771,PFA-00994,PSA-00994,PSF-01163,RHS-01998,3.0.0,2025-01-13T08:33:48.201Z
266,11:41:33,29/01/2025,K_lowfl_medbth,Karina Guo,,,365,Low,0.027496,1.901043,0.027104,0.237969,2.029618,2.016496,2.899507,0.869889,19.859032,19.98826,28.555174,0.441786,7.5,PSF-01163_20250129114133_53f,0,0,0,132.668488,520.640747,0.745182,0.5,0.8,19.022449,1,66.56,66.13,24.3,23.46,23.46,101.54,79.7,66.9,16,64,3.839,11:38:01,29/01/2025,-1.6,1,0,0.001,-9999,-0.201,-0.458,-9999,1,75,0.001,2,0.058905,0,0.02923,0,0,-0.000068,standard,0,rectangular,7000,500,1,2,55537,55537,55537,0,-9999,0,0,0,0,2.464036,2.506563,1.073292,0.734672,0.280459,-0.007508,0.855643,0.162858,132.668488,0.001126,2.363673,0.000005,1,2.399535,0.000012,1,0.601056,0.600294,0.107352,0,PSF-01163_20250129114133_53f,PFA-00994,PSA-00994,PSF-01163,RHS-01998,3.0.0,2025-01-13T08:33:48.201Z
267,11:42:22,29/01/2025,K_lowfl_medbth,Karina Guo,,,365,Low,0.028524,1.906468,0.028103,0.256086,2.016676,2.002606,2.919379,0.902703,19.723991,19.862566,28.753435,0.441786,7.5,PSF-01163_20250129114222_727,0,0,0,132.769699,517.821167,0.743599,0.5,0.8,21.093222,1,66.06,65.6,24.32,23.58,23.58,101.53,80,79.6,0.5,71,3.865,11:38:01,29/01/2025,-1.6,1,-0.002,-0.001,-9999,-0.073,0.22,-9999,1,75,0.001,2,0.058905,0,0.02923,0,0,-0.000068,standard,0,rectangular,7000,500,1,2,55537,55537,55537,0,-9999,0,0,0,0,2.463335,2.505879,1.075309,0.7622,0.280238,-0.006468,0.857813,0.169031,132.769699,0.001132,2.363673,0.000005,1,2.399535,0.000012,1,0.601056,0.600294,0.107352,0,PSF-01163_20250129114222_727,PFA-00994,PSA-00994,PSF-01163,RHS-01998,3.0.0,2025-01-13T08:33:48.201Z
268,11:43:02,29/01/2025,K_lowfl_medbth,Karina Guo,,,512,Low,0.098429,1.898185,0.093577,0.795194,2.041675,1.997751,2.883529,0.841854,19.676365,20.108984,28.40062,0.441786,7.5,PSF-01163_20250129114302_3aa,0,0,0,135.623581,581.414917,0.766735,0.5,0.8,24.353876,1,66.82,65.38,24.33,23.37,23.37,101.53,79.6,65.9,17.1,79,3.864,11:38:01,29/01/2025,-1.6,1,-0.002,-0.001,-0.001,-0.202,-0.383,-1.149,1,75,0.001,2,0.058905,0,0.02923,0,0,-0.000068,standard,0,rectangular,7000,500,1,2,55537,55537,55537,0,-9999,0,0,0,0,2.463053,2.506908,1.072232,0.732577,0.28008,-0.008902,0.859379,0.176417,135.623581,0.001129,2.363673,0.000005,1,2.399535,0.000012,1,0.601056,0.600294,0.107352,0,PSF-01163_20250129114302_3aa,PFA-00994,PSA-00994,PSF-01163,RHS-01998,3.0.0,2025-01-13T08:33:48.201Z
269,11:43:39,29/01/2025,K_lowfl_medbth,Karina Guo,,,512,Low,0.093908,1.905026,0.089496,0.718516,2.054489,2.014988,2.84996,0.795471,19.845503,20.234545,28.069088,0.441786,7.5,PSF-01163_20250129114339_d3e,0,0,0,128.643387,542.479248,0.76286,0.5,0.8,20.699562,1,67.18,65.89,24.35,23.18,23.18,101.53,79.9,79.5,0.6,68,3.864,11:38:01,29/01/2025,-1.6,1,0.001,0.001,0.003,-0.494,-0.775,-1.221,1,75,0.001,2,0.058905,0,0.02923,0,0,-0.000068,standard,0,rectangular,7000,500,1,2,55537,55537,55537,0,-9999,0,0,0,0,2.463709,2.507391,1.074773,0.761818,0.279911,-0.011219,0.860927,0.166352,128.643387,0.001134,2.363673,0.000005,1,2.399535,0.000012,1,0.601056,0.600294,0.107352,0,PSF-01163_20250129114339_d3e,PFA-00994,PSA-00994,PSF-01163,RHS-01998,3.0.0,2025-01-13T08:33:48.201Z
270,11:44:07,29/01/2025,K_lowfl_medbth,Karina Guo,,,512,Low,0.101784,1.902809,0.096616,0.801843,2.062843,2.018696,2.88501,0.822167,19.881044,20.315821,28.412897,0.441786,7.5,PSF-01163_20250129114407_2d3,0,0,0,57.561279,243.837479,0.763936,0.5,0.8,22.093151,1,67.4,65.96,24.36,23.38,23.38,101.54,79.8,70.2,12,72,3.863,11:38:01,29/01/2025,-1.6,1,0.001,0,0.002,-0.344,-0.199,0.789,1,75,0.001,2,0.058905,0,0.02923,0,0,-0.000068,standard,0,rectangular,7000,500,1,2,55537,55537,55537,0,-9999,0,0,0,0,2.463796,2.507686,1.073948,0.741757,0.279764,-0.009122,0.862071,0.170236,57.561279,0.001129,2.363673,0.000005,1,2.399535,0.000012,1,0.601056,0.600294,0.107352,0,PSF-01163_20250129114407_2d3,PFA-00994,PSA-00994,PSF-01163,RHS-01998,3.0.0,2025-01-13T08:33:48.201Z
271,11:44:41,29/01/2025,K_lowfl_medbth,Karina Guo,,,739,Low,0.080792,1.904447,0.077504,0.642712,2.045393,2.010042,2.866996,0.821604,19.796936,20.145102,28.237087,0.441786,7.5,PSF-01163_20250129114441_14b,0,0,0,146.203995,550.284485,0.734312,0.5,0.8,24.25144,1,66.77,65.61,24.38,23.27,23.27,101.53,79.9,79.7,0.3,83,3.863,11:38:01,29/01/2025,-1.6,1,0,0,-0.001,-0.086,-0.158,-0.516,1,75,0.001,2,0.058905,0,0.02923,0,0,-0.000068,standard,0,rectangular,7000,500,1,2,55537,55537,55537,0,-9999,0,0,0,0,2.463345,2.506828,1.074557,0.762296,0.279591,-0.010446,0.863426,0.179163,146.203995,0.001163,2.363673,0.000005,1,2.399535,0.000012,1,0.601056,0.600294,0.107352,0,PSF-01163_20250129114441_14b,PFA-00994,PSA-00994,PSF-01163,RHS-01998,3.0.0,2025-01-13T08:33:48.201Z
272,11:45:12,29/01/2025,K_lowfl_medbth,Karina Guo,,,739,Low,0.101002,1.900169,0.095904,0.774536,2.05644,2.013721,2.856586,0.800146,19.833408,20.25416,28.134907,0.441786,7.5,PSF-01163_20250129114512_9fd,0,0,0,152.743225,566.170715,0.730217,0.5,0.8,21.010504,1,67.08,65.69,24.39,23.21,23.21,101.53,79.7,79.4,0.3,72,3.862,11:38:01,29/01/2025,-1.6,1,-0.001,0.001,0.003,-0.201,-0.265,-0.521,1,75,0.001,2,0.058905,0,0.02923,0,0,-0.000068,standard,0,rectangular,7000,500,1,2,55537,55537,55537,0,-9999,0,0,0,0,2.463439,2.507251,1.072968,0.761678,0.279462,-0.011242,0.86462,0.169915,152.743225,0.001125,2.363673,0.000005,1,2.399535,0.000012,1,0.601056,0.600294,0.107352,0,PSF-01163_20250129114512_9fd,PFA-00994,PSA-00994,PSF-01163,RHS-01998,3.0.0,2025-01-13T08:33:48.201Z
273,11:45:37,29/01/2025,K_lowfl_medbth,Karina Guo,,,739,Low,0.13457,1.904242,0.125688,0.981778,2.074002,2.020013,2.847848,0.773846,19.895868,20.427631,28.049536,0.441786,7.5,PSF-01163_20250129114537_07f,0,0,0,146.239761,546.540161,0.732426,0.5,0.8,20.686176,1,67.61,65.85,24.4,23.16,23.16,101.53,79.9,79.3,0.7,71,3.862,11:38:01,29/01/2025,-1.6,1,0.002,0.001,0.003,-0.61,-0.532,-0.599,1,75,0.001,2,0.058905,0,0.02923,0,0,-0.000068,standard,0,rectangular,7000,500,1,2,55537,55537,55537,0,-9999,0,0,0,0,2.463649,2.507964,1.074481,0.7615,0.27934,-0.011925,0.865552,0.168764,146.239761,0.001148,2.363673,0.000005,1,2.399535,0.000012,1,0.601056,0.600294,0.107352,0,PSF-01163_20250129114537_07f,PFA-00994,PSA-00994,PSF-01163,RHS-01998,3.0.0,2025-01-13T08:33:48.201Z
274,11:46:20,29/01/2025,K_lowfl_medbth,Karina Guo,,,141,Mid,0.073354,1.902563,0.07063,0.605659,2.042296,2.008939,2.891806,0.84951,19.785728,20.114252,28.480946,0.441786,7.5,PSF-01163_20250129114620_778,0,0,0,148.713104,611.991394,0.757001,0.5,0.8,20.859446,1,66.51,65.42,24.42,23.42,23.42,101.53,79.8,73.3,8.2,69,3.861,11:38:01,29/01/2025,-1.6,1,0,0,0.002,0.015,-0.014,-0.016,1,75,0.001,2,0.058905,0,0.02923,0,0,-0.000068,standard,0,rectangular,7000,500,1,2,55537,55537,55537,0,-9999,0,0,0,0,2.463088,2.506472,1.073857,0.748301,0.279152,-0.009301,0.867252,0.167268,148.713104,0.001143,2.363673,0.000005,1,2.399535,0.000012,1,0.601056,0.600294,0.107352,0,PSF-01163_20250129114620_778,PFA-00994,PSA-00994,PSF-01163,RHS-01998,3.0.0,2025-01-13T08:33:48.201Z
275,11:47:36,29/01/2025,K_lowfl_medbth,Karina Guo,,,141,Mid,0.139876,1.902907,0.130298,1.059205,2.055436,1.997124,2.860814,0.805378,19.669989,20.244318,28.176611,0.441786,7.5,PSF-01163_20250129114736_e13,0,0,0,132.658844,588.630432,0.774631,0.5,0.8,19.387653,1,66.81,64.91,24.45,23.24,23.24,101.53,79.8,75.5,5.4,63,3.86,11:38:01,29/01/2025,-1.6,1,0,0,-9999,-0.113,-0.287,-9999,1,75,0.001,2,0.058905,0,0.02923,0,0,-0.000068,standard,0,rectangular,7000,500,1,2,55537,55537,55537,0,-9999,0,0,0,0,2.462414,2.506869,1.073985,0.753145,0.278789,-0.011643,0.870292,0.161773,132.658844,0.001118,2.363673,0.000005,1,2.399535,0.000012,1,0.601056,0.600294,0.107352,0,PSF-01163_20250129114736_e13,PFA-00994,PSA-00994,PSF-01163,RHS-01998,3.0.0,2025-01-13T08:33:48.201Z
276,11:48:13,29/01/2025,K_lowfl_medbth,Karina Guo,,,141,Mid,0.086079,1.904997,0.082357,0.713156,2.046497,2.007285,2.904311,0.857814,19.768757,20.154936,28.603117,0.441786,7.5,PSF-01163_20250129114813_34d,0,0,0,142.654175,590.264465,0.758322,0.5,0.8,21.980175,1,66.46,65.18,24.46,23.49,23.49,101.54,79.9,77,3.7,72,3.854,11:38:01,29/01/2025,-1.6,1,0,0,0.001,0.114,0.327,0.765,1,75,0.001,2,0.058905,0,0.02923,0,0,-0.000068,standard,0,rectangular,7000,500,1,2,55537,55537,55537,0,-9999,0,0,0,0,2.462767,2.506393,1.074762,0.756456,0.278624,-0.009034,0.871718,0.170377,142.654175,0.001138,2.363673,0.000005,1,2.399535,0.000012,1,0.601056,0.600294,0.107352,0,PSF-01163_20250129114813_34d,PFA-00994,PSA-00994,PSF-01163,RHS-01998,3.0.0,2025-01-13T08:33:48.201Z
277,11:48:40,29/01/2025,K_lowfl_medbth,Karina Guo,,,437,Low,0.092098,1.902496,0.087845,0.684387,2.052487,2.014797,2.824511,0.772024,19.843819,20.215025,27.81872,0.441786,7.5,PSF-01163_20250129114840_691,0,0,0,133.285767,569.724426,0.766052,0.5,0.8,23.089869,1,66.54,65.32,24.49,23.03,23.03,101.53,79.8,79.7,0.1,75,3.858,11:48:27,29/01/2025,-1.56,1,0.001,0,0.003,-0.132,-0.038,-0.2,1,75,0.001,2,0.058905,0,0.02923,0,0,-0.000068,standard,0,rectangular,7000,500,1,2,55537,55537,55537,0,-9999,0,0,0,0,2.462935,2.506451,1.073832,0.7623,0.278309,-0.014461,0.872774,0.172891,133.285767,0.001139,2.363673,0.000005,1,2.399535,0.000012,1,0.601056,0.600294,0.107352,0,PSF-01163_20250129114840_691,PFA-00994,PSA-00994,PSF-01163,RHS-01998,3.0.0,2025-01-13T08:33:48.201Z
278,11:50:14,29/01/2025,K_lowfl_medbth,Karina Guo,,,437,Low,0.087155,1.90533,0.083342,0.700222,2.042807,2.004316,2.875206,0.832399,19.740437,20.119539,28.317806,0.441786,7.5,PSF-01163_20250129115014_631,0,0,0,123.99852,545.683289,0.772765,0.5,0.8,24.494165,1,66.05,64.81,24.54,23.32,23.32,101.53,80,79.6,0.5,79,3.857,11:48:27,29/01/2025,-1.56,1,-0.001,0.001,0.003,-0.249,-0.325,-0.751,1,75,0.001,2,0.058905,0,0.02923,0,0,-0.000068,standard,0,rectangular,7000,500,1,2,55537,55537,55537,0,-9999,0,0,0,0,2.462263,2.505786,1.074886,0.762036,0.277829,-0.011686,0.87652,0.176273,123.99852,0.001127,2.363673,0.000005,1,2.399535,0.000012,1,0.601056,0.600294,0.107352,0,PSF-01163_20250129115014_631,PFA-00994,PSA-00994,PSF-01163,RHS-01998,3.0.0,2025-01-13T08:33:48.201Z
279,11:50:42,29/01/2025,K_lowfl_medbth,Karina Guo,,,437,Low,0.139853,1.901431,0.130271,1.032581,2.061522,2.004619,2.846894,0.785371,19.742695,20.303116,28.037926,0.441786,7.5,PSF-01163_20250129115042_be6,0,0,0,117.558357,530.454407,0.778382,0.5,0.8,24.910206,1,66.63,64.8,24.54,23.16,23.16,101.54,79.7,79.7,0.1,80,3.855,11:48:27,29/01/2025,-1.56,1,0.001,-0.001,0.001,-0.375,-0.431,-0.402,1,75,0.001,2,0.058905,0,0.02923,0,0,-0.000068,standard,0,rectangular,7000,500,1,2,55537,55537,55537,0,-9999,0,0,0,0,2.462245,2.506573,1.073436,0.762243,0.277765,-0.013564,0.877573,0.176938,117.558357,0.001128,2.363673,0.000005,1,2.399535,0.000012,1,0.601056,0.600294,0.107352,0,PSF-01163_20250129115042_be6,PFA-00994,PSA-00994,PSF-01163,RHS-01998,3.0.0,2025-01-13T08:33:48.201Z
280,11:51:02,29/01/2025,K_lowfl_medbth,Karina Guo,,,69,Mid,0.057946,1.902338,0.056233,0.462683,2.036666,2.011178,2.851994,0.815328,19.807291,20.058313,28.088156,0.441786,7.5,PSF-01163_20250129115102_d9e,0,0,0,157.886627,638.978027,0.752908,0.5,0.8,22.510273,1,65.82,64.99,24.55,23.19,23.19,101.54,79.8,79.6,0.3,75,3.855,11:48:27,29/01/2025,-1.56,1,0.001,0.001,0.005,0.023,0.268,1.383,1,75,0.001,2,0.058905,0,0.02923,0,0,-0.000068,standard,0,rectangular,7000,500,1,2,55537,55537,55537,0,-9999,0,0,0,0,2.462502,2.505464,1.073773,0.762048,0.277721,-0.013281,0.878287,0.172361,157.886627,0.001124,2.363673,0.000005,1,2.399535,0.000012,1,0.601056,0.600294,0.107352,0,PSF-01163_20250129115102_d9e,PFA-00994,PSA-00994,PSF-01163,RHS-01998,3.0.0,2025-01-13T08:33:48.201Z
281,11:51:43,29/01/2025,K_lowfl_medbth,Karina Guo,,,69,Mid,0.033551,1.904395,0.03297,0.293948,2.029075,2.012903,2.912293,0.883219,19.824724,19.983992,28.682653,0.441786,7.5,PSF-01163_20250129115143_00c,0,0,0,156.376358,634.377502,0.753496,0.5,0.8,22.049137,1,65.54,65.02,24.55,23.53,23.53,101.54,79.9,79.3,0.7,73,3.853,11:48:27,29/01/2025,-1.56,1,0,0,0.002,-0.676,-0.669,-0.967,1,75,0.001,2,0.058905,0,0.02923,0,0,-0.000068,standard,0,rectangular,7000,500,1,2,55537,55537,55537,0,-9999,0,0,0,0,2.46253,2.505086,1.074538,0.761513,0.277628,-0.009528,0.879821,0.17098,156.376358,0.001127,2.363673,0.000005,1,2.399535,0.000012,1,0.601056,0.600294,0.107352,0,PSF-01163_20250129115143_00c,PFA-00994,PSA-00994,PSF-01163,RHS-01998,3.0.0,2025-01-13T08:33:48.201Z
282,11:51:58,29/01/2025,K_lowfl_medbth,Karina Guo,,,69,Mid,0.065449,1.903309,0.063273,0.544318,2.03885,2.008885,2.891156,0.852306,19.784319,20.07943,28.473288,0.441786,7.5,PSF-01163_20250129115158_c56,0,0,0,153.490662,634.098511,0.757939,0.5,0.8,22.833225,1,65.85,64.88,24.55,23.41,23.41,101.54,79.8,79.4,0.5,75,3.852,11:48:27,29/01/2025,-1.56,1,0.001,0,0.003,-0.249,-0.559,-1.071,1,75,0.001,2,0.058905,0,0.02923,0,0,-0.000068,standard,0,rectangular,7000,500,1,2,55537,55537,55537,0,-9999,0,0,0,0,2.462355,2.505508,1.074134,0.761686,0.277617,-0.010882,0.880378,0.172856,153.490662,0.001148,2.363673,0.000005,1,2.399535,0.000012,1,0.601056,0.600294,0.107352,0,PSF-01163_20250129115158_c56,PFA-00994,PSA-00994,PSF-01163,RHS-01998,3.0.0,2025-01-13T08:33:48.201Z
283,11:52:22,29/01/2025,K_lowfl_medbth,Karina Guo,,,598,High,0.06804,1.904531,0.065693,0.570977,2.047834,2.016431,2.908789,0.860955,19.85957,20.16885,28.648279,0.441786,7.5,PSF-01163_20250129115222_8b1,0,0,0,168.942337,605.786926,0.721119,0.5,0.8,24.341511,1,66.11,65.1,24.56,23.51,23.51,101.53,79.9,79.7,0.2,84,3.853,11:48:27,29/01/2025,-1.56,1,0.001,0.001,0.002,0.082,-0.509,-0.618,1,75,0.001,2,0.058905,0,0.02923,0,0,-0.000068,standard,0,rectangular,7000,500,1,2,55537,55537,55537,0,-9999,0,0,0,0,2.462636,2.505862,1.074588,0.762364,0.277539,-0.00984,0.881283,0.180749,168.942337,0.001151,2.363673,0.000005,1,2.399535,0.000012,1,0.601056,0.600294,0.107352,0,PSF-01163_20250129115222_8b1,PFA-00994,PSA-00994,PSF-01163,RHS-01998,3.0.0,2025-01-13T08:33:48.201Z
284,11:52:56,29/01/2025,K_lowfl_medbth,Karina Guo,,,598,High,0.048499,1.901708,0.047293,0.432441,2.048614,2.024787,2.9541,0.905485,19.943089,20.177776,29.096331,0.441786,7.5,PSF-01163_20250129115256_641,0,0,0,166.645996,626.860474,0.734158,0.5,0.8,23.021828,1,66.09,65.32,24.57,23.77,23.77,101.53,79.8,79.7,0.1,78,3.852,11:48:27,29/01/2025,-1.56,1,0.001,0.001,0.002,-0.171,-0.543,-0.521,1,75,0.001,2,0.058905,0,0.02923,0,0,-0.000068,standard,0,rectangular,7000,500,1,2,55537,55537,55537,0,-9999,0,0,0,0,2.462931,2.505836,1.073539,0.762285,0.277418,-0.007106,0.882725,0.175537,166.645996,0.001137,2.363673,0.000005,1,2.399535,0.000012,1,0.601056,0.600294,0.107352,0,PSF-01163_20250129115256_641,PFA-00994,PSA-00994,PSF-01163,RHS-01998,3.0.0,2025-01-13T08:33:48.201Z
285,11:53:11,29/01/2025,K_lowfl_medbth,Karina Guo,,,598,High,0.036553,1.901855,0.035863,0.335016,2.027657,2.009195,2.952867,0.92521,19.78854,19.970375,29.082756,0.441786,7.5,PSF-01163_20250129115311_d8f,0,0,0,165.496231,582.985657,0.716123,0.5,0.8,23.175827,1,65.41,64.81,24.57,23.76,23.76,101.53,79.8,72.9,8.6,81,3.852,11:48:27,29/01/2025,-1.56,1,0,0,0.005,0.019,0.777,-0.36,1,75,0.001,2,0.058905,0,0.02923,0,0,-0.000068,standard,0,rectangular,7000,500,1,2,55537,55537,55537,0,-9999,0,0,0,0,2.462263,2.504909,1.073594,0.747456,0.277395,-0.007206,0.883315,0.177721,165.496231,0.001154,2.363673,0.000005,1,2.399535,0.000012,1,0.601056,0.600294,0.107352,0,PSF-01163_20250129115311_d8f,PFA-00994,PSA-00994,PSF-01163,RHS-01998,3.0.0,2025-01-13T08:33:48.201Z
286,11:53:47,29/01/2025,K_lowfl_medbth,Karina Guo,,,592,Mid,0.100554,1.901266,0.095503,0.850385,2.057226,2.010359,2.939046,0.881819,19.800392,20.261999,28.947203,0.441786,7.5,PSF-01163_20250129115347_d1c,0,0,0,154.796722,554.327148,0.720748,0.5,0.8,24.521273,1,66.34,64.82,24.58,23.69,23.69,101.53,79.7,79.5,0.3,85,3.851,11:48:27,29/01/2025,-1.56,1,0,-0.001,0.002,0.082,0.795,-0.257,1,75,0.001,2,0.058905,0,0.02923,0,0,-0.000068,standard,0,rectangular,7000,500,1,2,55537,55537,55537,0,-9999,0,0,0,0,2.462275,2.506161,1.073375,0.761846,0.277317,-0.008153,0.884655,0.181329,154.796722,0.001134,2.363673,0.000005,1,2.399535,0.000012,1,0.601056,0.600294,0.107352,0,PSF-01163_20250129115347_d1c,PFA-00994,PSA-00994,PSF-01163,RHS-01998,3.0.0,2025-01-13T08:33:48.201Z
287,11:54:13,29/01/2025,K_lowfl_medbth,Karina Guo,,,592,Mid,0.07764,1.904727,0.074599,0.674663,2.040367,2.003266,2.936099,0.895731,19.730581,20.096004,28.918247,0.441786,7.5,PSF-01163_20250129115413_41a,0,0,0,157.217499,541.386719,0.709602,0.5,0.8,19.585442,1,65.78,64.59,24.58,23.67,23.67,101.53,79.9,79.7,0.3,69,3.85,11:48:27,29/01/2025,-1.56,1,0,0.001,0.002,-0.027,-0.237,-0.886,1,75,0.001,2,0.058905,0,0.02923,0,0,-0.000068,standard,0,rectangular,7000,500,1,2,55537,55537,55537,0,-9999,0,0,0,0,2.461964,2.505412,1.074661,0.762316,0.277291,-0.008365,0.885679,0.167366,157.217499,0.00114,2.363673,0.000005,1,2.399535,0.000012,1,0.601056,0.600294,0.107352,0,PSF-01163_20250129115413_41a,PFA-00994,PSA-00994,PSF-01163,RHS-01998,3.0.0,2025-01-13T08:33:48.201Z
288,11:54:37,29/01/2025,K_lowfl_medbth,Karina Guo,,,592,Mid,0.080079,1.900373,0.076841,0.708207,2.041398,2.002336,2.954163,0.912765,19.720989,20.105713,29.095522,0.441786,7.5,PSF-01163_20250129115437_f6f,0,0,0,153.218506,535.831665,0.714055,0.5,0.8,15.684036,1,65.81,64.55,24.59,23.77,23.77,101.53,79.7,79.6,0.1,55,3.849,11:48:27,29/01/2025,-1.56,1,0,-0.001,-0.001,0.018,0.246,0.484,1,75,0.001,2,0.058905,0,0.02923,0,0,-0.000068,standard,0,rectangular,7000,500,1,2,55537,55537,55537,0,-9999,0,0,0,0,2.461911,2.505443,1.073044,0.76216,0.277261,-0.007259,0.886587,0.155112,153.218506,0.001149,2.363673,0.000005,1,2.399535,0.000012,1,0.601056,0.600294,0.107352,0,PSF-01163_20250129115437_f6f,PFA-00994,PSA-00994,PSF-01163,RHS-01998,3.0.0,2025-01-13T08:33:48.201Z
289,11:55:17,29/01/2025,K_lowfl_medbth,Karina Guo,,,434,High,0.118512,1.902714,0.111563,0.96322,2.061134,2.008099,2.916298,0.855164,19.777069,20.299391,28.7216,0.441786,7.5,PSF-01163_20250129115517_fa9,0,0,0,140.268082,540.412537,0.740443,0.5,0.8,20.804195,1,66.41,64.7,24.59,23.56,23.56,101.54,79.8,79.5,0.4,70,3.849,11:48:27,29/01/2025,-1.56,1,0.001,0,0.002,-0.089,-0.303,-0.558,1,75,0.001,2,0.058905,0,0.02923,0,0,-0.000068,standard,0,rectangular,7000,500,1,2,55537,55537,55537,0,-9999,0,0,0,0,2.462112,2.50626,1.073913,0.76186,0.277175,-0.009731,0.888045,0.168446,140.268082,0.001138,2.363673,0.000005,1,2.399535,0.000012,1,0.601056,0.600294,0.107352,0,PSF-01163_20250129115517_fa9,PFA-00994,PSA-00994,PSF-01163,RHS-01998,3.0.0,2025-01-13T08:33:48.201Z
290,11:55:54,29/01/2025,K_lowfl_medbth,Karina Guo,,,434,High,0.108804,1.90169,0.102916,0.940204,2.050215,1.998408,2.954914,0.904699,19.682491,20.192741,29.103205,0.441786,7.5,PSF-01163_20250129115554_dba,0,0,0,160.617477,568.569641,0.717506,0.5,0.8,19.472691,1,66.03,64.36,24.6,23.78,23.78,101.53,79.8,79.8,0,68,3.849,11:48:27,29/01/2025,-1.56,1,0.001,0,0.003,-0.452,-0.627,-0.897,1,75,0.001,2,0.058905,0,0.02923,0,0,-0.000068,standard,0,rectangular,7000,500,1,2,55537,55537,55537,0,-9999,0,0,0,0,2.46166,2.505737,1.073533,0.762445,0.277081,-0.007394,0.889548,0.166363,160.617477,0.001131,2.363673,0.000005,1,2.399535,0.000012,1,0.601056,0.600294,0.107352,0,PSF-01163_20250129115554_dba,PFA-00994,PSA-00994,PSF-01163,RHS-01998,3.0.0,2025-01-13T08:33:48.201Z
291,11:56:21,29/01/2025,K_lowfl_medbth,Karina Guo,,,434,High,0.091347,1.902402,0.087162,0.763992,2.056049,2.013974,2.924181,0.868133,19.835558,20.249954,28.800163,0.441786,7.5,PSF-01163_20250129115621_772,0,0,0,133.424164,554.77594,0.759499,0.5,0.8,21.895756,1,66.18,64.83,24.61,23.6,23.6,101.53,79.8,79.9,-0.2,72,3.847,11:48:27,29/01/2025,-1.56,1,0,0.001,0.003,-0.141,-0.538,-1.091,1,75,0.001,2,0.058905,0,0.02923,0,0,-0.000068,standard,0,rectangular,7000,500,1,2,55537,55537,55537,0,-9999,0,0,0,0,2.462276,2.505951,1.073797,0.762851,0.276999,-0.009411,0.890539,0.170038,133.424164,0.001122,2.363673,0.000005,1,2.399535,0.000012,1,0.601056,0.600294,0.107352,0,PSF-01163_20250129115621_772,PFA-00994,PSA-00994,PSF-01163,RHS-01998,3.0.0,2025-01-13T08:33:48.201Z
292,11:56:50,29/01/2025,K_lowfl_medbth,Karina Guo,,,167,Low,0.076148,1.903816,0.07322,0.669009,2.050747,2.013937,2.95558,0.904832,19.835394,20.197941,29.10969,0.441786,7.5,PSF-01163_20250129115650_b18,0,0,0,149.609329,517.617004,0.710965,0.5,0.8,19.239985,1,65.98,64.79,24.62,23.78,23.78,101.53,79.9,79.4,0.6,68,3.848,11:48:27,29/01/2025,-1.56,1,0.001,0.001,0.002,-0.131,-0.163,-0.493,1,75,0.001,2,0.058905,0,0.02923,0,0,-0.000068,standard,0,rectangular,7000,500,1,2,55537,55537,55537,0,-9999,0,0,0,0,2.462224,2.505667,1.074323,0.761588,0.276893,-0.007542,0.891674,0.166195,149.609329,0.001136,2.363673,0.000005,1,2.399535,0.000012,1,0.601056,0.600294,0.107352,0,PSF-01163_20250129115650_b18,PFA-00994,PSA-00994,PSF-01163,RHS-01998,3.0.0,2025-01-13T08:33:48.201Z
293,11:57:35,29/01/2025,K_lowfl_medbth,Karina Guo,,,167,Low,0.138533,1.899835,0.129118,1.097792,2.084182,2.023637,2.926126,0.841943,19.931173,20.527494,28.81995,0.441786,7.5,PSF-01163_20250129115735_13f,0,0,0,137.644882,553.049316,0.751116,0.5,0.8,23.259968,1,66.98,65.03,24.64,23.61,23.61,101.53,79.7,68.9,13.5,77,3.847,11:48:27,29/01/2025,-1.56,1,0.001,0.001,0.003,0.125,0.179,0.481,1,75,0.001,2,0.058905,0,0.02923,0,0,-0.000068,standard,0,rectangular,7000,500,1,2,55537,55537,55537,0,-9999,0,0,0,0,2.462533,2.507018,1.072844,0.738853,0.276687,-0.009603,0.893422,0.174687,137.644882,0.00114,2.363673,0.000005,1,2.399535,0.000012,1,0.601056,0.600294,0.107352,0,PSF-01163_20250129115735_13f,PFA-00994,PSA-00994,PSF-01163,RHS-01998,3.0.0,2025-01-13T08:33:48.201Z
294,11:58:17,29/01/2025,K_lowfl_medbth,Karina Guo,,,167,Low,0.158011,1.907115,0.145921,1.224277,2.074182,2.006986,2.905152,0.83097,19.766979,20.428795,28.613092,0.441786,7.5,PSF-01163_20250129115817_4c2,0,0,0,139.829987,547.232849,0.744478,0.5,0.8,25.488762,1,66.58,64.42,24.66,23.49,23.49,101.53,80.1,79.7,0.4,86,3.847,11:48:27,29/01/2025,-1.56,1,0,0.001,0.003,-0.257,-0.468,-1.032,1,75,0.001,2,0.058905,0,0.02923,0,0,-0.000068,standard,0,rectangular,7000,500,1,2,55537,55537,55537,0,-9999,0,0,0,0,2.461733,2.506476,1.07555,0.762331,0.276475,-0.011145,0.894999,0.181797,139.829987,0.001136,2.363673,0.000005,1,2.399535,0.000012,1,0.601056,0.600294,0.107352,0,PSF-01163_20250129115817_4c2,PFA-00994,PSA-00994,PSF-01163,RHS-01998,3.0.0,2025-01-13T08:33:48.201Z
295,11:59:07,29/01/2025,K_lowfl_medbth,Karina Guo,,,536,Low,0.078785,1.904412,0.075656,0.701299,2.040823,2.002249,2.958782,0.917959,19.721056,20.100985,29.14238,0.441786,7.5,PSF-01163_20250129115907_0bc,0,0,0,136.196487,567.336548,0.759937,0.5,0.8,26.361506,1,65.36,64.12,24.7,23.8,23.8,101.53,79.9,79.6,0.4,87,3.846,11:58:52,29/01/2025,-1.53,1,0.001,0.001,0.002,-0.078,-0.093,0.402,1,75,0.001,2,0.058905,0,0.02923,0,0,-0.000068,standard,0,rectangular,7000,500,1,2,55537,55537,55537,0,-9999,0,0,0,0,2.461336,2.504773,1.074544,0.762151,0.276055,-0.00819,0.896939,0.182779,136.196487,0.001136,2.363673,0.000005,1,2.399535,0.000012,1,0.601056,0.600294,0.107352,0,PSF-01163_20250129115907_0bc,PFA-00994,PSA-00994,PSF-01163,RHS-01998,3.0.0,2025-01-13T08:33:48.201Z
296,11:59:38,29/01/2025,K_lowfl_medbth,Karina Guo,,,536,Low,0.082329,1.903836,0.078916,0.730059,2.048738,2.00857,2.964792,0.916054,19.783358,20.178991,29.201645,0.441786,7.5,PSF-01163_20250129115938_6bf,0,0,0,129.810684,537.711365,0.758587,0.5,0.8,26.109043,1,65.53,64.25,24.72,23.83,23.83,101.53,79.9,77.7,2.7,86,3.844,11:58:52,29/01/2025,-1.53,1,0.002,0.001,0.003,0.069,0.118,0.077,1,75,0.001,2,0.058905,0,0.02923,0,0,-0.000068,standard,0,rectangular,7000,500,1,2,55537,55537,55537,0,-9999,0,0,0,0,2.461497,2.505007,1.07433,0.757938,0.275836,-0.008037,0.89807,0.18219,129.810684,0.001139,2.363673,0.000005,1,2.399535,0.000012,1,0.601056,0.600294,0.107352,0,PSF-01163_20250129115938_6bf,PFA-00994,PSA-00994,PSF-01163,RHS-01998,3.0.0,2025-01-13T08:33:48.201Z
297,12:00:00,29/01/2025,K_lowfl_medbth,Karina Guo,,,536,Low,0.083847,1.904565,0.080312,0.735589,2.057629,2.017182,2.964524,0.906895,19.868671,20.267069,29.199728,0.441786,7.5,PSF-01163_20250129120000_9c1,0,0,0,131.085632,564.564209,0.767811,0.5,0.8,26.384851,1,65.79,64.49,24.72,23.83,23.83,101.53,79.9,68,14.9,86,3.845,11:58:52,29/01/2025,-1.53,1,0,0,0.002,0.052,-0.041,-0.17,1,75,0.001,2,0.058905,0,0.02923,0,0,-0.000068,standard,0,rectangular,7000,500,1,2,55537,55537,55537,0,-9999,0,0,0,0,2.461816,2.505349,1.074601,0.737045,0.27575,-0.00814,0.898917,0.182072,131.085632,0.001131,2.363673,0.000005,1,2.399535,0.000012,1,0.601056,0.600294,0.107352,0,PSF-01163_20250129120000_9c1,PFA-00994,PSA-00994,PSF-01163,RHS-01998,3.0.0,2025-01-13T08:33:48.201Z
298,12:00:27,29/01/2025,K_lowfl_medbth,Karina Guo,,,556,Mid,0.022168,1.904256,0.021913,0.221258,2.024747,2.012574,3.024381,0.999635,19.823286,19.943186,29.789305,0.441786,7.5,PSF-01163_20250129120027_434,0,0,0,144.52243,540.904663,0.732813,0.5,0.8,24.314161,1,64.7,64.31,24.73,24.16,24.16,101.53,79.9,72,9.9,83,3.845,11:58:52,29/01/2025,-1.53,1,0.001,0,0.002,-0.25,-0.494,-1.268,1,75,0.001,2,0.058905,0,0.02923,0,0,-0.000068,standard,0,rectangular,7000,500,1,2,55537,55537,55537,0,-9999,0,0,0,0,2.461579,2.503879,1.074486,0.745482,0.275656,-0.004518,0.899854,0.179496,144.52243,0.001135,2.363673,0.000005,1,2.399535,0.000012,1,0.601056,0.600294,0.107352,0,PSF-01163_20250129120027_434,PFA-00994,PSA-00994,PSF-01163,RHS-01998,3.0.0,2025-01-13T08:33:48.201Z
299,12:00:53,29/01/2025,K_lowfl_medbth,Karina Guo,,,556,Mid,0.057366,1.901294,0.055686,0.541038,2.046724,2.016906,3.008535,0.961811,19.866785,20.160496,29.63446,0.441786,7.5,PSF-01163_20250129120053_660,0,0,0,144.022461,551.869507,0.739028,0.5,0.8,24.596813,1,65.37,64.42,24.74,24.08,24.08,101.52,79.7,79.3,0.6,83,3.817,11:58:52,29/01/2025,-1.53,1,0.001,0.001,0.002,0.145,0.356,0.546,1,75,0.001,2,0.058905,0,0.02923,0,0,-0.000068,standard,0,rectangular,7000,500,1,2,55537,55537,55537,0,-9999,0,0,0,0,2.461713,2.504781,1.073385,0.76139,0.275558,-0.005597,0.900789,0.179721,144.022461,0.001138,2.363673,0.000005,1,2.399535,0.000012,1,0.601056,0.600294,0.107352,0,PSF-01163_20250129120053_660,PFA-00994,PSA-00994,PSF-01163,RHS-01998,3.0.0,2025-01-13T08:33:48.201Z
300,12:01:17,29/01/2025,K_lowfl_medbth,Karina Guo,,,556,Mid,0.035714,1.898818,0.035055,0.347002,2.044726,2.025568,3.024645,0.979919,19.950827,20.139524,29.791237,0.441786,7.5,PSF-01163_20250129120117_ec8,0,0,0,138.610489,556.263672,0.750819,0.5,0.8,24.699286,1,65.27,64.66,24.75,24.16,24.16,101.53,79.6,79.6,0,82,3.842,11:58:52,29/01/2025,-1.53,1,0,0,0.002,-0.001,-0.193,-0.368,1,75,0.001,2,0.058905,0,0.02923,0,0,-0.000068,standard,0,rectangular,7000,500,1,2,55537,55537,55537,0,-9999,0,0,0,0,2.462025,2.504643,1.072467,0.762143,0.275454,-0.004707,0.901674,0.178882,138.610489,0.001144,2.363673,0.000005,1,2.399535,0.000012,1,0.601056,0.600294,0.107352,0,PSF-01163_20250129120117_ec8,PFA-00994,PSA-00994,PSF-01163,RHS-01998,3.0.0,2025-01-13T08:33:48.201Z
301,12:02:05,29/01/2025,K_lowfl_medbth,Karina Guo,,,82,Low,0.108232,1.90124,0.102403,0.90388,2.083823,2.034029,2.957608,0.873785,20.036928,20.527449,29.134981,0.441786,7.5,PSF-01163_20250129120205_5b3,0,0,0,141.05809,580.185791,0.756874,0.5,0.8,21.079769,1,66.43,64.84,24.77,23.79,23.79,101.51,79.7,79.8,0,70,3.841,11:58:52,29/01/2025,-1.53,1,0.001,0.001,0.003,0.086,0.071,-0.028,1,75,0.001,2,0.058905,0,0.02923,0,0,-0.000068,standard,0,rectangular,7000,500,1,2,55537,55537,55537,0,-9999,0,0,0,0,2.462263,2.506211,1.073366,0.762474,0.275213,-0.009119,0.903526,0.167911,141.05809,0.001149,2.363673,0.000005,1,2.399535,0.000012,1,0.601056,0.600294,0.107352,0,PSF-01163_20250129120205_5b3,PFA-00994,PSA-00994,PSF-01163,RHS-01998,3.0.0,2025-01-13T08:33:48.201Z
302,12:02:35,29/01/2025,K_lowfl_medbth,Karina Guo,,,82,Low,0.114836,1.908908,0.10832,0.969058,2.083224,2.030113,2.968832,0.885609,19.997616,20.520781,29.244463,0.441786,7.5,PSF-01163_20250129120235_61b,0,0,0,141.210083,589.102844,0.760296,0.5,0.8,22.431818,1,66.36,64.67,24.79,23.85,23.85,101.52,80.2,79.7,0.6,74,3.841,11:58:52,29/01/2025,-1.53,1,0,0,0.001,0.244,0.542,0.876,1,75,0.001,2,0.058905,0,0.02923,0,0,-0.000068,standard,0,rectangular,7000,500,1,2,55537,55537,55537,0,-9999,0,0,0,0,2.462031,2.506113,1.076219,0.762233,0.275068,-0.008564,0.904672,0.171505,141.210083,0.001149,2.363673,0.000005,1,2.399535,0.000012,1,0.601056,0.600294,0.107352,0,PSF-01163_20250129120235_61b,PFA-00994,PSA-00994,PSF-01163,RHS-01998,3.0.0,2025-01-13T08:33:48.201Z
303,12:03:02,29/01/2025,K_lowfl_medbth,Karina Guo,,,82,Low,0.128237,1.902823,0.12014,1.042025,2.072462,2.015113,2.931227,0.858766,19.850782,20.41573,28.875391,0.441786,7.5,PSF-01163_20250129120302_bff,0,0,0,143.734222,598.365051,0.759788,0.5,0.8,21.497713,1,65.99,64.16,24.79,23.64,23.64,101.51,79.8,79.6,0.3,71,3.841,11:58:52,29/01/2025,-1.53,1,0,0.001,0.003,0.069,0.009,-0.028,1,75,0.001,2,0.058905,0,0.02923,0,0,-0.000068,standard,0,rectangular,7000,500,1,2,55537,55537,55537,0,-9999,0,0,0,0,2.461368,2.505608,1.073954,0.762038,0.274988,-0.011005,0.905584,0.168875,143.734222,0.001146,2.363673,0.000005,1,2.399535,0.000012,1,0.601056,0.600294,0.107352,0,PSF-01163_20250129120302_bff,PFA-00994,PSA-00994,PSF-01163,RHS-01998,3.0.0,2025-01-13T08:33:48.201Z
304,12:03:43,29/01/2025,K_lowfl_medbth,Karina Guo,,,551,Mid,0.048263,1.901162,0.047068,0.462934,2.048725,2.02321,3.022315,0.97359,19.928436,20.179766,29.769537,0.441786,7.5,PSF-01163_20250129120343_12a,0,0,0,121.72937,515.842102,0.764018,0.5,0.8,19.390686,1,65.19,64.37,24.8,24.15,24.15,101.52,79.7,79.6,0.1,63,3.839,11:58:52,29/01/2025,-1.53,1,0,-0.001,0.004,0.024,0.265,-0.035,1,75,0.001,2,0.058905,0,0.02923,0,0,-0.000068,standard,0,rectangular,7000,500,1,2,55537,55537,55537,0,-9999,0,0,0,0,2.461643,2.50452,1.073337,0.762193,0.274858,-0.005458,0.90704,0.162538,121.72937,0.001145,2.363673,0.000005,1,2.399535,0.000012,1,0.601056,0.600294,0.107352,0,PSF-01163_20250129120343_12a,PFA-00994,PSA-00994,PSF-01163,RHS-01998,3.0.0,2025-01-13T08:33:48.201Z
305,12:04:44,29/01/2025,K_lowfl_medbth,Karina Guo,,,551,Mid,0.031098,1.905684,0.030599,0.31302,2.046824,2.029623,3.059313,1.012489,19.990921,20.160343,30.132925,0.441786,7.5,PSF-01163_20250129120444_684,0,0,0,124.162674,454.606537,0.726879,0.5,0.8,14.443575,1,65.03,64.49,24.83,24.35,24.35,101.53,80,78.9,1.4,50,3.838,11:58:52,29/01/2025,-1.53,1,0.001,0.001,0.003,0.192,0.453,0.882,1,75,0.001,2,0.058905,0,0.02923,0,0,-0.000068,standard,0,rectangular,7000,500,1,2,55537,55537,55537,0,-9999,0,0,0,0,2.461787,2.50431,1.075018,0.760483,0.2746,-0.003448,0.909214,0.150558,124.162674,0.001133,2.363673,0.000005,1,2.399535,0.000012,1,0.601056,0.600294,0.107352,0,PSF-01163_20250129120444_684,PFA-00994,PSA-00994,PSF-01163,RHS-01998,3.0.0,2025-01-13T08:33:48.201Z
306,12:05:08,29/01/2025,K_lowfl_medbth,Karina Guo,,,551,Mid,0.067305,1.902811,0.065006,0.612707,2.056865,2.023134,2.989992,0.933127,19.927595,20.259836,29.451012,0.441786,7.5,PSF-01163_20250129120508_992,0,0,0,108.756065,444.786438,0.755487,0.5,0.8,22.226921,1,65.31,64.24,24.84,23.97,23.97,101.52,79.8,66.9,16.2,74,3.837,11:58:52,29/01/2025,-1.53,1,0.001,0,0.002,-0.073,0.215,-0.149,1,75,0.001,2,0.058905,0,0.02923,0,0,-0.000068,standard,0,rectangular,7000,500,1,2,55537,55537,55537,0,-9999,0,0,0,0,2.461458,2.50468,1.073949,0.734503,0.274476,-0.00785,0.910154,0.171324,108.756065,0.001134,2.363673,0.000005,1,2.399535,0.000012,1,0.601056,0.600294,0.107352,0,PSF-01163_20250129120508_992,PFA-00994,PSA-00994,PSF-01163,RHS-01998,3.0.0,2025-01-13T08:33:48.201Z
307,12:05:33,29/01/2025,K_lowfl_medbth,Karina Guo,,,530,Low,0.052463,1.907999,0.051059,0.489175,2.052643,2.025806,3.001127,0.948484,19.953419,20.217754,29.559961,0.441786,7.5,PSF-01163_20250129120533_21a,0,0,0,125.822426,495.830658,0.746239,0.5,0.8,23.098991,1,65.13,64.28,24.85,24.03,24.03,101.53,80.1,79.4,0.9,77,3.837,11:58:52,29/01/2025,-1.53,1,0.001,0.001,-9999,-0.521,-0.575,-9999,1,75,0.001,2,0.058905,0,0.02923,0,0,-0.000068,standard,0,rectangular,7000,500,1,2,55537,55537,55537,0,-9999,0,0,0,0,2.461506,2.504433,1.07588,0.761634,0.274343,-0.007294,0.911053,0.174658,125.822426,0.001139,2.363673,0.000005,1,2.399535,0.000012,1,0.601056,0.600294,0.107352,0,PSF-01163_20250129120533_21a,PFA-00994,PSA-00994,PSF-01163,RHS-01998,3.0.0,2025-01-13T08:33:48.201Z
308,12:06:08,29/01/2025,K_lowfl_medbth,Karina Guo,,,530,Low,0.084157,1.902598,0.080592,0.759882,2.066664,2.024827,3.000075,0.933411,19.943134,20.355202,29.548653,0.441786,7.5,PSF-01163_20250129120608_8e8,0,0,0,125.568863,515.696167,0.756506,0.5,0.8,18.694368,1,65.52,64.19,24.87,24.03,24.03,101.53,79.8,79.5,0.4,62,3.837,11:58:52,29/01/2025,-1.53,1,0.001,0,0,-0.232,-0.412,-0.892,1,75,0.001,2,0.058905,0,0.02923,0,0,-0.000068,standard,0,rectangular,7000,500,1,2,55537,55537,55537,0,-9999,0,0,0,0,2.46139,2.504956,1.07387,0.761898,0.274185,-0.007521,0.912357,0.161084,125.568863,0.001134,2.363673,0.000005,1,2.399535,0.000012,1,0.601056,0.600294,0.107352,0,PSF-01163_20250129120608_8e8,PFA-00994,PSA-00994,PSF-01163,RHS-01998,3.0.0,2025-01-13T08:33:48.201Z
309,12:06:33,29/01/2025,K_lowfl_medbth,Karina Guo,,,530,Low,0.061727,1.902105,0.059787,0.571553,2.049874,2.01839,2.996379,0.946504,19.879393,20.189489,29.511738,0.441786,7.5,PSF-01163_20250129120633_7f3,0,0,0,119.742393,488.803619,0.75503,0.5,0.8,17.546824,1,64.94,63.94,24.88,24.01,24.01,101.53,79.8,79.5,0.4,58,3.836,11:58:52,29/01/2025,-1.53,1,0.001,0.001,0.002,-0.187,-0.368,-0.504,1,75,0.001,2,0.058905,0,0.02923,0,0,-0.000068,standard,0,rectangular,7000,500,1,2,55537,55537,55537,0,-9999,0,0,0,0,2.461063,2.504172,1.073687,0.761835,0.274058,-0.00788,0.913235,0.157884,119.742393,0.001141,2.363673,0.000005,1,2.399535,0.000012,1,0.601056,0.600294,0.107352,0,PSF-01163_20250129120633_7f3,PFA-00994,PSA-00994,PSF-01163,RHS-01998,3.0.0,2025-01-13T08:33:48.201Z
310,12:07:05,29/01/2025,K_lowfl_medbth,Karina Guo,,,179,Mid,0.056031,1.910686,0.054435,0.527423,2.048498,2.019613,3.007737,0.959239,19.891785,20.176283,29.624121,0.441786,7.5,PSF-01163_20250129120705_0fd,0,0,0,123.018623,471.296326,0.738978,0.5,0.8,13.937731,1,64.85,63.93,24.89,24.07,24.07,101.53,80.2,79.6,0.8,47,3.836,11:58:52,29/01/2025,-1.53,1,0,0.001,0.002,-0.201,-0.268,-0.401,1,75,0.001,2,0.058905,0,0.02923,0,0,-0.000068,standard,0,rectangular,7000,500,1,2,55537,55537,55537,0,-9999,0,0,0,0,2.46105,2.504046,1.076882,0.76211,0.273923,-0.007315,0.914386,0.148363,123.018623,0.00115,2.363673,0.000005,1,2.399535,0.000012,1,0.601056,0.600294,0.107352,0,PSF-01163_20250129120705_0fd,PFA-00994,PSA-00994,PSF-01163,RHS-01998,3.0.0,2025-01-13T08:33:48.201Z
311,12:07:37,29/01/2025,K_lowfl_medbth,Karina Guo,,,179,Mid,0.108358,1.900627,0.102514,0.945018,2.059754,2.007649,2.972537,0.912783,19.773365,20.286549,29.276566,0.441786,7.5,PSF-01163_20250129120737_a0b,0,0,0,110.902191,436.45047,0.7459,0.5,0.8,12.73572,1,65.17,63.52,24.9,23.87,23.87,101.53,79.7,79.7,0,43,3.836,11:58:52,29/01/2025,-1.53,1,0,0.001,0.003,-0.084,0.014,0.078,1,75,0.001,2,0.058905,0,0.02923,0,0,-0.000068,standard,0,rectangular,7000,500,1,2,55537,55537,55537,0,-9999,0,0,0,0,2.460508,2.504479,1.073138,0.762369,0.273825,-0.009603,0.915425,0.144478,110.902191,0.001144,2.363673,0.000005,1,2.399535,0.000012,1,0.601056,0.600294,0.107352,0,PSF-01163_20250129120737_a0b,PFA-00994,PSA-00994,PSF-01163,RHS-01998,3.0.0,2025-01-13T08:33:48.201Z
312,12:08:04,29/01/2025,K_lowfl_medbth,Karina Guo,,,179,Mid,0.111272,1.901039,0.105119,0.989265,2.066293,2.011771,2.99792,0.931626,19.815229,20.352255,29.528444,0.441786,7.5,PSF-01163_20250129120804_18a,0,0,0,123.725296,478.494293,0.741428,0.5,0.8,13.126292,1,65.34,63.61,24.91,24.02,24.02,101.53,79.7,79.7,0,44,3.835,11:58:52,29/01/2025,-1.53,1,0.001,0,0.003,0.041,0.048,0.248,1,75,0.001,2,0.058905,0,0.02923,0,0,-0.000068,standard,0,rectangular,7000,500,1,2,55537,55537,55537,0,-9999,0,0,0,0,2.460629,2.504708,1.073291,0.762335,0.273721,-0.00813,0.916342,0.145847,123.725296,0.001132,2.363673,0.000005,1,2.399535,0.000012,1,0.601056,0.600294,0.107352,0,PSF-01163_20250129120804_18a,PFA-00994,PSA-00994,PSF-01163,RHS-01998,3.0.0,2025-01-13T08:33:48.201Z
313,12:08:36,29/01/2025,K_lowfl_medbth,Karina Guo,,,390,Low,0.07193,1.904352,0.069312,0.643757,2.046059,2.010649,2.965821,0.919762,19.802568,20.151321,29.209909,0.441786,7.5,PSF-01163_20250129120836_711,0,0,0,116.732597,523.103333,0.776846,0.5,0.8,15.060684,1,64.66,63.54,24.92,23.84,23.84,101.53,79.9,79.3,0.7,48,3.834,11:58:52,29/01/2025,-1.53,1,-0.001,-0.001,0.002,-0.079,-0.272,-0.126,1,75,0.001,2,0.058905,0,0.02923,0,0,-0.000068,standard,0,rectangular,7000,500,1,2,55537,55537,55537,0,-9999,0,0,0,0,2.460532,2.503788,1.074522,0.7615,0.273613,-0.01024,0.917496,0.149507,116.732597,0.001129,2.363673,0.000005,1,2.399535,0.000012,1,0.601056,0.600294,0.107352,0,PSF-01163_20250129120836_711,PFA-00994,PSA-00994,PSF-01163,RHS-01998,3.0.0,2025-01-13T08:33:48.201Z
314,12:09:13,29/01/2025,K_lowfl_medbth,Karina Guo,,,390,Low,0.088967,1.908737,0.085005,0.789456,2.061224,2.017936,2.980743,0.919519,19.87517,20.301519,29.358103,0.441786,7.5,PSF-01163_20250129120913_452,0,0,0,128.283615,566.032288,0.773363,0.5,0.8,16.283461,1,65.08,63.72,24.93,23.92,23.92,101.53,80.1,79.5,0.8,53,3.833,11:58:52,29/01/2025,-1.53,1,0.001,0.001,0.004,-0.018,0.09,0.127,1,75,0.001,2,0.058905,0,0.02923,0,0,-0.000068,standard,0,rectangular,7000,500,1,2,55537,55537,55537,0,-9999,0,0,0,0,2.460757,2.504356,1.076155,0.76189,0.273451,-0.009474,0.918839,0.153134,128.283615,0.00113,2.363673,0.000005,1,2.399535,0.000012,1,0.601056,0.600294,0.107352,0,PSF-01163_20250129120913_452,PFA-00994,PSA-00994,PSF-01163,RHS-01998,3.0.0,2025-01-13T08:33:48.201Z
315,12:10:03,29/01/2025,K_lowfl_medbth,Karina Guo,,,390,Low,0.166463,1.905171,0.153087,1.329026,2.095402,2.022375,2.954945,0.859543,19.918251,20.637487,29.103081,0.441786,7.5,PSF-01163_20250129121003_12a,0,0,0,121.940376,545.547729,0.776481,0.5,0.8,19.629595,1,66.09,63.78,24.95,23.78,23.78,101.53,79.9,79.6,0.5,63,3.833,12:09:46,29/01/2025,-0.73,0,0.001,0.001,0.003,0.121,0.241,0.385,1,75,0.001,2,0.058905,0,0.02923,0,0,-0.000068,standard,0,rectangular,7000,500,1,2,55537,55537,55537,0,-9999,0,0,0,0,2.460842,2.504629,1.074827,0.762076,0.273246,-0.011297,0.920609,0.162321,121.940376,0.001114,2.363673,0.000005,1,2.399535,0.000012,1,0.601056,0.600294,0.107352,0,PSF-01163_20250129121003_12a,PFA-00994,PSA-00994,PSF-01163,RHS-01998,3.0.0,2025-01-13T08:33:48.201Z
316,12:10:47,29/01/2025,K_lowfl_medbth,Karina Guo,,,244,Low,0.200627,1.902532,0.181489,1.526552,2.095227,2.011202,2.928065,0.832838,19.809679,20.637293,28.840475,0.441786,7.5,PSF-01163_20250129121047_d1b,0,0,0,128.398773,544.096802,0.764015,0.5,0.8,21.403675,1,66.02,63.37,24.97,23.62,23.62,101.53,79.8,79.5,0.4,70,3.832,12:09:46,29/01/2025,-0.73,0,0,0,0.004,0.001,-0.118,-0.355,1,75,0.001,2,0.058905,0,0.02923,0,0,-0.000068,standard,0,rectangular,7000,500,1,2,55537,55537,55537,0,-9999,0,0,0,0,2.460298,2.504532,1.073845,0.761879,0.273068,-0.013168,0.922119,0.168267,128.398773,0.001148,2.363673,0.000005,1,2.399535,0.000012,1,0.601056,0.600294,0.107352,0,PSF-01163_20250129121047_d1b,PFA-00994,PSA-00994,PSF-01163,RHS-01998,3.0.0,2025-01-13T08:33:48.201Z
317,12:11:32,29/01/2025,K_lowfl_medbth,Karina Guo,,,244,Low,0.208092,1.903511,0.187585,1.588282,2.094374,2.00701,2.932707,0.838332,19.76853,20.629047,28.886404,0.441786,7.5,PSF-01163_20250129121132_73c,0,0,0,135.906464,553.739929,0.754566,0.5,0.8,22.85623,1,65.91,63.16,24.99,23.65,23.65,101.53,79.9,76.1,4.7,76,3.83,12:09:46,29/01/2025,-0.73,0,-0.001,0,0.004,0.165,0.269,0.651,1,75,0.001,2,0.058905,0,0.02923,0,0,-0.000068,standard,0,rectangular,7000,500,1,2,55537,55537,55537,0,-9999,0,0,0,0,2.46002,2.504383,1.074209,0.754458,0.272845,-0.013105,0.92372,0.173215,135.906464,0.001145,2.363673,0.000005,1,2.399535,0.000012,1,0.601056,0.600294,0.107352,0,PSF-01163_20250129121132_73c,PFA-00994,PSA-00994,PSF-01163,RHS-01998,3.0.0,2025-01-13T08:33:48.201Z
318,12:12:17,29/01/2025,K_lowfl_medbth,Karina Guo,,,244,Low,0.19788,1.900142,0.179217,1.532045,2.086146,2.001676,2.932584,0.846438,19.716137,20.548153,28.88541,0.441786,7.5,PSF-01163_20250129121217_ae9,0,0,0,147.78363,554.998779,0.733723,0.5,0.8,21.30566,1,65.57,62.92,25.01,23.65,23.65,101.52,79.7,75,5.9,73,3.829,12:09:46,29/01/2025,-0.73,0,0.001,0,0.002,-0.039,-0.293,-3.76,1,75,0.001,2,0.058905,0,0.02923,0,0,-0.000068,standard,0,rectangular,7000,500,1,2,55537,55537,55537,0,-9999,0,0,0,0,2.459698,2.503922,1.072958,0.752071,0.272628,-0.013336,0.925454,0.170491,147.78363,0.001135,2.363673,0.000005,1,2.399535,0.000012,1,0.601056,0.600294,0.107352,0,PSF-01163_20250129121217_ae9,PFA-00994,PSA-00994,PSF-01163,RHS-01998,3.0.0,2025-01-13T08:33:48.201Z
319,12:13:06,29/01/2025,K_lowfl_medbth,Karina Guo,,,92,Low,0.110023,1.909133,0.104028,0.952844,2.04737,1.995138,2.954311,0.906941,19.653238,20.167757,29.101643,0.441786,7.5,PSF-01163_20250129121306_16e,0,0,0,160.170792,585.915344,0.726632,0.5,0.8,24.455635,1,64.29,62.65,25.03,23.77,23.77,101.52,80.2,79.4,0.9,84,3.828,12:09:46,29/01/2025,-0.73,0,0,0,0.002,-0.109,-0.335,-0.895,1,75,0.001,2,0.058905,0,0.02923,0,0,-0.000068,standard,0,rectangular,7000,500,1,2,55537,55537,55537,0,-9999,0,0,0,0,2.459342,2.502177,1.076303,0.761677,0.272441,-0.012164,0.927147,0.180533,160.170792,0.001111,2.363673,0.000005,1,2.399535,0.000012,1,0.601056,0.600294,0.107352,0,PSF-01163_20250129121306_16e,PFA-00994,PSA-00994,PSF-01163,RHS-01998,3.0.0,2025-01-13T08:33:48.201Z
320,12:13:36,29/01/2025,K_lowfl_medbth,Karina Guo,,,92,Low,0.118177,1.902301,0.111265,0.975958,2.04625,1.992499,2.914987,0.868737,19.626373,20.155828,28.713005,0.441786,7.5,PSF-01163_20250129121336_46c,0,0,0,148.807175,591.928467,0.748606,0.5,0.8,24.455969,1,64.23,62.54,25.03,23.55,23.55,101.52,79.8,79.7,0.2,82,3.827,12:09:46,29/01/2025,-0.73,0,0,0.001,0.003,-0.078,-0.226,-0.289,1,75,0.001,2,0.058905,0,0.02923,0,0,-0.000068,standard,0,rectangular,7000,500,1,2,55537,55537,55537,0,-9999,0,0,0,0,2.459199,2.502093,1.073759,0.762229,0.272367,-0.014715,0.928114,0.178386,148.807175,0.001142,2.363673,0.000005,1,2.399535,0.000012,1,0.601056,0.600294,0.107352,0,PSF-01163_20250129121336_46c,PFA-00994,PSA-00994,PSF-01163,RHS-01998,3.0.0,2025-01-13T08:33:48.201Z
321,12:14:26,29/01/2025,K_lowfl_medbth,Karina Guo,,,92,Low,0.106229,1.904851,0.100617,0.885731,2.049166,2.000473,2.920929,0.871763,19.706036,20.185696,28.773167,0.441786,7.5,PSF-01163_20250129121426_1a5,0,0,0,149.552109,593.098633,0.747846,0.5,0.8,25.344173,1,64.28,62.76,25.04,23.58,23.58,101.52,79.9,79.9,0.1,85,3.827,12:09:46,29/01/2025,-0.73,0,0,0.001,-9999,-0.148,-0.275,-9999,1,75,0.001,2,0.058905,0,0.02923,0,0,-0.000068,standard,0,rectangular,7000,500,1,2,55537,55537,55537,0,-9999,0,0,0,0,2.459481,2.502169,1.074708,0.762676,0.27227,-0.01444,0.92965,0.181041,149.552109,0.001157,2.363673,0.000005,1,2.399535,0.000012,1,0.601056,0.600294,0.107352,0,PSF-01163_20250129121426_1a5,PFA-00994,PSA-00994,PSF-01163,RHS-01998,3.0.0,2025-01-13T08:33:48.201Z
322,12:15:02,29/01/2025,K_lowfl_medbth,Karina Guo,,,238,Low,0.163184,1.899508,0.150274,1.336332,2.075345,2.001632,2.955717,0.880372,19.717503,20.443624,29.115915,0.441786,7.5,PSF-01163_20250129121502_960,0,0,0,146.575577,577.335815,0.746117,0.5,0.8,23.576269,1,65.08,62.77,25.05,23.78,23.78,101.52,79.6,79.3,0.4,79,3.827,12:09:46,29/01/2025,-0.73,0,0.002,0,0.003,-0.083,-0.194,-0.51,1,75,0.001,2,0.058905,0,0.02923,0,0,-0.000068,standard,0,rectangular,7000,500,1,2,55537,55537,55537,0,-9999,0,0,0,0,2.459491,2.503243,1.072723,0.761464,0.27219,-0.012334,0.930879,0.176059,146.575577,0.001116,2.363673,0.000005,1,2.399535,0.000012,1,0.601056,0.600294,0.107352,0,PSF-01163_20250129121502_960,PFA-00994,PSA-00994,PSF-01163,RHS-01998,3.0.0,2025-01-13T08:33:48.201Z
323,12:16:27,29/01/2025,K_lowfl_medbth,Karina Guo,,,238,Low,0.144431,1.895643,0.134206,1.250508,2.062583,1.993413,2.984994,0.922411,19.636051,20.317415,29.403595,0.441786,7.5,PSF-01163_20250129121627_6a2,0,0,0,163.663391,591.476074,0.723297,0.5,0.8,21.842319,1,64.6,62.43,25.07,23.94,23.94,101.52,79.4,79.5,-0.1,75,3.826,12:09:46,29/01/2025,-0.73,0,0.001,0.001,0.003,0.548,-0.323,-0.291,1,75,0.001,2,0.058905,0,0.02923,0,0,-0.000068,standard,0,rectangular,7000,500,1,2,55537,55537,55537,0,-9999,0,0,0,0,2.459051,2.50259,1.071291,0.761945,0.27197,-0.010734,0.933692,0.173015,163.663391,0.001133,2.363673,0.000005,1,2.399535,0.000012,1,0.601056,0.600294,0.107352,0,PSF-01163_20250129121627_6a2,PFA-00994,PSA-00994,PSF-01163,RHS-01998,3.0.0,2025-01-13T08:33:48.201Z
324,12:17:16,29/01/2025,K_lowfl_medbth,Karina Guo,,,238,Low,0.126589,1.89898,0.118677,1.138447,2.056042,1.99321,3.00558,0.949538,19.634539,20.253477,29.607107,0.441786,7.5,PSF-01163_20250129121716_176,0,0,0,37.976501,128.126984,0.703603,0.5,0.8,22.537798,1,64.37,62.4,25.08,24.06,24.06,101.52,79.6,66,17.2,80,3.825,12:09:46,29/01/2025,-0.73,0,0.001,0.001,0.002,0.696,0.597,1.228,1,75,0.001,2,0.058905,0,0.02923,0,0,-0.000068,standard,0,rectangular,7000,500,1,2,55537,55537,55537,0,-9999,0,0,0,0,2.459012,2.50228,1.072527,0.732586,0.271904,-0.009525,0.935472,0.177002,37.976501,0.001143,2.363673,0.000005,1,2.399535,0.000012,1,0.601056,0.600294,0.107352,0,PSF-01163_20250129121716_176,PFA-00994,PSA-00994,PSF-01163,RHS-01998,3.0.0,2025-01-13T08:33:48.201Z
325,12:17:30,29/01/2025,K_lowfl_medbth,Karina Guo,,,484,Mid,0.064328,1.902849,0.062225,0.610894,2.028464,1.994827,3.00042,0.971956,19.650322,19.981665,29.556057,0.441786,7.5,PSF-01163_20250129121730_655,0,0,0,169.072861,471.100677,0.641111,0.5,0.8,20.755604,1,63.5,62.45,25.08,24.03,24.03,101.52,79.8,79.4,0.5,81,3.824,12:09:46,29/01/2025,-0.73,0,0,0,0.006,0.442,0.375,0.75,1,75,0.001,2,0.058905,0,0.02923,0,0,-0.000068,standard,0,rectangular,7000,500,1,2,55537,55537,55537,0,-9999,0,0,0,0,2.459071,2.501101,1.073963,0.76173,0.27189,-0.009859,0.93591,0.177746,169.072861,0.00114,2.363673,0.000005,1,2.399535,0.000012,1,0.601056,0.600294,0.107352,0,PSF-01163_20250129121730_655,PFA-00994,PSA-00994,PSF-01163,RHS-01998,3.0.0,2025-01-13T08:33:48.201Z
326,12:17:56,29/01/2025,K_lowfl_medbth,Karina Guo,,,484,Mid,0.077907,1.904899,0.074846,0.765659,2.031976,1.989875,3.044568,1.012592,19.600332,20.015028,29.989092,0.441786,7.5,PSF-01163_20250129121756_95e,0,0,0,133.697388,493.754272,0.729223,0.5,0.8,26.167643,1,63.6,62.28,25.08,24.27,24.27,101.52,79.9,79.9,0.1,90,3.823,12:09:46,29/01/2025,-0.73,0,0,-0.001,-9999,-0.392,-0.752,-9999,1,75,0.001,2,0.058905,0,0.02923,0,0,-0.000068,standard,0,rectangular,7000,500,1,2,55537,55537,55537,0,-9999,0,0,0,0,2.45885,2.501231,1.074725,0.762743,0.27185,-0.007177,0.936955,0.185378,133.697388,0.001139,2.363673,0.000005,1,2.399535,0.000012,1,0.601056,0.600294,0.107352,0,PSF-01163_20250129121756_95e,PFA-00994,PSA-00994,PSF-01163,RHS-01998,3.0.0,2025-01-13T08:33:48.201Z
327,12:18:21,29/01/2025,K_lowfl_medbth,Karina Guo,,,484,Mid,0.118646,1.908664,0.111703,1.109336,2.051043,1.990211,3.034035,0.982993,19.6035,20.20269,29.88513,0.441786,7.5,PSF-01163_20250129121821_d2c,0,0,0,165.639999,506.711853,0.673108,0.5,0.8,22.849087,1,64.19,62.28,25.08,24.22,24.22,101.52,80.1,79,1.4,85,3.823,12:09:46,29/01/2025,-0.73,0,0.002,0.001,0.003,-0.153,-0.113,-0.222,1,75,0.001,2,0.058905,0,0.02923,0,0,-0.000068,standard,0,rectangular,7000,500,1,2,55537,55537,55537,0,-9999,0,0,0,0,2.458851,2.502028,1.076128,0.760766,0.271824,-0.007852,0.937842,0.181163,165.639999,0.001123,2.363673,0.000005,1,2.399535,0.000012,1,0.601056,0.600294,0.107352,0,PSF-01163_20250129121821_d2c,PFA-00994,PSA-00994,PSF-01163,RHS-01998,3.0.0,2025-01-13T08:33:48.201Z
328,12:18:48,29/01/2025,K_lowfl_medbth,Karina Guo,,,111,Mid,0.140237,1.902263,0.130608,1.239957,2.052104,1.983816,2.991965,0.939861,19.54104,20.213692,29.471539,0.441786,7.5,PSF-01163_20250129121848_b37,0,0,0,152.668121,560.160767,0.727457,0.5,0.8,24.016659,1,64.21,62.08,25.08,23.98,23.98,101.52,79.8,79.3,0.6,83,3.822,12:09:46,29/01/2025,-0.73,0,0.001,0,0.003,-0.089,-0.225,-0.605,1,75,0.001,2,0.058905,0,0.02923,0,0,-0.000068,standard,0,rectangular,7000,500,1,2,55537,55537,55537,0,-9999,0,0,0,0,2.458582,2.502065,1.073745,0.76152,0.271809,-0.010467,0.938748,0.179138,152.668121,0.001145,2.363673,0.000005,1,2.399535,0.000012,1,0.601056,0.600294,0.107352,0,PSF-01163_20250129121848_b37,PFA-00994,PSA-00994,PSF-01163,RHS-01998,3.0.0,2025-01-13T08:33:48.201Z
329,12:19:19,29/01/2025,K_lowfl_medbth,Karina Guo,,,111,Mid,0.145239,1.905397,0.134953,1.264537,2.053753,1.98426,2.981438,0.927685,19.545313,20.22983,29.367693,0.441786,7.5,PSF-01163_20250129121919_f3e,0,0,0,163.684845,585.115295,0.720252,0.5,0.8,21.604191,1,64.26,62.08,25.09,23.92,23.92,101.52,80,79.7,0.3,75,3.822,12:09:46,29/01/2025,-0.73,0,0.001,0,0.003,-0.501,-0.461,-0.753,1,75,0.001,2,0.058905,0,0.02923,0,0,-0.000068,standard,0,rectangular,7000,500,1,2,55537,55537,55537,0,-9999,0,0,0,0,2.458592,2.502127,1.074911,0.762404,0.271791,-0.01114,0.939761,0.172573,163.684845,0.001126,2.363673,0.000005,1,2.399535,0.000012,1,0.601056,0.600294,0.107352,0,PSF-01163_20250129121919_f3e,PFA-00994,PSA-00994,PSF-01163,RHS-01998,3.0.0,2025-01-13T08:33:48.201Z
330,12:19:51,29/01/2025,K_lowfl_medbth,Karina Guo,,,111,Mid,0.12449,1.901979,0.116843,1.1405,2.047261,1.984439,3.013456,0.966194,19.548138,20.166985,29.684683,0.441786,7.5,PSF-01163_20250129121951_c3b,0,0,0,149.672989,563.712708,0.734487,0.5,0.8,21.122133,1,64.03,62.07,25.09,24.1,24.1,101.52,79.8,79.5,0.3,72,3.816,12:09:46,29/01/2025,-0.73,0,0,0,0.002,-0.235,0.16,0.203,1,75,0.001,2,0.058905,0,0.02923,0,0,-0.000068,standard,0,rectangular,7000,500,1,2,55537,55537,55537,0,-9999,0,0,0,0,2.458568,2.501818,1.07364,0.761963,0.271724,-0.009224,0.940806,0.169882,149.672989,0.001145,2.363673,0.000005,1,2.399535,0.000012,1,0.601056,0.600294,0.107352,0,PSF-01163_20250129121951_c3b,PFA-00994,PSA-00994,PSF-01163,RHS-01998,3.0.0,2025-01-13T08:33:48.201Z
331,12:20:32,29/01/2025,K_lowfl_medbth,Karina Guo,,,425,High,0.070172,1.901676,0.067675,0.689527,2.025809,1.98781,3.034405,1.008596,19.580326,19.95463,29.889507,0.441786,7.5,PSF-01163_20250129122032_6a5,0,0,0,136.414642,521.890259,0.738614,0.5,0.8,20.656977,1,63.25,62.07,25.12,24.22,24.22,101.52,79.8,79.5,0.3,70,3.819,12:20:10,29/01/2025,-1.49,1,0.001,0,0.002,0.035,0.078,0.373,1,75,0.001,2,0.058905,0,0.02923,0,0,-0.000068,standard,0,rectangular,7000,500,1,2,55537,55537,55537,0,-9999,0,0,0,0,2.45856,2.501785,1.073527,0.761867,0.27141,-0.008257,0.942113,0.168163,136.414642,0.001144,2.363673,0.000005,1,2.399535,0.000012,1,0.601056,0.600294,0.107352,0,PSF-01163_20250129122032_6a5,PFA-00994,PSA-00994,PSF-01163,RHS-01998,3.0.0,2025-01-13T08:33:48.201Z
332,12:21:09,29/01/2025,K_lowfl_medbth,Karina Guo,,,425,High,0.027874,1.903002,0.027471,0.296949,2.005504,1.98915,3.075446,1.069942,19.5931,19.754183,30.2931,0.441786,7.5,PSF-01163_20250129122109_282,0,0,0,142.247559,507.82193,0.719887,0.5,0.8,18.688246,1,62.57,62.06,25.13,24.44,24.44,101.52,79.8,79.5,0.4,65,3.819,12:20:10,29/01/2025,-1.49,1,0.001,0.001,0.002,-0.028,-0.094,-0.258,1,75,0.001,2,0.058905,0,0.02923,0,0,-0.000068,standard,0,rectangular,7000,500,1,2,55537,55537,55537,0,-9999,0,0,0,0,2.458555,2.500862,1.07402,0.76197,0.271281,-0.005878,0.943267,0.163799,142.247559,0.001114,2.363673,0.000005,1,2.399535,0.000012,1,0.601056,0.600294,0.107352,0,PSF-01163_20250129122109_282,PFA-00994,PSA-00994,PSF-01163,RHS-01998,3.0.0,2025-01-13T08:33:48.201Z
333,12:21:29,29/01/2025,K_lowfl_medbth,Karina Guo,,,425,High,0.035734,1.903296,0.035076,0.365195,2.014081,1.993975,3.044747,1.030666,19.641054,19.839102,29.991373,0.441786,7.5,PSF-01163_20250129122129_13b,0,0,0,134.016037,492.861267,0.728086,0.5,0.8,17.631489,1,62.82,62.2,25.14,24.27,24.27,101.52,79.8,79.6,0.4,61,3.818,12:20:10,29/01/2025,-1.49,1,0.001,0,-9999,-0.401,-0.8,-9999,1,75,0.001,2,0.058905,0,0.02923,0,0,-0.000068,standard,0,rectangular,7000,500,1,2,55537,55537,55537,0,-9999,0,0,0,0,2.458728,2.501201,1.074129,0.762005,0.27123,-0.007808,0.94388,0.160007,134.016037,0.001131,2.363673,0.000005,1,2.399535,0.000012,1,0.601056,0.600294,0.107352,0,PSF-01163_20250129122129_13b,PFA-00994,PSA-00994,PSF-01163,RHS-01998,3.0.0,2025-01-13T08:33:48.201Z
334,12:22:51,29/01/2025,K_lowfl_medbth,Karina Guo,,,495,High,0.039969,1.901669,0.039147,0.42853,2.01404,1.990421,3.097388,1.083348,19.606146,19.838797,30.510048,0.441786,7.5,PSF-01163_20250129122251_637,0,0,0,141.624924,440.011383,0.678134,0.5,0.8,18.785929,1,62.72,61.99,25.16,24.56,24.56,101.52,79.8,76.7,3.9,69,3.818,12:20:10,29/01/2025,-1.49,1,-0.001,0,0.002,0.163,0.712,1.868,1,75,0.001,2,0.058905,0,0.02923,0,0,-0.000068,standard,0,rectangular,7000,500,1,2,55537,55537,55537,0,-9999,0,0,0,0,2.458448,2.501059,1.073525,0.755713,0.270941,-0.004897,0.946601,0.167588,141.624924,0.001134,2.363673,0.000005,1,2.399535,0.000012,1,0.601056,0.600294,0.107352,0,PSF-01163_20250129122251_637,PFA-00994,PSA-00994,PSF-01163,RHS-01998,3.0.0,2025-01-13T08:33:48.201Z
335,12:25:23,29/01/2025,K_lowfl_medbth,Karina Guo,,,621,Mid,0.027685,1.901572,0.027288,0.288429,2.000044,1.984144,3.046412,1.046368,19.544752,19.701374,30.008589,0.441786,7.5,PSF-01163_20250129122523_ffd,0,0,0,170.309906,510.481232,0.666374,0.5,0.8,19.600222,1,62.14,61.65,25.2,24.28,24.28,101.52,79.8,79.3,0.5,74,3.815,12:20:10,29/01/2025,-1.49,1,0.001,0.001,0.002,-0.166,0.01,-0.048,1,75,0.001,2,0.058905,0,0.02923,0,0,-0.000068,standard,0,rectangular,7000,500,1,2,55537,55537,55537,0,-9999,0,0,0,0,2.457997,2.500264,1.073489,0.761535,0.270521,-0.008443,0.951907,0.171308,170.309906,0.001145,2.363673,0.000005,1,2.399535,0.000012,1,0.601056,0.600294,0.107352,0,PSF-01163_20250129122523_ffd,PFA-00994,PSA-00994,PSF-01163,RHS-01998,3.0.0,2025-01-13T08:33:48.201Z
336,12:25:53,29/01/2025,K_lowfl_medbth,Karina Guo,,,621,Mid,0.028878,1.900804,0.028446,0.29583,1.999437,1.98312,3.029047,1.02961,19.53491,19.695637,29.837904,0.441786,7.5,PSF-01163_20250129122553_3f6,0,0,0,147.210007,519.353271,0.716551,0.5,0.8,21.075279,1,62.11,61.6,25.21,24.19,24.19,101.52,79.7,79.7,0.1,74,3.814,12:20:10,29/01/2025,-1.49,1,0,0,0.002,0.3,0.829,0.782,1,75,0.001,2,0.058905,0,0.02923,0,0,-0.000068,standard,0,rectangular,7000,500,1,2,55537,55537,55537,0,-9999,0,0,0,0,2.457932,2.500213,1.073204,0.762259,0.270469,-0.009564,0.952946,0.171305,147.210007,0.001138,2.363673,0.000005,1,2.399535,0.000012,1,0.601056,0.600294,0.107352,0,PSF-01163_20250129122553_3f6,PFA-00994,PSA-00994,PSF-01163,RHS-01998,3.0.0,2025-01-13T08:33:48.201Z
337,12:26:18,29/01/2025,K_lowfl_medbth,Karina Guo,,,621,Mid,0.034743,1.900895,0.03412,0.357895,2.001338,1.9816,3.039739,1.038401,19.520029,19.71446,29.943373,0.441786,7.5,PSF-01163_20250129122618_102,0,0,0,169.453735,541.235107,0.686913,0.5,0.8,18.448877,1,62.15,61.54,25.21,24.25,24.25,101.52,79.7,79.8,-0.2,67,3.814,12:20:10,29/01/2025,-1.49,1,0.001,0.001,0.004,0.628,-0.135,-0.387,1,75,0.001,2,0.058905,0,0.02923,0,0,-0.000068,standard,0,rectangular,7000,500,1,2,55537,55537,55537,0,-9999,0,0,0,0,2.457854,2.500277,1.073237,0.762625,0.270435,-0.008942,0.953864,0.165751,169.453735,0.001146,2.363673,0.000005,1,2.399535,0.000012,1,0.601056,0.600294,0.107352,0,PSF-01163_20250129122618_102,PFA-00994,PSA-00994,PSF-01163,RHS-01998,3.0.0,2025-01-13T08:33:48.201Z
338,12:26:57,29/01/2025,K_lowfl_medbth,Karina Guo,,,314,Low,0.066136,1.904192,0.063916,0.657582,2.033624,1.997451,3.051897,1.018273,19.675879,20.032204,30.062691,0.441786,7.5,PSF-01163_20250129122657_87f,0,0,0,140.730865,519.133667,0.728912,0.5,0.8,18.006483,1,63.13,62.01,25.22,24.31,24.31,101.52,79.9,69.1,13.5,62,3.812,12:20:10,29/01/2025,-1.49,1,0.001,0,0.002,0.084,0.585,1.348,1,75,0.001,2,0.058905,0,0.02923,0,0,-0.000068,standard,0,rectangular,7000,500,1,2,55537,55537,55537,0,-9999,0,0,0,0,2.458463,2.501601,1.074463,0.739294,0.27036,-0.008274,0.954999,0.161066,140.730865,0.001122,2.363673,0.000005,1,2.399535,0.000012,1,0.601056,0.600294,0.107352,0,PSF-01163_20250129122657_87f,PFA-00994,PSA-00994,PSF-01163,RHS-01998,3.0.0,2025-01-13T08:33:48.201Z
339,12:27:30,29/01/2025,K_lowfl_medbth,Karina Guo,,,314,Low,0.050767,1.901939,0.049447,0.534911,2.019091,1.989619,3.089556,1.070465,19.600569,19.890905,30.436506,0.441786,7.5,PSF-01163_20250129122730_155,0,0,0,135.201935,494.640839,0.726666,0.5,0.8,17.485491,1,62.65,61.74,25.23,24.52,24.52,101.51,79.8,79.8,-0.1,60,3.811,12:20:10,29/01/2025,-1.49,1,0,0,0.002,0.456,0.854,1.105,1,75,0.001,2,0.058905,0,0.02923,0,0,-0.000068,standard,0,rectangular,7000,500,1,2,55537,55537,55537,0,-9999,0,0,0,0,2.458107,2.500949,1.073625,0.762637,0.270278,-0.006061,0.956157,0.159673,135.201935,0.001125,2.363673,0.000005,1,2.399535,0.000012,1,0.601056,0.600294,0.107352,0,PSF-01163_20250129122730_155,PFA-00994,PSA-00994,PSF-01163,RHS-01998,3.0.0,2025-01-13T08:33:48.201Z
340,12:27:52,29/01/2025,K_lowfl_medbth,Karina Guo,,,314,Low,0.046626,1.903926,0.045511,0.476141,2.017069,1.990869,3.052598,1.035529,19.611767,19.869862,30.070715,0.441786,7.5,PSF-01163_20250129122752_e2d,0,0,0,133.688812,489.226685,0.726734,0.5,0.8,18.848675,1,62.57,61.76,25.23,24.32,24.32,101.51,79.9,69.4,13.1,65,3.784,12:20:10,29/01/2025,-1.49,1,-0.001,0,0.002,-0.065,0.058,-0.546,1,75,0.001,2,0.058905,0,0.02923,0,0,-0.000068,standard,0,rectangular,7000,500,1,2,55537,55537,55537,0,-9999,0,0,0,0,2.458139,2.500844,1.074363,0.739989,0.270237,-0.008359,0.956831,0.163747,133.688812,0.001129,2.363673,0.000005,1,2.399535,0.000012,1,0.601056,0.600294,0.107352,0,PSF-01163_20250129122752_e2d,PFA-00994,PSA-00994,PSF-01163,RHS-01998,3.0.0,2025-01-13T08:33:48.201Z
341,12:28:26,29/01/2025,K_lowfl_medbth,Karina Guo,,,648,High,0.010441,1.907458,0.010384,0.114675,1.991122,1.984826,3.084154,1.093032,19.552668,19.614697,30.38224,0.441786,7.5,PSF-01163_20250129122826_556,0,0,0,164.432648,601.655945,0.7267,0.5,0.8,18.55949,1,61.75,61.55,25.24,24.49,24.49,101.51,80.1,79.3,0.9,64,3.811,12:20:10,29/01/2025,-1.49,1,0,0,0.002,0.383,0.39,0.076,1,75,0.001,2,0.058905,0,0.02923,0,0,-0.000068,standard,0,rectangular,7000,500,1,2,55537,55537,55537,0,-9999,0,0,0,0,2.457865,2.499721,1.075678,0.761476,0.270176,-0.006497,0.95797,0.162884,164.432648,0.001132,2.363673,0.000005,1,2.399535,0.000012,1,0.601056,0.600294,0.107352,0,PSF-01163_20250129122826_556,PFA-00994,PSA-00994,PSF-01163,RHS-01998,3.0.0,2025-01-13T08:33:48.201Z
342,12:29:15,29/01/2025,K_lowfl_medbth,Karina Guo,,,648,High,0.008647,1.901663,0.008608,0.097147,1.987731,1.982376,3.10462,1.11689,19.529541,19.582298,30.585434,0.441786,7.5,PSF-01163_20250129122915_b56,0,0,0,165.916092,609.838501,0.727934,0.5,0.8,20.789183,1,61.63,61.47,25.24,24.6,24.6,101.51,79.8,79.6,0.2,71,3.81,12:20:10,29/01/2025,-1.49,1,0,0,0.001,-0.463,-0.035,4.05,1,75,0.001,2,0.058905,0,0.02923,0,0,-0.000068,standard,0,rectangular,7000,500,1,2,55537,55537,55537,0,-9999,0,0,0,0,2.457753,2.499566,1.073523,0.762131,0.27015,-0.005282,0.959481,0.169451,165.916092,0.001146,2.363673,0.000005,1,2.399535,0.000012,1,0.601056,0.600294,0.107352,0,PSF-01163_20250129122915_b56,PFA-00994,PSA-00994,PSF-01163,RHS-01998,3.0.0,2025-01-13T08:33:48.201Z
343,12:29:55,29/01/2025,K_lowfl_medbth,Karina Guo,,,648,High,0.018312,1.904797,0.018137,0.209285,1.994011,1.9825,3.135693,1.141682,19.530771,19.644175,30.891552,0.441786,7.5,PSF-01163_20250129122955_815,0,0,0,236.633423,653.511292,0.637905,0.5,0.8,17.456934,1,61.82,61.46,25.24,24.77,24.77,101.51,79.9,66.5,16.9,68,3.809,12:20:10,29/01/2025,-1.49,1,0,0,0,0.284,-0.009,7.637,1,75,0.001,2,0.058905,0,0.02923,0,0,-0.000068,standard,0,rectangular,7000,500,1,2,55537,55537,55537,0,-9999,0,0,0,0,2.457747,2.499818,1.074687,0.733668,0.270125,-0.003433,0.960632,0.166856,236.633423,0.001149,2.363673,0.000005,1,2.399535,0.000012,1,0.601056,0.600294,0.107352,0,PSF-01163_20250129122955_815,PFA-00994,PSA-00994,PSF-01163,RHS-01998,3.0.0,2025-01-13T08:33:48.201Z
344,12:30:39,29/01/2025,K_lowfl_medbth,Karina Guo,,,356,High,0.092529,1.902895,0.088238,0.897468,2.017504,1.96809,3.024259,1.006754,19.38924,19.876057,29.794405,0.441786,7.5,PSF-01163_20250129123039_091,0,0,0,119.030357,499.593628,0.761746,0.5,0.8,22.343777,1,62.53,61,25.24,24.16,24.16,101.5,79.8,75.2,5.8,73,3.809,12:20:10,29/01/2025,-1.49,1,0.001,0,0.002,-0.077,-0.039,-0.245,1,75,0.001,2,0.058905,0,0.02923,0,0,-0.000068,standard,0,rectangular,7000,500,1,2,55537,55537,55537,0,-9999,0,0,0,0,2.45714,2.500785,1.07398,0.752566,0.270078,-0.010265,0.962026,0.171132,119.030357,0.001132,2.363673,0.000005,1,2.399535,0.000012,1,0.601056,0.600294,0.107352,0,PSF-01163_20250129123039_091,PFA-00994,PSA-00994,PSF-01163,RHS-01998,3.0.0,2025-01-13T08:33:48.201Z
345,12:31:46,29/01/2025,K_lowfl_medbth,Karina Guo,,,356,High,0.117429,1.902584,0.110603,1.04089,2.028355,1.971035,2.960203,0.931848,19.417055,19.981728,29.161551,0.441786,7.5,PSF-01163_20250129123146_155,0,0,0,122.063759,524.740234,0.767383,0.5,0.8,26.878265,1,62.76,60.98,25.27,23.81,23.81,101.51,79.8,66,17.3,88,3.807,12:30:58,29/01/2025,-1.43,1,0,0.001,0.001,-0.329,-0.445,-1.365,1,75,0.001,2,0.058905,0,0.02923,0,0,-0.000068,standard,0,rectangular,7000,500,1,2,55537,55537,55537,0,-9999,0,0,0,0,2.457111,2.501005,1.073865,0.732765,0.269757,-0.014577,0.964023,0.183512,122.063759,0.001136,2.363673,0.000005,1,2.399535,0.000012,1,0.601056,0.600294,0.107352,0,PSF-01163_20250129123146_155,PFA-00994,PSA-00994,PSF-01163,RHS-01998,3.0.0,2025-01-13T08:33:48.201Z
346,12:32:24,29/01/2025,K_lowfl_medbth,Karina Guo,,,356,High,0.110645,1.901682,0.104561,1.042462,2.031955,1.974516,3.018792,0.986837,19.451925,20.017776,29.739594,0.441786,7.5,PSF-01163_20250129123224_a5a,0,0,0,121.042015,520.869629,0.767615,0.5,0.8,26.939829,1,62.88,61.1,25.27,24.13,24.13,101.51,79.8,74.8,6.2,88,3.807,12:30:58,29/01/2025,-1.43,1,0.001,0.001,0.002,-0.07,-0.007,-0.132,1,75,0.001,2,0.058905,0,0.02923,0,0,-0.000068,standard,0,rectangular,7000,500,1,2,55537,55537,55537,0,-9999,0,0,0,0,2.457268,2.501173,1.073529,0.751724,0.269789,-0.010904,0.965179,0.183663,121.042015,0.001148,2.363673,0.000005,1,2.399535,0.000012,1,0.601056,0.600294,0.107352,0,PSF-01163_20250129123224_a5a,PFA-00994,PSA-00994,PSF-01163,RHS-01998,3.0.0,2025-01-13T08:33:48.201Z
347,12:32:55,29/01/2025,K_lowfl_medbth,Karina Guo,,,186,Mid,0.058596,1.902153,0.056845,0.625697,2.01566,1.98119,3.10481,1.089149,19.517141,19.856718,30.586168,0.441786,7.5,PSF-01163_20250129123255_c4a,0,0,0,136.337753,391.234528,0.651519,0.5,0.8,26.288946,1,62.37,61.31,25.27,24.6,24.6,101.51,79.8,77.9,2.4,101,3.806,12:30:58,29/01/2025,-1.43,1,0.001,0,0.003,0.236,0.429,0.808,1,75,0.001,2,0.058905,0,0.02923,0,0,-0.000068,standard,0,rectangular,7000,500,1,2,55537,55537,55537,0,-9999,0,0,0,0,2.457538,2.500487,1.073705,0.758287,0.269788,-0.005648,0.96621,0.195089,136.337753,0.001135,2.363673,0.000005,1,2.399535,0.000012,1,0.601056,0.600294,0.107352,0,PSF-01163_20250129123255_c4a,PFA-00994,PSA-00994,PSF-01163,RHS-01998,3.0.0,2025-01-13T08:33:48.201Z
348,12:33:34,29/01/2025,K_lowfl_medbth,Karina Guo,,,186,Mid,0.085124,1.899465,0.081472,0.855996,2.023045,1.975808,3.062773,1.039727,19.465565,19.930943,30.174286,0.441786,7.5,PSF-01163_20250129123334_7b4,0,0,0,108.307243,358.00589,0.697471,0.5,0.8,24.994976,1,62.61,61.14,25.27,24.37,24.37,101.5,79.6,79.4,0.3,90,3.805,12:30:58,29/01/2025,-1.43,1,0,0,0.002,-0.041,-0.304,-0.674,1,75,0.001,2,0.058905,0,0.02923,0,0,-0.000068,standard,0,rectangular,7000,500,1,2,55537,55537,55537,0,-9999,0,0,0,0,2.457324,2.500802,1.072707,0.761734,0.269797,-0.008195,0.967563,0.185274,108.307243,0.001138,2.363673,0.000005,1,2.399535,0.000012,1,0.601056,0.600294,0.107352,0,PSF-01163_20250129123334_7b4,PFA-00994,PSA-00994,PSF-01163,RHS-01998,3.0.0,2025-01-13T08:33:48.201Z
349,12:34:09,29/01/2025,K_lowfl_medbth,Karina Guo,,,186,Mid,0.067651,1.901614,0.065327,0.706628,2.020013,1.981073,3.090339,1.070326,19.516811,19.900434,30.444893,0.441786,7.5,PSF-01163_20250129123409_40a,0,0,0,125.276688,378.430359,0.668957,0.5,0.8,25.541338,1,62.49,61.29,25.28,24.52,24.52,101.51,79.8,78.9,1,95,3.804,12:30:58,29/01/2025,-1.43,1,0.001,0.001,0.002,0.017,0.462,2.103,1,75,0.001,2,0.058905,0,0.02923,0,0,-0.000068,standard,0,rectangular,7000,500,1,2,55537,55537,55537,0,-9999,0,0,0,0,2.45751,2.500646,1.073504,0.760624,0.269738,-0.006578,0.96868,0.190372,125.276688,0.001143,2.363673,0.000005,1,2.399535,0.000012,1,0.601056,0.600294,0.107352,0,PSF-01163_20250129123409_40a,PFA-00994,PSA-00994,PSF-01163,RHS-01998,3.0.0,2025-01-13T08:33:48.201Z
350,12:34:41,29/01/2025,K_lowfl_medbth,Karina Guo,,,331,Mid,0.027915,1.901443,0.027511,0.313475,1.997117,1.979838,3.124408,1.127291,19.506805,19.677046,30.783939,0.441786,7.5,PSF-01163_20250129123441_9ad,0,0,0,154.299622,379.500732,0.593414,0.5,0.8,25.906857,1,61.75,61.21,25.29,24.71,24.71,101.49,79.7,73.5,7.8,109,3.803,12:30:58,29/01/2025,-1.43,1,0,0,0,-0.869,-0.548,4.796,1,75,0.001,2,0.058905,0,0.02923,0,0,-0.000068,standard,0,rectangular,7000,500,1,2,55537,55537,55537,0,-9999,0,0,0,0,2.457412,2.499634,1.073441,0.748871,0.269635,-0.004624,0.969658,0.20228,154.299622,0.001132,2.363673,0.000005,1,2.399535,0.000012,1,0.601056,0.600294,0.107352,0,PSF-01163_20250129123441_9ad,PFA-00994,PSA-00994,PSF-01163,RHS-01998,3.0.0,2025-01-13T08:33:48.201Z
351,12:35:39,29/01/2025,K_lowfl_medbth,Karina Guo,,,331,Mid,0.030763,1.905182,0.030274,0.346227,1.992335,1.973299,3.123826,1.131491,19.442371,19.629932,30.778202,0.441786,7.5,PSF-01163_20250129123539_26d,0,0,0,130.22876,363.246552,0.641487,0.5,0.8,25.71722,1,61.53,60.94,25.31,24.7,24.7,101.49,80,79.7,0.4,100,3.802,12:30:58,29/01/2025,-1.43,1,0,0.001,0,0.401,0.861,2.087,1,75,0.001,2,0.058905,0,0.02923,0,0,-0.000068,standard,0,rectangular,7000,500,1,2,55537,55537,55537,0,-9999,0,0,0,0,2.457051,2.499333,1.074831,0.762224,0.269427,-0.004876,0.97173,0.194523,130.22876,0.001134,2.363673,0.000005,1,2.399535,0.000012,1,0.601056,0.600294,0.107352,0,PSF-01163_20250129123539_26d,PFA-00994,PSA-00994,PSF-01163,RHS-01998,3.0.0,2025-01-13T08:33:48.201Z
352,12:36:16,29/01/2025,K_lowfl_medbth,Karina Guo,,,331,Mid,0.038213,1.903688,0.037461,0.43806,1.989859,1.965748,3.146718,1.156859,19.367598,19.605154,31.003139,0.441786,7.5,PSF-01163_20250129123616_4cf,0,0,0,133.834717,508.058655,0.736576,0.5,0.8,31.106945,1,61.39,60.65,25.32,24.83,24.83,101.5,79.9,77.9,2.5,106,3.802,12:30:58,29/01/2025,-1.43,1,0,-0.001,0.001,0.384,0.675,0.773,1,75,0.001,2,0.058905,0,0.02923,0,0,-0.000068,standard,0,rectangular,7000,500,1,2,55537,55537,55537,0,-9999,0,0,0,0,2.456663,2.499143,1.074275,0.758349,0.269247,-0.003689,0.972982,0.19918,133.834717,0.001121,2.363673,0.000005,1,2.399535,0.000012,1,0.601056,0.600294,0.107352,0,PSF-01163_20250129123616_4cf,PFA-00994,PSA-00994,PSF-01163,RHS-01998,3.0.0,2025-01-13T08:33:48.201Z
353,12:36:46,29/01/2025,K_lowfl_medbth,Karina Guo,,,197,High,0.01324,1.903078,0.013149,0.152319,1.975898,1.967509,3.122224,1.146326,19.383753,19.4664,30.759922,0.441786,7.5,PSF-01163_20250129123646_a6d,0,0,0,181.19574,316.206329,0.42697,0.5,0.8,16.485353,1,60.91,60.66,25.33,24.69,24.69,101.5,79.8,79.6,0.3,97,3.801,12:30:58,29/01/2025,-1.43,1,0,0,0.003,0.319,0.949,-0.277,1,75,0.001,2,0.058905,0,0.02923,0,0,-0.000068,standard,0,rectangular,7000,500,1,2,55537,55537,55537,0,-9999,0,0,0,0,2.456671,2.498491,1.074048,0.762118,0.269109,-0.005305,0.973871,0.191305,181.19574,0.001122,2.363673,0.000005,1,2.399535,0.000012,1,0.601056,0.600294,0.107352,0,PSF-01163_20250129123646_a6d,PFA-00994,PSA-00994,PSF-01163,RHS-01998,3.0.0,2025-01-13T08:33:48.201Z
354,12:37:24,29/01/2025,K_lowfl_medbth,Karina Guo,,,197,High,0.013506,1.903113,0.013411,0.160143,1.984019,1.9752,3.165236,1.181217,19.460724,19.547607,31.185587,0.441786,7.5,PSF-01163_20250129123724_e6f,0,0,0,192.124847,452.705017,0.575607,0.5,0.8,18.630404,1,61.12,60.84,25.35,24.92,24.92,101.5,79.8,79.6,0.2,81,3.8,12:30:58,29/01/2025,-1.43,1,-0.001,0,0.001,-0.148,0.276,1.478,1,75,0.001,2,0.058905,0,0.02923,0,0,-0.000068,standard,0,rectangular,7000,500,1,2,55537,55537,55537,0,-9999,0,0,0,0,2.456915,2.498763,1.074061,0.762193,0.268964,-0.002876,0.975264,0.177729,192.124847,0.001151,2.363673,0.000005,1,2.399535,0.000012,1,0.601056,0.600294,0.107352,0,PSF-01163_20250129123724_e6f,PFA-00994,PSA-00994,PSF-01163,RHS-01998,3.0.0,2025-01-13T08:33:48.201Z
355,12:37:44,29/01/2025,K_lowfl_medbth,Karina Guo,,,197,High,0.01023,1.898625,0.010176,0.121654,1.985163,1.978444,3.1678,1.182637,19.49268,19.558882,31.210854,0.441786,7.5,PSF-01163_20250129123744_e89,0,0,0,188.390137,369.162811,0.489683,0.5,0.8,14.229922,1,61.12,60.91,25.36,24.94,24.94,101.5,79.6,79.5,0.1,73,3.8,12:30:58,29/01/2025,-1.43,1,0,0,0.001,0.278,0.997,2.415,1,75,0.001,2,0.058905,0,0.02923,0,0,-0.000068,standard,0,rectangular,7000,500,1,2,55537,55537,55537,0,-9999,0,0,0,0,2.457002,2.498765,1.072395,0.761976,0.26887,-0.002822,0.975838,0.170538,188.390137,0.001128,2.363673,0.000005,1,2.399535,0.000012,1,0.601056,0.600294,0.107352,0,PSF-01163_20250129123744_e89,PFA-00994,PSA-00994,PSF-01163,RHS-01998,3.0.0,2025-01-13T08:33:48.201Z
357,12:39:11,29/01/2025,K_lowfl_medbth,Karina Guo,,,117,High,0.025367,1.905915,0.025034,0.289973,1.986758,1.970821,3.132795,1.146037,19.417002,19.574018,30.865053,0.441786,7.5,PSF-01163_20250129123911_946,0,0,0,188.461304,419.320099,0.550555,0.5,0.8,16.864422,1,61.07,60.58,25.38,24.75,24.75,101.5,80,79.7,0.3,77,3.799,12:30:58,29/01/2025,-1.43,1,0,0,0.001,-0.034,0.022,1.942,1,75,0.001,2,0.058905,0,0.02923,0,0,-0.000068,standard,0,rectangular,7000,500,1,2,55537,55537,55537,0,-9999,0,0,0,0,2.456567,2.498699,1.075104,0.762374,0.268592,-0.005211,0.978547,0.173957,188.461304,0.001128,2.363673,0.000005,1,2.399535,0.000012,1,0.601056,0.600294,0.107352,0,PSF-01163_20250129123911_946,PFA-00994,PSA-00994,PSF-01163,RHS-01998,3.0.0,2025-01-13T08:33:48.201Z
358,12:39:55,29/01/2025,K_lowfl_medbth,Karina Guo,,,117,High,0.036887,1.902107,0.036186,0.414661,2.003207,1.980362,3.136853,1.133645,19.511293,19.736372,30.905483,0.441786,7.5,PSF-01163_20250129123955_e5d,0,0,0,191.207886,583.835388,0.672497,0.5,0.8,19.893696,1,61.53,60.83,25.4,24.77,24.77,101.5,79.8,79.1,0.8,74,3.798,12:30:58,29/01/2025,-1.43,1,0.001,0,0.001,-0.057,-0.497,-3.27,1,75,0.001,2,0.058905,0,0.02923,0,0,-0.000068,standard,0,rectangular,7000,500,1,2,55537,55537,55537,0,-9999,0,0,0,0,2.456886,2.499318,1.073688,0.761066,0.268449,-0.005117,0.979897,0.171674,191.207886,0.001133,2.363673,0.000005,1,2.399535,0.000012,1,0.601056,0.600294,0.107352,0,PSF-01163_20250129123955_e5d,PFA-00994,PSA-00994,PSF-01163,RHS-01998,3.0.0,2025-01-13T08:33:48.201Z
359,12:40:35,29/01/2025,K_lowfl_medbth,Karina Guo,,,117,High,0.042783,1.904861,0.041843,0.466461,2.001439,1.975786,3.104513,1.103075,19.465395,19.718122,30.585583,0.441786,7.5,PSF-01163_20250129124035_46e,0,0,0,190.418961,602.336914,0.683866,0.5,0.8,24.723959,1,61.43,60.64,25.41,24.6,24.6,101.5,79.9,79.5,0.5,90,3.797,12:30:58,29/01/2025,-1.43,1,0.001,0.001,0.002,-0.016,-0.163,-0.691,1,75,0.001,2,0.058905,0,0.02923,0,0,-0.000068,standard,0,rectangular,7000,500,1,2,55537,55537,55537,0,-9999,0,0,0,0,2.456635,2.499175,1.074711,0.761911,0.268304,-0.00722,0.981081,0.185963,190.418961,0.001137,2.363673,0.000005,1,2.399535,0.000012,1,0.601056,0.600294,0.107352,0,PSF-01163_20250129124035_46e,PFA-00994,PSA-00994,PSF-01163,RHS-01998,3.0.0,2025-01-13T08:33:48.201Z
360,12:41:14,29/01/2025,K_lowfl_medbth,Karina Guo,,,377,Low,0.049234,1.906041,0.047994,0.533344,2.001004,1.971696,3.100627,1.099623,19.424955,19.713688,30.547068,0.441786,7.5,PSF-01163_20250129124114_f6b,0,0,0,154.363281,506.671082,0.695338,0.5,0.8,24.941885,1,61.37,60.47,25.42,24.58,24.58,101.5,80,79.1,1.2,90,3.795,12:30:58,29/01/2025,-1.43,1,0,-0.001,-0.002,-0.26,-0.532,-0.137,1,75,0.001,2,0.058905,0,0.02923,0,0,-0.000068,standard,0,rectangular,7000,500,1,2,55537,55537,55537,0,-9999,0,0,0,0,2.456415,2.499099,1.07515,0.760944,0.268185,-0.007581,0.982291,0.185347,154.363281,0.001159,2.363673,0.000005,1,2.399535,0.000012,1,0.601056,0.600294,0.107352,0,PSF-01163_20250129124114_f6b,PFA-00994,PSA-00994,PSF-01163,RHS-01998,3.0.0,2025-01-13T08:33:48.201Z
361,12:42:00,29/01/2025,K_lowfl_medbth,Karina Guo,,,377,Low,0.049449,1.904717,0.048198,0.538851,2.005021,1.975387,3.11116,1.106139,19.46242,19.754385,30.652578,0.441786,7.5,PSF-01163_20250129124200_9d6,0,0,0,143.83757,504.052887,0.714638,0.5,0.8,29.652233,1,61.36,60.45,25.46,24.64,24.64,101.5,79.9,79.3,0.7,104,3.794,12:41:41,29/01/2025,-1.44,1,0,0.001,0.002,-0.327,-0.26,-0.226,1,75,0.001,2,0.058905,0,0.02923,0,0,-0.000068,standard,0,rectangular,7000,500,1,2,55537,55537,55537,0,-9999,0,0,0,0,2.456383,2.499094,1.074658,0.761511,0.267792,-0.007357,0.983602,0.197573,143.83757,0.001117,2.363673,0.000005,1,2.399535,0.000012,1,0.601056,0.600294,0.107352,0,PSF-01163_20250129124200_9d6,PFA-00994,PSA-00994,PSF-01163,RHS-01998,3.0.0,2025-01-13T08:33:48.201Z
362,12:42:27,29/01/2025,K_lowfl_medbth,Karina Guo,,,377,Low,0.057059,1.904963,0.0554,0.629465,2.005077,1.970468,3.129088,1.124011,19.414862,19.755869,30.83066,0.441786,7.5,PSF-01163_20250129124227_c38,0,0,0,139.557129,298.779846,0.53291,0.5,0.8,21.043839,1,61.32,60.26,25.47,24.73,24.73,101.49,79.9,79.4,0.7,99,3.794,12:41:41,29/01/2025,-1.44,1,0,0.001,0.002,0.308,0.763,2.367,1,75,0.001,2,0.058905,0,0.02923,0,0,-0.000068,standard,0,rectangular,7000,500,1,2,55537,55537,55537,0,-9999,0,0,0,0,2.456125,2.499032,1.074749,0.76161,0.267661,-0.006414,0.984383,0.193215,139.557129,0.001138,2.363673,0.000005,1,2.399535,0.000012,1,0.601056,0.600294,0.107352,0,PSF-01163_20250129124227_c38,PFA-00994,PSA-00994,PSF-01163,RHS-01998,3.0.0,2025-01-13T08:33:48.201Z
363,12:42:58,29/01/2025,K_lowfl_medbth,Karina Guo,,,261,Mid,0.028381,1.903831,0.027964,0.309783,1.991548,1.974499,3.087784,1.096236,19.453911,19.621885,30.422638,0.441786,7.5,PSF-01163_20250129124258_6a7,0,0,0,178.927658,503.450287,0.644597,0.5,0.8,24.829655,1,60.88,60.36,25.48,24.51,24.51,101.5,79.9,79.4,0.7,96,3.794,12:41:41,29/01/2025,-1.44,1,0.001,0,0.004,-0.136,-0.357,-2.516,1,75,0.001,2,0.058905,0,0.02923,0,0,-0.000068,standard,0,rectangular,7000,500,1,2,55537,55537,55537,0,-9999,0,0,0,0,2.45625,2.498432,1.074328,0.761564,0.267581,-0.008995,0.985235,0.191108,178.927658,0.001134,2.363673,0.000005,1,2.399535,0.000012,1,0.601056,0.600294,0.107352,0,PSF-01163_20250129124258_6a7,PFA-00994,PSA-00994,PSF-01163,RHS-01998,3.0.0,2025-01-13T08:33:48.201Z
364,12:43:58,29/01/2025,K_lowfl_medbth,Karina Guo,,,261,Mid,0.029782,1.903317,0.029324,0.34154,1.994806,1.976005,3.146915,1.15211,19.470379,19.65563,31.007835,0.441786,7.5,PSF-01163_20250129124358_220,0,0,0,162.809021,497.140656,0.672509,0.5,0.8,28.063251,1,60.93,60.36,25.49,24.83,24.83,101.49,79.8,79.6,0.3,104,3.793,12:41:41,29/01/2025,-1.44,1,0,0.001,0.002,0.362,0.715,1.093,1,75,0.001,2,0.058905,0,0.02923,0,0,-0.000068,standard,0,rectangular,7000,500,1,2,55537,55537,55537,0,-9999,0,0,0,0,2.456249,2.498503,1.074137,0.76208,0.267448,-0.005568,0.987115,0.198087,162.809021,0.001135,2.363673,0.000005,1,2.399535,0.000012,1,0.601056,0.600294,0.107352,0,PSF-01163_20250129124358_220,PFA-00994,PSA-00994,PSF-01163,RHS-01998,3.0.0,2025-01-13T08:33:48.201Z
365,12:44:38,29/01/2025,K_lowfl_medbth,Karina Guo,,,261,Mid,0.019343,1.902602,0.019149,0.22611,1.994907,1.982453,3.162894,1.167987,19.532955,19.655657,31.163736,0.441786,7.5,PSF-01163_20250129124438_970,0,0,0,169.873596,465.696564,0.635227,0.5,0.8,26.147461,1,60.9,60.52,25.5,24.91,24.91,101.49,79.8,79.7,0.2,103,3.791,12:41:41,29/01/2025,-1.44,1,0,0,0.004,0.37,0.634,0.692,1,75,0.001,2,0.058905,0,0.02923,0,0,-0.000068,standard,0,rectangular,7000,500,1,2,55537,55537,55537,0,-9999,0,0,0,0,2.456464,2.498462,1.073871,0.762226,0.267353,-0.004711,0.988399,0.196855,169.873596,0.001157,2.363673,0.000005,1,2.399535,0.000012,1,0.601056,0.600294,0.107352,0,PSF-01163_20250129124438_970,PFA-00994,PSA-00994,PSF-01163,RHS-01998,3.0.0,2025-01-13T08:33:48.201Z
366,12:46:30,29/01/2025,K_lowfl_medbth,Karina Guo,,,620,Low,0.089373,1.907493,0.085373,0.870658,2.022268,1.974492,3.031445,1.009177,19.456482,19.927259,29.871607,0.441786,7.5,PSF-01163_20250129124630_f79,0,0,0,175.319916,648.510559,0.729658,0.5,0.8,30.064341,1,61.61,60.15,25.54,24.2,24.2,101.48,80.1,79.5,0.7,103,3.789,12:41:41,29/01/2025,-1.44,1,0.001,0.001,0.004,0.33,0.716,0.787,1,75,0.001,2,0.058905,0,0.02923,0,0,-0.000068,standard,0,rectangular,7000,500,1,2,55537,55537,55537,0,-9999,0,0,0,0,2.455968,2.499412,1.075691,0.761954,0.266968,-0.013086,0.991685,0.196944,175.319916,0.00112,2.363673,0.000005,1,2.399535,0.000012,1,0.601056,0.600294,0.107352,0,PSF-01163_20250129124630_f79,PFA-00994,PSA-00994,PSF-01163,RHS-01998,3.0.0,2025-01-13T08:33:48.201Z
367,12:48:06,29/01/2025,K_lowfl_medbth,Karina Guo,,,620,Low,0.038804,1.903675,0.038029,0.449224,1.991981,1.967263,3.160149,1.168168,19.388252,19.631859,31.144676,0.441786,7.5,PSF-01163_20250129124806_280,0,0,0,163.211349,620.786926,0.73709,0.5,0.8,33.212227,1,60.6,59.85,25.56,24.9,24.9,101.47,79.9,79.7,0.2,113,3.786,12:41:41,29/01/2025,-1.44,1,0,0,0.003,0.717,0.953,1.475,1,75,0.001,2,0.058905,0,0.02923,0,0,-0.000068,standard,0,rectangular,7000,500,1,2,55537,55537,55537,0,-9999,0,0,0,0,2.455571,2.498044,1.07427,0.762337,0.266732,-0.005533,0.994887,0.205327,163.211349,0.001133,2.363673,0.000005,1,2.399535,0.000012,1,0.601056,0.600294,0.107352,0,PSF-01163_20250129124806_280,PFA-00994,PSA-00994,PSF-01163,RHS-01998,3.0.0,2025-01-13T08:33:48.201Z
368,12:50:13,29/01/2025,K_lowfl_medbth,Karina Guo,,,620,Low,0.120691,1.902851,0.113492,1.131493,2.036735,1.974474,3.023038,0.986304,19.460756,20.074409,29.795591,0.441786,7.5,PSF-01163_20250129125013_728,0,0,0,139.590744,578.039673,0.75851,0.5,0.8,37.47966,1,61.87,59.98,25.58,24.16,24.16,101.46,79.8,79.5,0.4,124,3.785,12:41:41,29/01/2025,-1.44,1,0.001,0.001,0.002,-0.278,-0.269,-0.837,1,75,0.001,2,0.058905,0,0.02923,0,0,-0.000068,standard,0,rectangular,7000,500,1,2,55537,55537,55537,0,-9999,0,0,0,0,2.45573,2.499758,1.073964,0.761856,0.26645,-0.014151,0.998581,0.214793,139.590744,0.001133,2.363673,0.000005,1,2.399535,0.000012,1,0.601056,0.600294,0.107352,0,PSF-01163_20250129125013_728,PFA-00994,PSA-00994,PSF-01163,RHS-01998,3.0.0,2025-01-13T08:33:48.201Z
369,12:51:05,29/01/2025,K_lowfl_medbth,Karina Guo,,,502,High,0.079584,1.899918,0.076384,0.88784,2.023974,1.975018,3.173042,1.149068,19.466503,19.949036,31.274673,0.441786,7.5,PSF-01163_20250129125105_e28,0,0,0,137.961395,364.669189,0.621681,0.5,0.8,31.259008,1,61.43,59.94,25.6,24.96,24.96,101.46,79.7,79.2,0.5,126,3.783,12:41:41,29/01/2025,-1.44,1,-0.001,0,0.002,-0.227,-0.473,-0.971,1,75,0.001,2,0.058905,0,0.02923,0,0,-0.000068,standard,0,rectangular,7000,500,1,2,55537,55537,55537,0,-9999,0,0,0,0,2.455681,2.499156,1.072875,0.761306,0.266296,-0.005225,1.000023,0.216683,137.961395,0.00113,2.363673,0.000005,1,2.399535,0.000012,1,0.601056,0.600294,0.107352,0,PSF-01163_20250129125105_e28,PFA-00994,PSA-00994,PSF-01163,RHS-01998,3.0.0,2025-01-13T08:33:48.201Z
370,12:53:01,29/01/2025,K_lowfl_medbth,Karina Guo,,,502,High,0.068508,1.91026,0.066136,0.771377,2.023263,1.98103,3.176175,1.152912,19.527636,19.943943,31.308558,0.441786,7.5,PSF-01163_20250129125301_0dd,0,0,0,142.492172,433.676727,0.671432,0.5,0.8,28.22052,1,61.15,59.87,25.67,24.98,24.98,101.45,80.2,79.8,0.5,105,3.782,12:52:36,29/01/2025,-1.46,1,0,0.001,0.003,-0.107,-0.294,-0.735,1,75,0.001,2,0.058905,0,0.02923,0,0,-0.000068,standard,0,rectangular,7000,500,1,2,55537,55537,55537,0,-9999,0,0,0,0,2.455575,2.498782,1.076723,0.762637,0.265547,-0.005835,1.00339,0.198742,142.492172,0.001133,2.363673,0.000005,1,2.399535,0.000012,1,0.601056,0.600294,0.107352,0,PSF-01163_20250129125301_0dd,PFA-00994,PSA-00994,PSF-01163,RHS-01998,3.0.0,2025-01-13T08:33:48.201Z
372,12:55:25,29/01/2025,K_lowfl_medbth,Karina Guo,,,32,Mid,0.055037,1.905898,0.053493,0.602246,1.999361,1.966281,3.112765,1.113404,19.381582,19.707651,30.682449,0.441786,7.5,PSF-01163_20250129125525_3c0,0,0,0,172.468536,609.27594,0.716929,0.5,0.8,24.105373,1,60.33,59.33,25.7,24.64,24.64,101.45,80,79.6,0.5,84,3.78,12:52:36,29/01/2025,-1.46,1,0,0,0.003,0.286,0.64,1.906,1,75,0.001,2,0.058905,0,0.02923,0,0,-0.000068,standard,0,rectangular,7000,500,1,2,55537,55537,55537,0,-9999,0,0,0,0,2.454855,2.497657,1.075097,0.762051,0.26525,-0.009954,1.007491,0.180462,172.468536,0.001138,2.363673,0.000005,1,2.399535,0.000012,1,0.601056,0.600294,0.107352,0,PSF-01163_20250129125525_3c0,PFA-00994,PSA-00994,PSF-01163,RHS-01998,3.0.0,2025-01-13T08:33:48.201Z
373,12:56:02,29/01/2025,K_lowfl_medbth,Karina Guo,,,32,Mid,0.038303,1.906028,0.037549,0.435276,2.004343,1.980437,3.150563,1.14622,19.520445,19.756081,31.053953,0.441786,7.5,PSF-01163_20250129125602_bc8,0,0,0,168.733124,573.185913,0.705622,0.5,0.8,27.731009,1,60.46,59.74,25.7,24.85,24.85,101.45,80,79.5,0.6,98,3.778,12:52:36,29/01/2025,-1.46,1,0,0.001,0.003,-0.201,-0.236,-1.223,1,75,0.001,2,0.058905,0,0.02923,0,0,-0.000068,standard,0,rectangular,7000,500,1,2,55537,55537,55537,0,-9999,0,0,0,0,2.455393,2.497838,1.075146,0.761856,0.2652,-0.007734,1.008623,0.192805,168.733124,0.001139,2.363673,0.000005,1,2.399535,0.000012,1,0.601056,0.600294,0.107352,0,PSF-01163_20250129125602_bc8,PFA-00994,PSA-00994,PSF-01163,RHS-01998,3.0.0,2025-01-13T08:33:48.201Z
374,12:56:35,29/01/2025,K_lowfl_medbth,Karina Guo,,,32,Mid,0.068508,1.905505,0.066131,0.723908,2.023047,1.983283,3.105526,1.08248,19.549122,19.941072,30.611023,0.441786,7.5,PSF-01163_20250129125635_8b7,0,0,0,185.011978,608.66156,0.696035,0.5,0.8,26.726868,1,60.99,59.8,25.71,24.6,24.6,101.45,80,79.5,0.6,96,3.777,12:52:36,29/01/2025,-1.46,1,0,0.001,0.003,0.008,-0.323,-0.218,1,75,0.001,2,0.058905,0,0.02923,0,0,-0.000068,standard,0,rectangular,7000,500,1,2,55537,55537,55537,0,-9999,0,0,0,0,2.455467,2.498565,1.074951,0.761799,0.265117,-0.010534,1.009499,0.190846,185.011978,0.001131,2.363673,0.000005,1,2.399535,0.000012,1,0.601056,0.600294,0.107352,0,PSF-01163_20250129125635_8b7,PFA-00994,PSA-00994,PSF-01163,RHS-01998,3.0.0,2025-01-13T08:33:48.201Z
375,12:58:02,29/01/2025,K_lowfl_medbth,Karina Guo,,,15,Low,0.113585,1.901419,0.107183,1.104108,2.03913,1.978324,3.05794,1.01881,19.500336,20.099705,30.142117,0.441786,7.5,PSF-01163_20250129125802_1d8,0,0,0,164.758804,616.634155,0.732809,0.5,0.8,26.192089,1,61.39,59.56,25.73,24.35,24.35,101.45,79.7,77,3.5,89,3.775,12:52:36,29/01/2025,-1.46,1,0.001,0.001,0.003,-0.148,-0.112,-0.229,1,75,0.001,2,0.058905,0,0.02923,0,0,-0.000068,standard,0,rectangular,7000,500,1,2,55537,55537,55537,0,-9999,0,0,0,0,2.455154,2.4991,1.073432,0.756345,0.264861,-0.013699,1.011783,0.185069,164.758804,0.001142,2.363673,0.000005,1,2.399535,0.000012,1,0.601056,0.600294,0.107352,0,PSF-01163_20250129125802_1d8,PFA-00994,PSA-00994,PSF-01163,RHS-01998,3.0.0,2025-01-13T08:33:48.201Z
376,12:58:53,29/01/2025,K_lowfl_medbth,Karina Guo,,,15,Low,0.090507,1.899414,0.08639,0.894307,2.021135,1.971805,3.04517,1.024035,19.435213,19.921442,30.014906,0.441786,7.5,PSF-01163_20250129125853_19e,0,0,0,158.389099,575.112793,0.724595,0.5,0.8,26.629389,1,60.79,59.31,25.75,24.28,24.28,101.46,79.6,79.2,0.6,92,3.776,12:52:36,29/01/2025,-1.46,1,0,0,0.005,-0.203,-0.355,-0.683,1,75,0.001,2,0.058905,0,0.02923,0,0,-0.000068,standard,0,rectangular,7000,500,1,2,55537,55537,55537,0,-9999,0,0,0,0,2.454824,2.498287,1.072688,0.761146,0.264703,-0.01465,1.013248,0.187262,158.389099,0.001151,2.363673,0.000005,1,2.399535,0.000012,1,0.601056,0.600294,0.107352,0,PSF-01163_20250129125853_19e,PFA-00994,PSA-00994,PSF-01163,RHS-01998,3.0.0,2025-01-13T08:33:48.201Z
377,12:59:28,29/01/2025,K_lowfl_medbth,Karina Guo,,,15,Low,0.154275,1.90629,0.142725,1.370476,2.051561,1.976346,3.001418,0.949857,19.481565,20.222984,29.586073,0.441786,7.5,PSF-01163_20250129125928_9f2,0,0,0,144.498825,564.052124,0.74382,0.5,0.8,28.255798,1,61.67,59.41,25.76,24.04,24.04,101.45,80,79.4,0.7,95,3.775,12:52:36,29/01/2025,-1.46,1,0.001,0.001,0.004,-0.1,-0.289,-0.468,1,75,0.001,2,0.058905,0,0.02923,0,0,-0.000068,standard,0,rectangular,7000,500,1,2,55537,55537,55537,0,-9999,0,0,0,0,2.454957,2.499482,1.075243,0.761705,0.264601,-0.017452,1.014272,0.189951,144.498825,0.001155,2.363673,0.000005,1,2.399535,0.000012,1,0.601056,0.600294,0.107352,0,PSF-01163_20250129125928_9f2,PFA-00994,PSA-00994,PSF-01163,RHS-01998,3.0.0,2025-01-13T08:33:48.201Z
378,12:59:59,29/01/2025,K_lowfl_medbth,Karina Guo,,,42,High,0.031287,1.904776,0.030781,0.356836,1.994308,1.974692,3.140606,1.146298,19.464928,19.658283,30.957565,0.441786,7.5,PSF-01163_20250129125959_b1d,0,0,0,168.043259,587.624451,0.714029,0.5,0.8,27.536341,1,59.92,59.33,25.77,24.79,24.79,101.45,79.9,79.6,0.4,96,3.775,12:52:36,29/01/2025,-1.46,1,0.001,0.001,0.003,0.048,0.05,0.411,1,75,0.001,2,0.058905,0,0.02923,0,0,-0.000068,standard,0,rectangular,7000,500,1,2,55537,55537,55537,0,-9999,0,0,0,0,2.454843,2.497089,1.07468,0.762096,0.264495,-0.009084,1.015129,0.191206,168.043259,0.001143,2.363673,0.000005,1,2.399535,0.000012,1,0.601056,0.600294,0.107352,0,PSF-01163_20250129125959_b1d,PFA-00994,PSA-00994,PSF-01163,RHS-01998,3.0.0,2025-01-13T08:33:48.201Z
379,13:00:46,29/01/2025,K_lowfl_medbth,Karina Guo,,,42,High,0.016644,1.899624,0.016499,0.203227,1.967518,1.956305,3.185322,1.217804,19.28434,19.394876,31.399418,0.441786,7.5,PSF-01163_20250129130046_395,0,0,0,172.128433,597.518555,0.711928,0.5,0.8,25.579693,1,59.07,58.74,25.78,25.03,25.03,101.45,79.6,79.6,0.1,90,3.774,12:52:36,29/01/2025,-1.46,1,0.001,0.001,0.002,-0.034,-0.407,-1.019,1,75,0.001,2,0.058905,0,0.02923,0,0,-0.000068,standard,0,rectangular,7000,500,1,2,55537,55537,55537,0,-9999,0,0,0,0,2.454066,2.495939,1.072766,0.762001,0.264381,-0.006536,1.016407,0.185478,172.128433,0.001148,2.363673,0.000005,1,2.399535,0.000012,1,0.601056,0.600294,0.107352,0,PSF-01163_20250129130046_395,PFA-00994,PSA-00994,PSF-01163,RHS-01998,3.0.0,2025-01-13T08:33:48.201Z
380,13:01:42,29/01/2025,K_lowfl_medbth,Karina Guo,,,42,High,0.027369,1.901559,0.026981,0.325597,1.975054,1.957113,3.168289,1.193235,19.291403,19.468252,31.230057,0.441786,7.5,PSF-01163_20250129130142_38d,0,0,0,173.816086,590.930359,0.70586,0.5,0.8,22.689987,1,59.28,58.75,25.78,24.94,24.94,101.45,79.8,79.4,0.4,80,3.772,12:52:36,29/01/2025,-1.46,1,0.001,0.001,0.002,-0.096,-0.327,-0.485,1,75,0.001,2,0.058905,0,0.02923,0,0,-0.000068,standard,0,rectangular,7000,500,1,2,55537,55537,55537,0,-9999,0,0,0,0,2.454075,2.496223,1.073484,0.761751,0.26433,-0.007605,1.017968,0.177248,173.816086,0.001125,2.363673,0.000005,1,2.399535,0.000012,1,0.601056,0.600294,0.107352,0,PSF-01163_20250129130142_38d,PFA-00994,PSA-00994,PSF-01163,RHS-01998,3.0.0,2025-01-13T08:33:48.201Z
