SYS,SYS,SYS,SYS,SYS,USERDEF,USERDEF,USERDEF,USERDEF,PORO,PORO,PORO,PORO,PORO,PORO,PORO,PORO,PORO,PORO,PORO,PORO,PORO,FLUORO,FLUORO,FLUORO,FLUORO,FLUORO,FLUORO,FLUORO,FLUORO,FLUORO,FLUORO,FLUORO,SENSOR,SENSOR,SENSOR,SENSOR,SENSOR,SENSOR,SENSOR,SENSOR,SENSOR,SENSOR,SENSOR,MATCH,MATCH,MATCH,MATCH,STABILITY,STABILITY,STABILITY,STABILITY,STABILITY,STABILITY,P_CONFIG,P_CONFIG,P_CONFIG,P_CONFIG,P_CONFIG,P_CONFIG,P_CONFIG,P_CONFIG,P_CONFIG,P_CONFIG,P_CONFIG,FL_CONFIG,FL_CONFIG,FL_CONFIG,FL_CONFIG,FL_CONFIG,FL_CONFIG,FL_CONFIG,FL_CONFIG,FL_CONFIG,FL_CONFIG,FL_CONFIG,FL_CONFIG,FL_CONFIG,FL_CONFIG,FL_CONFIG,SENSOR_V,SENSOR_V,SENSOR_V,SENSOR_V,SENSOR_V,SENSOR_V,SENSOR_V,SENSOR_V,SENSOR_V,SENSOR_V,USERCAL,USERCAL,USERCAL,USERCAL,USERCAL,USERCAL,USERCAL,USERCAL,USERCAL,USERCAL,META,META,META,META,META,META,META
Obs#,Time,Date,configName,configAuthor,remark,NSWID,IID,Drought,gsw,gbw,gtw,E_apparent,VPcham,VPref,VPleaf,VPDleaf,H2O_r,H2O_s,H2O_leaf,leaf_area,leaf_width,flashID,Fo,Fm,Fv/Fm,Fs,Fm',PhiPS2,PS2/1,abs,ETR,TRANS,rh_s,rh_r,Tref,Tmeas,Tleaf,P_atm,flow,flow_s,leak_pct,Qamb,batt,match_time,match_date,rh_adj,type,gsw1sec,gsw2sec,gsw4sec,flr1sec,flr2sec,flr4sec,auto,flow_set,gsw_limit,gsw_period,aw,Bla,Blb,Blc,Bld,Ble,chamber,dark,flash_type,flash_intensity,modrate,flr_limit,flr_period,P1_dur,P2_dur,P3_dur,P1_Fmax,P2_ramp,P2_slp,P3_Fmax,P3_Pred,P3_DeltaF,v_humA,v_humB,v_flowIn,v_flowOut,v_temp,v_irt,v_pres,v_par,v_F,i_LED,b_rhr,m_rhr,span_rhr,b_rhs,m_rhs,span_rhs,z_flowIn,z_flowOut,z_quantum,z_flr,flashId,lciSerNum,lcpSerNum,lcfSerNum,lcrhSerNum,version,configUpdatedAt
,HHMMSS,YYYYMMDD,,,,,,,mol+1m-2s-1,mol+1m-2s-1,mol+1m-2s-1,mmol+1m-2s-1,kPa,kPa,kPa,kPa,mmol+1mol-1,mmol+1mol-1,mmol+1mol-1,cm+2,mm,,,,,,,,,,umol+1m-2s-1,,%,%,C,C,C,kPa,umol+1sec-1,umol+1sec-1,%,umol+1m-2s-1,V,HHMMSS,YYYYMMDD,%,,,,,,,,,umol+1sec-1,(umol+1m-2s-1)s-1,s,,,,,,,,,,umol+1m-2s-1,Hz,s-1,s,ms,ms,ms,,%,,,,,V,V,V,V,V,V,V,V,V,A,,,,,,,,,,,,,,,,,
1,8:28:32,14/01/2025,K_lowfl_medbth,Karina Guo,,,434,High,0.144613,1.902236,0.134396,1.278446,2.142214,2.072448,3.075336,0.933122,20.579855,21.27265,30.538754,0.441786,7.5,PSF-01163_20250114082832_5e2,0,0,0,129.666565,573.550354,0.773923,0.5,0.8,14.25708,1,66.48,64.32,25.22,24.44,24.44,100.7,79.8,79.7,0.1,46,4.035,8:27:29,14/01/2025,-2.41,1,0,0,-0.002,0.053,0.168,0.308,1,75,0.001,2,0.058905,0,0.02923,0,0,-0.000068,standard,0,rectangular,7000,500,1,2,55537,55537,55537,0,-9999,0,0,0,0,2.461489,2.507389,1.073735,0.762415,0.270316,-0.006888,0.048304,0.147408,129.666565,0.001163,2.363673,0.000005,1,2.399535,0.000012,1,0.601056,0.600294,0.107352,0,PSF-01163_20250114082832_5e2,PFA-00994,PSA-00994,PSF-01163,RHS-01998,3.0.0,2025-01-13T08:33:48.201Z
2,8:29:39,14/01/2025,K_lowfl_medbth,Karina Guo,,,434,High,0.146152,1.901227,0.135719,1.249959,2.194782,2.126565,3.09781,0.903028,21.118711,21.796171,30.764059,0.441786,7.5,PSF-01163_20250114082939_b59,0,0,0,135.250565,589.191528,0.770447,0.5,0.8,14.457766,1,67.71,65.61,25.32,24.56,24.56,100.7,79.7,79.9,-0.2,47,4.035,8:27:29,14/01/2025,-2.41,1,0,0,-0.004,0.294,0.632,1.257,1,75,0.001,2,0.058905,0,0.02923,0,0,-0.000068,standard,0,rectangular,7000,500,1,2,55537,55537,55537,0,-9999,0,0,0,0,2.463152,2.509032,1.073361,0.762791,0.269239,-0.006646,0.057187,0.148155,135.250565,0.001166,2.363673,0.000005,1,2.399535,0.000012,1,0.601056,0.600294,0.107352,0,PSF-01163_20250114082939_b59,PFA-00994,PSA-00994,PSF-01163,RHS-01998,3.0.0,2025-01-13T08:33:48.201Z
3,8:30:16,14/01/2025,K_lowfl_medbth,Karina Guo,,,434,High,0.143541,1.906527,0.13349,1.226906,2.22319,2.156493,3.124076,0.900886,21.416672,22.079056,31.025984,0.441786,7.5,PSF-01163_20250114083016_62a,0,0,0,131.486176,569.962952,0.769307,0.5,0.8,14.783704,1,68.29,66.24,25.4,24.7,24.7,100.69,80,79.7,0.5,48,4.033,8:27:29,14/01/2025,-2.41,1,-0.001,0,0.001,0.364,0.798,1.334,1,75,0.001,2,0.058905,0,0.02923,0,0,-0.000068,standard,0,rectangular,7000,500,1,2,55537,55537,55537,0,-9999,0,0,0,0,2.463972,2.509807,1.075331,0.762218,0.268463,-0.005871,0.062011,0.149137,131.486176,0.001154,2.363673,0.000005,1,2.399535,0.000012,1,0.601056,0.600294,0.107352,0,PSF-01163_20250114083016_62a,PFA-00994,PSA-00994,PSF-01163,RHS-01998,3.0.0,2025-01-13T08:33:48.201Z
4,8:31:10,14/01/2025,K_lowfl_medbth,Karina Guo,,,536,Low,0.118599,1.905214,0.111649,1.042262,2.225736,2.169025,3.140709,0.914973,21.540171,22.103355,31.189774,0.441786,7.5,PSF-01163_20250114083110_73b,0,0,0,146.063095,596.29187,0.755048,0.5,0.8,13.875087,1,67.91,66.18,25.51,24.79,24.79,100.7,80,79.4,0.7,46,4.032,8:27:29,14/01/2025,-2.41,1,-0.001,-0.001,-0.003,0.116,0.261,1.046,1,75,0.001,2,0.058905,0,0.02923,0,0,-0.000068,standard,0,rectangular,7000,500,1,2,55537,55537,55537,0,-9999,0,0,0,0,2.463867,2.50927,1.074843,0.761644,0.26725,-0.00615,0.068938,0.147309,146.063095,0.001145,2.363673,0.000005,1,2.399535,0.000012,1,0.601056,0.600294,0.107352,0,PSF-01163_20250114083110_73b,PFA-00994,PSA-00994,PSF-01163,RHS-01998,3.0.0,2025-01-13T08:33:48.201Z
5,8:31:35,14/01/2025,K_lowfl_medbth,Karina Guo,,,536,Low,0.094224,1.903327,0.08978,0.848119,2.241718,2.19552,3.1674,0.925682,21.803717,22.26251,31.455462,0.441786,7.5,PSF-01163_20250114083135_258,0,0,0,130.355713,567.584412,0.770332,0.5,0.8,14.672014,1,68.17,66.77,25.57,24.94,24.94,100.69,79.8,79.7,0.2,48,4.03,8:27:29,14/01/2025,-2.41,1,-0.001,0,-9999,-0.3,-0.186,-9999,1,75,0.001,2,0.058905,0,0.02923,0,0,-0.000068,standard,0,rectangular,7000,500,1,2,55537,55537,55537,0,-9999,0,0,0,0,2.464621,2.509611,1.074141,0.762359,0.266651,-0.005185,0.072122,0.148766,130.355713,0.001148,2.363673,0.000005,1,2.399535,0.000012,1,0.601056,0.600294,0.107352,0,PSF-01163_20250114083135_258,PFA-00994,PSA-00994,PSF-01163,RHS-01998,3.0.0,2025-01-13T08:33:48.201Z
6,8:32:27,14/01/2025,K_lowfl_medbth,Karina Guo,,,536,Low,0.09591,1.901528,0.091304,0.859852,2.255772,2.208886,3.178441,0.922668,21.937107,22.40275,31.566046,0.441786,7.5,PSF-01163_20250114083227_53f,0,0,0,137.026184,567.264648,0.758444,0.5,0.8,14.878069,1,68.11,66.69,25.69,24.99,24.99,100.69,79.8,79.5,0.4,49,4.029,8:27:29,14/01/2025,-2.41,1,0,-0.001,-0.002,0.093,0.158,-0.13,1,75,0.001,2,0.058905,0,0.02923,0,0,-0.000068,standard,0,rectangular,7000,500,1,2,55537,55537,55537,0,-9999,0,0,0,0,2.464498,2.509502,1.073473,0.761789,0.265364,-0.005895,0.078624,0.150006,137.026184,0.001161,2.363673,0.000005,1,2.399535,0.000012,1,0.601056,0.600294,0.107352,0,PSF-01163_20250114083227_53f,PFA-00994,PSA-00994,PSF-01163,RHS-01998,3.0.0,2025-01-13T08:33:48.201Z
7,8:32:55,14/01/2025,K_lowfl_medbth,Karina Guo,,,556,Mid,0.106422,1.897691,0.10077,0.940876,2.269357,2.217927,3.184007,0.91465,22.027668,22.538448,31.622433,0.441786,7.5,PSF-01163_20250114083255_927,0,0,0,158.294327,587.862976,0.730729,0.5,0.8,14.91213,1,68.24,66.7,25.75,25.02,25.02,100.69,79.5,79.5,0,51,4.028,8:27:29,14/01/2025,-2.41,1,-0.002,0,-0.002,-0.105,-0.036,0.091,1,75,0.001,2,0.058905,0,0.02923,0,0,-0.000068,standard,0,rectangular,7000,500,1,2,55537,55537,55537,0,-9999,0,0,0,0,2.464494,2.509677,1.072049,0.761926,0.264656,-0.006319,0.082096,0.151725,158.294327,0.001156,2.363673,0.000005,1,2.399535,0.000012,1,0.601056,0.600294,0.107352,0,PSF-01163_20250114083255_927,PFA-00994,PSA-00994,PSF-01163,RHS-01998,3.0.0,2025-01-13T08:33:48.201Z
8,8:33:34,14/01/2025,K_lowfl_medbth,Karina Guo,,,556,Mid,0.132023,1.897677,0.123435,1.090628,2.293665,2.234065,3.159198,0.865534,22.188438,22.780375,31.376738,0.441786,7.5,PSF-01163_20250114083334_823,0,0,0,145.442245,565.0495,0.742603,0.5,0.8,15.354741,1,68.61,66.83,25.84,24.89,24.89,100.69,79.5,68.1,14.4,52,4.027,8:27:29,14/01/2025,-2.41,1,0.001,0.001,-0.002,-0.021,0.055,0.055,1,75,0.001,2,0.058905,0,0.02923,0,0,-0.000068,standard,0,rectangular,7000,500,1,2,55537,55537,55537,0,-9999,0,0,0,0,2.46465,2.510161,1.072044,0.737077,0.263721,-0.008801,0.086815,0.152312,145.442245,0.001151,2.363673,0.000005,1,2.399535,0.000012,1,0.601056,0.600294,0.107352,0,PSF-01163_20250114083334_823,PFA-00994,PSA-00994,PSF-01163,RHS-01998,3.0.0,2025-01-13T08:33:48.201Z
9,8:34:22,14/01/2025,K_lowfl_medbth,Karina Guo,,,556,Mid,0.114568,1.903705,0.108065,1.006111,2.297713,2.242956,3.209532,0.91182,22.275745,22.819557,31.875227,0.441786,7.5,PSF-01163_20250114083422_9b2,0,0,0,158.934113,583.701599,0.727713,0.5,0.8,15.456215,1,68.29,66.67,25.95,25.16,25.16,100.69,79.9,79.2,0.8,53,4.026,8:27:29,14/01/2025,-2.41,1,-0.001,-0.001,-0.004,0.146,0.243,0.213,1,75,0.001,2,0.058905,0,0.02923,0,0,-0.000068,standard,0,rectangular,7000,500,1,2,55537,55537,55537,0,-9999,0,0,0,0,2.464416,2.509711,1.074281,0.761264,0.262586,-0.007031,0.092609,0.153535,158.934113,0.001167,2.363673,0.000005,1,2.399535,0.000012,1,0.601056,0.600294,0.107352,0,PSF-01163_20250114083422_9b2,PFA-00994,PSA-00994,PSF-01163,RHS-01998,3.0.0,2025-01-13T08:33:48.201Z
10,8:34:53,14/01/2025,K_lowfl_medbth,Karina Guo,,,82,Low,0.12643,1.905215,0.118562,1.007624,2.310027,2.25525,3.142621,0.832594,22.397228,22.941231,31.209846,0.441786,7.5,PSF-01163_20250114083453_348,0,0,0,131.505844,601.806885,0.781482,0.5,0.8,15.879465,1,68.4,66.78,26.01,24.8,24.8,100.69,80,79.4,0.7,51,4.024,8:27:29,14/01/2025,-2.41,1,0,0,0,-0.025,-0.09,-0.303,1,75,0.001,2,0.058905,0,0.02923,0,0,-0.000068,standard,0,rectangular,7000,500,1,2,55537,55537,55537,0,-9999,0,0,0,0,2.464556,2.50985,1.074843,0.761731,0.261928,-0.011726,0.096165,0.151535,131.505844,0.001173,2.363673,0.000005,1,2.399535,0.000012,1,0.601056,0.600294,0.107352,0,PSF-01163_20250114083453_348,PFA-00994,PSA-00994,PSF-01163,RHS-01998,3.0.0,2025-01-13T08:33:48.201Z
11,8:35:45,14/01/2025,K_lowfl_medbth,Karina Guo,,,82,Low,0.142272,1.905457,0.132387,1.150655,2.338895,2.27637,3.190068,0.851172,22.606583,23.227522,31.680498,0.441786,7.5,PSF-01163_20250114083545_a6d,0,0,0,129.736298,596.02655,0.782331,0.5,0.8,17.069067,1,68.8,66.96,26.13,25.05,25.05,100.69,80,79.3,0.8,55,4.023,8:27:29,14/01/2025,-2.41,1,-0.002,0,-0.002,0.296,0.36,0.579,1,75,0.001,2,0.058905,0,0.02923,0,0,-0.000068,standard,0,rectangular,7000,500,1,2,55537,55537,55537,0,-9999,0,0,0,0,2.464766,2.510365,1.074933,0.76154,0.260755,-0.01017,0.102327,0.154793,129.736298,0.001158,2.363673,0.000005,1,2.399535,0.000012,1,0.601056,0.600294,0.107352,0,PSF-01163_20250114083545_a6d,PFA-00994,PSA-00994,PSF-01163,RHS-01998,3.0.0,2025-01-13T08:33:48.201Z
12,8:36:11,14/01/2025,K_lowfl_medbth,Karina Guo,,,82,Low,0.096263,1.898244,0.091617,0.846304,2.334086,2.287869,3.238525,0.904439,22.720448,23.179413,32.161247,0.441786,7.5,PSF-01163_20250114083611_fd5,0,0,0,133.618713,601.683472,0.777925,0.5,0.8,17.530916,1,68.44,67.08,26.18,25.31,25.31,100.7,79.6,79.8,-0.3,56,4.018,8:27:29,14/01/2025,-2.41,1,0,-0.001,0.001,0.024,0.063,-0.074,1,75,0.001,2,0.058905,0,0.02923,0,0,-0.000068,standard,0,rectangular,7000,500,1,2,55537,55537,55537,0,-9999,0,0,0,0,2.464917,2.509867,1.072254,0.762639,0.260195,-0.00792,0.105278,0.156353,133.618713,0.001158,2.363673,0.000005,1,2.399535,0.000012,1,0.601056,0.600294,0.107352,0,PSF-01163_20250114083611_fd5,PFA-00994,PSA-00994,PSF-01163,RHS-01998,3.0.0,2025-01-13T08:33:48.201Z
13,8:37:12,14/01/2025,K_lowfl_medbth,Karina Guo,,,551,Mid,0.030918,1.899636,0.030422,0.320478,2.319662,2.302174,3.350574,1.030912,22.862165,23.035828,33.273487,0.441786,7.5,PSF-01163_20250114083712_3b9,0,0,0,127.395988,479.811432,0.734487,0.5,0.8,16.927841,1,67.49,66.98,26.31,25.88,25.88,100.7,79.6,79.8,-0.1,58,4.021,8:27:29,14/01/2025,-2.41,1,0,-0.001,-0.003,0.151,0.327,0.492,1,75,0.001,2,0.058905,0,0.02923,0,0,-0.000068,standard,0,rectangular,7000,500,1,2,55537,55537,55537,0,-9999,0,0,0,0,2.464754,2.508555,1.07277,0.762468,0.258831,-0.002911,0.112403,0.157465,127.395988,0.001151,2.363673,0.000005,1,2.399535,0.000012,1,0.601056,0.600294,0.107352,0,PSF-01163_20250114083712_3b9,PFA-00994,PSA-00994,PSF-01163,RHS-01998,3.0.0,2025-01-13T08:33:48.201Z
14,8:38:19,14/01/2025,K_lowfl_medbth,Karina Guo,,,551,Mid,0.050195,1.905266,0.048906,0.511883,2.346815,2.319001,3.370745,1.02393,23.031668,23.307913,33.477299,0.441786,7.5,PSF-01163_20250114083819_3cb,0,0,0,122.963547,470.000275,0.738376,0.5,0.8,18.420607,1,67.6,66.8,26.48,25.98,25.98,100.69,80,79.6,0.4,62,4.019,8:37:47,14/01/2025,-2.12,1,0,0,0.003,0.198,0.316,0.168,1,75,0.001,2,0.058905,0,0.02923,0,0,-0.000068,standard,0,rectangular,7000,500,1,2,55537,55537,55537,0,-9999,0,0,0,0,2.464491,2.508298,1.074862,0.762175,0.257107,-0.003662,0.12007,0.161597,122.963547,0.001148,2.363673,0.000005,1,2.399535,0.000012,1,0.601056,0.600294,0.107352,0,PSF-01163_20250114083819_3cb,PFA-00994,PSA-00994,PSF-01163,RHS-01998,3.0.0,2025-01-13T08:33:48.201Z
15,8:39:12,14/01/2025,K_lowfl_medbth,Karina Guo,,,551,Mid,0.061011,1.898978,0.059112,0.618591,2.363726,2.329975,3.387321,1.023594,23.14043,23.475634,33.641582,0.441786,7.5,PSF-01163_20250114083912_634,0,0,0,123.996735,476.153625,0.739587,0.5,0.8,18.72987,1,67.66,66.69,26.59,26.07,26.07,100.69,79.6,67.6,15.1,63,3.993,8:37:47,14/01/2025,-2.12,1,0,0,-0.003,0.27,0.574,1.231,1,75,0.001,2,0.058905,0,0.02923,0,0,-0.000068,standard,0,rectangular,7000,500,1,2,55537,55537,55537,0,-9999,0,0,0,0,2.464325,2.508353,1.072526,0.736032,0.256003,-0.003946,0.126186,0.162418,123.996735,0.001158,2.363673,0.000005,1,2.399535,0.000012,1,0.601056,0.600294,0.107352,0,PSF-01163_20250114083912_634,PFA-00994,PSA-00994,PSF-01163,RHS-01998,3.0.0,2025-01-13T08:33:48.201Z
16,8:40:00,14/01/2025,K_lowfl_medbth,Karina Guo,,,530,Low,0.08109,1.902583,0.077775,0.77407,2.392579,2.350454,3.366188,0.973609,23.340399,23.758705,33.426807,0.441786,7.5,PSF-01163_20250114084000_079,0,0,0,130.53775,536.940674,0.756886,0.5,0.8,19.371258,1,68.13,66.93,26.68,25.96,25.96,100.7,79.8,73.5,7.9,64,4.017,8:37:47,14/01/2025,-2.12,1,0.001,0,-0.004,-0.002,-0.116,-0.634,1,75,0.001,2,0.058905,0,0.02923,0,0,-0.000068,standard,0,rectangular,7000,500,1,2,55537,55537,55537,0,-9999,0,0,0,0,2.464626,2.508984,1.073864,0.748833,0.255121,-0.006137,0.131425,0.163002,130.53775,0.001158,2.363673,0.000005,1,2.399535,0.000012,1,0.601056,0.600294,0.107352,0,PSF-01163_20250114084000_079,PFA-00994,PSA-00994,PSF-01163,RHS-01998,3.0.0,2025-01-13T08:33:48.201Z
17,8:40:35,14/01/2025,K_lowfl_medbth,Karina Guo,,,530,Low,0.074418,1.901768,0.071616,0.715069,2.392506,2.353573,3.369198,0.976692,23.37241,23.759047,33.458191,0.441786,7.5,PSF-01163_20250114084035_130,0,0,0,128.423813,556.043762,0.76904,0.5,0.8,19.982979,1,67.89,66.78,26.74,25.97,25.97,100.7,79.8,70.1,12.1,65,4.016,8:37:47,14/01/2025,-2.12,1,-0.001,-0.001,0.002,0.113,0.192,0.293,1,75,0.001,2,0.058905,0,0.02923,0,0,-0.000068,standard,0,rectangular,7000,500,1,2,55537,55537,55537,0,-9999,0,0,0,0,2.464413,2.508636,1.073562,0.741476,0.254496,-0.006666,0.135235,0.163852,128.423813,0.00116,2.363673,0.000005,1,2.399535,0.000012,1,0.601056,0.600294,0.107352,0,PSF-01163_20250114084035_130,PFA-00994,PSA-00994,PSF-01163,RHS-01998,3.0.0,2025-01-13T08:33:48.201Z
18,8:40:59,14/01/2025,K_lowfl_medbth,Karina Guo,,,530,Low,0.093915,1.903715,0.089499,0.839495,2.401046,2.355401,3.318788,0.917742,23.389988,23.843262,32.956768,0.441786,7.5,PSF-01163_20250114084059_772,0,0,0,126.617432,543.27179,0.766935,0.5,0.8,19.689129,1,67.96,66.67,26.78,25.72,25.72,100.7,79.9,79.3,0.7,64,4.015,8:37:47,14/01/2025,-2.12,1,0,0,-0.007,-0.097,-0.291,-0.918,1,75,0.001,2,0.058905,0,0.02923,0,0,-0.000068,standard,0,rectangular,7000,500,1,2,55537,55537,55537,0,-9999,0,0,0,0,2.464257,2.508729,1.074285,0.761407,0.254072,-0.010037,0.137872,0.163174,126.617432,0.001173,2.363673,0.000005,1,2.399535,0.000012,1,0.601056,0.600294,0.107352,0,PSF-01163_20250114084059_772,PFA-00994,PSA-00994,PSF-01163,RHS-01998,3.0.0,2025-01-13T08:33:48.201Z
19,8:41:32,14/01/2025,K_lowfl_medbth,Karina Guo,,,179,Mid,0.065948,1.906741,0.063743,0.646812,2.389539,2.354438,3.382096,0.992557,23.380131,23.728693,33.585018,0.441786,7.5,PSF-01163_20250114084132_8de,0,0,0,151.135681,507.212158,0.702027,0.5,0.8,17.503286,1,67.41,66.42,26.84,26.04,26.04,100.7,80,79.4,0.8,62,4.015,8:37:47,14/01/2025,-2.12,1,0.001,0.001,0.003,0.377,0.757,1.377,1,75,0.001,2,0.058905,0,0.02923,0,0,-0.000068,standard,0,rectangular,7000,500,1,2,55537,55537,55537,0,-9999,0,0,0,0,2.463919,2.507972,1.075411,0.761714,0.2535,-0.007052,0.141478,0.161565,151.135681,0.001178,2.363673,0.000005,1,2.399535,0.000012,1,0.601056,0.600294,0.107352,0,PSF-01163_20250114084132_8de,PFA-00994,PSA-00994,PSF-01163,RHS-01998,3.0.0,2025-01-13T08:33:48.201Z
20,8:42:33,14/01/2025,K_lowfl_medbth,Karina Guo,,,179,Mid,0.047162,1.899421,0.046019,0.499434,2.404797,2.377562,3.465868,1.061071,23.609119,23.87956,34.415958,0.441786,7.5,PSF-01163_20250114084233_bc7,0,0,0,152.069092,470.823181,0.677014,0.5,0.8,17.171185,1,67.39,66.63,26.95,26.45,26.45,100.71,79.6,79.7,-0.1,63,4.013,8:37:47,14/01/2025,-2.12,1,0,0,-0.006,-0.003,-0.076,-0.705,1,75,0.001,2,0.058905,0,0.02923,0,0,-0.000068,standard,0,rectangular,7000,500,1,2,55537,55537,55537,0,-9999,0,0,0,0,2.46417,2.507926,1.07269,0.762354,0.252364,-0.003607,0.14811,0.162501,152.069092,0.001143,2.363673,0.000005,1,2.399535,0.000012,1,0.601056,0.600294,0.107352,0,PSF-01163_20250114084233_bc7,PFA-00994,PSA-00994,PSF-01163,RHS-01998,3.0.0,2025-01-13T08:33:48.201Z
21,8:43:01,14/01/2025,K_lowfl_medbth,Karina Guo,,,179,Mid,0.046927,1.905056,0.045799,0.485147,2.40377,2.377415,3.439596,1.035826,23.607601,23.869305,34.154999,0.441786,7.5,PSF-01163_20250114084301_8df,0,0,0,155.965088,464.506042,0.664235,0.5,0.8,16.862778,1,67.16,66.42,27,26.32,26.32,100.71,79.9,79.4,0.7,63,4.013,8:37:47,14/01/2025,-2.12,1,0,-0.001,-0.003,-0.077,-0.225,-0.469,1,75,0.001,2,0.058905,0,0.02923,0,0,-0.000068,standard,0,rectangular,7000,500,1,2,55537,55537,55537,0,-9999,0,0,0,0,2.463892,2.507603,1.074784,0.76162,0.251849,-0.005668,0.151117,0.162553,155.965088,0.001165,2.363673,0.000005,1,2.399535,0.000012,1,0.601056,0.600294,0.107352,0,PSF-01163_20250114084301_8df,PFA-00994,PSA-00994,PSF-01163,RHS-01998,3.0.0,2025-01-13T08:33:48.201Z
22,8:43:27,14/01/2025,K_lowfl_medbth,Karina Guo,,,390,Low,0.069796,1.903675,0.067327,0.593969,2.405327,2.373031,3.268734,0.863406,23.564062,23.884764,32.458344,0.441786,7.5,PSF-01163_20250114084327_bd8,0,0,0,136.421799,565.191528,0.758627,0.5,0.8,19.027401,1,67.03,66.13,27.04,25.46,25.46,100.71,79.9,79.4,0.6,63,4.012,8:37:47,14/01/2025,-2.12,1,-0.001,0,0.002,0.211,0.528,0.952,1,75,0.001,2,0.058905,0,0.02923,0,0,-0.000068,standard,0,rectangular,7000,500,1,2,55537,55537,55537,0,-9999,0,0,0,0,2.463503,2.507424,1.07427,0.761669,0.251418,-0.015945,0.153836,0.161888,136.421799,0.00114,2.363673,0.000005,1,2.399535,0.000012,1,0.601056,0.600294,0.107352,0,PSF-01163_20250114084327_bd8,PFA-00994,PSA-00994,PSF-01163,RHS-01998,3.0.0,2025-01-13T08:33:48.201Z
23,8:44:05,14/01/2025,K_lowfl_medbth,Karina Guo,,,390,Low,0.06583,1.905315,0.063631,0.634954,2.428159,2.39368,3.40398,0.975821,23.76881,24.111179,33.800907,0.441786,7.5,PSF-01163_20250114084405_020,0,0,0,125.270607,550.869934,0.772595,0.5,0.8,19.273785,1,67.42,66.46,27.11,26.15,26.15,100.71,80,76.2,4.7,62,4.011,8:37:47,14/01/2025,-2.12,1,0,-0.001,-0.001,-0.031,-0.237,-0.974,1,75,0.001,2,0.058905,0,0.02923,0,0,-0.000068,standard,0,rectangular,7000,500,1,2,55537,55537,55537,0,-9999,0,0,0,0,2.463928,2.507943,1.07488,0.754629,0.250801,-0.008877,0.157877,0.161596,125.270607,0.001148,2.363673,0.000005,1,2.399535,0.000012,1,0.601056,0.600294,0.107352,0,PSF-01163_20250114084405_020,PFA-00994,PSA-00994,PSF-01163,RHS-01998,3.0.0,2025-01-13T08:33:48.201Z
24,8:44:44,14/01/2025,K_lowfl_medbth,Karina Guo,,,390,Low,0.092393,1.901672,0.088112,0.842028,2.451797,2.405968,3.386372,0.934575,23.888754,24.343794,33.62315,0.441786,7.5,PSF-01163_20250114084444_cde,0,0,0,123.610497,549.486267,0.775043,0.5,0.8,20.00334,1,67.82,66.56,27.17,26.06,26.06,100.72,79.8,79.4,0.5,65,4.01,8:37:47,14/01/2025,-2.12,1,0.001,0,0.002,0.039,0.05,0.001,1,75,0.001,2,0.058905,0,0.02923,0,0,-0.000068,standard,0,rectangular,7000,500,1,2,55537,55537,55537,0,-9999,0,0,0,0,2.464036,2.508478,1.073526,0.761576,0.250168,-0.010602,0.162052,0.163471,123.610497,0.001143,2.363673,0.000005,1,2.399535,0.000012,1,0.601056,0.600294,0.107352,0,PSF-01163_20250114084444_cde,PFA-00994,PSA-00994,PSF-01163,RHS-01998,3.0.0,2025-01-13T08:33:48.201Z
25,8:45:14,14/01/2025,K_lowfl_medbth,Karina Guo,,,92,Low,0.085515,1.900124,0.081832,0.735491,2.439758,2.39968,3.319095,0.879337,23.82626,24.224194,32.955078,0.441786,7.5,PSF-01163_20250114084514_7dc,0,0,0,135.06604,604.956177,0.776734,0.5,0.8,19.749443,1,67.31,66.2,27.22,25.72,25.72,100.72,79.7,79.1,0.7,64,4.009,8:37:47,14/01/2025,-2.12,1,0,0,0.005,0.041,0.017,0.167,1,75,0.001,2,0.058905,0,0.02923,0,0,-0.000068,standard,0,rectangular,7000,500,1,2,55537,55537,55537,0,-9999,0,0,0,0,2.463566,2.507772,1.072951,0.76102,0.249713,-0.014978,0.1652,0.162638,135.06604,0.001168,2.363673,0.000005,1,2.399535,0.000012,1,0.601056,0.600294,0.107352,0,PSF-01163_20250114084514_7dc,PFA-00994,PSA-00994,PSF-01163,RHS-01998,3.0.0,2025-01-13T08:33:48.201Z
27,8:46:13,14/01/2025,K_lowfl_medbth,Karina Guo,,,92,Low,0.041078,1.903558,0.04021,0.406487,2.437847,2.415748,3.426349,0.988502,23.985798,24.205217,34.019993,0.441786,7.5,PSF-01163_20250114084613_30f,0,0,0,138.927704,571.099854,0.756737,0.5,0.8,18.777355,1,66.89,66.29,27.31,26.26,26.26,100.72,79.9,79.4,0.6,62,4.008,8:37:47,14/01/2025,-2.12,1,-0.001,0,-0.003,-0.076,-0.031,-0.01,1,75,0.001,2,0.058905,0,0.02923,0,0,-0.000068,standard,0,rectangular,7000,500,1,2,55537,55537,55537,0,-9999,0,0,0,0,2.463657,2.507192,1.074227,0.761706,0.248799,-0.009915,0.17134,0.161306,138.927704,0.001154,2.363673,0.000005,1,2.399535,0.000012,1,0.601056,0.600294,0.107352,0,PSF-01163_20250114084613_30f,PFA-00994,PSA-00994,PSF-01163,RHS-01998,3.0.0,2025-01-13T08:33:48.201Z
28,8:46:31,14/01/2025,K_lowfl_medbth,Karina Guo,,,92,Low,0.04123,1.903753,0.040356,0.373265,2.437571,2.417281,3.342349,0.904778,24.0021,24.20356,33.187443,0.441786,7.5,PSF-01163_20250114084631_bf9,0,0,0,134.425522,586.713562,0.770884,0.5,0.8,19.700474,1,66.79,66.23,27.33,25.84,25.84,100.71,79.9,79.2,0.9,64,4.007,8:37:47,14/01/2025,-2.12,1,0.001,0,0.003,0.069,-0.048,0.115,1,75,0.001,2,0.058905,0,0.02923,0,0,-0.000068,standard,0,rectangular,7000,500,1,2,55537,55537,55537,0,-9999,0,0,0,0,2.463578,2.507042,1.074299,0.761202,0.248547,-0.014984,0.173085,0.16292,134.425522,0.001164,2.363673,0.000005,1,2.399535,0.000012,1,0.601056,0.600294,0.107352,0,PSF-01163_20250114084631_bf9,PFA-00994,PSA-00994,PSF-01163,RHS-01998,3.0.0,2025-01-13T08:33:48.201Z
29,8:47:25,14/01/2025,K_lowfl_medbth,Karina Guo,,,238,Low,0.105116,1.89707,0.099598,0.955732,2.476292,2.424127,3.414421,0.938129,24.070728,24.588703,33.903996,0.441786,7.5,PSF-01163_20250114084725_07a,0,0,0,126.552345,572.349426,0.77889,0.5,0.8,19.820648,1,67.53,66.11,27.41,26.2,26.2,100.71,79.5,79.4,0.2,64,4.005,8:37:47,14/01/2025,-2.12,1,0,0,0.003,0.094,0.033,0.122,1,75,0.001,2,0.058905,0,0.02923,0,0,-0.000068,standard,0,rectangular,7000,500,1,2,55537,55537,55537,0,-9999,0,0,0,0,2.463403,2.508039,1.071819,0.761577,0.247763,-0.011789,0.178795,0.162684,126.552345,0.001155,2.363673,0.000005,1,2.399535,0.000012,1,0.601056,0.600294,0.107352,0,PSF-01163_20250114084725_07a,PFA-00994,PSA-00994,PSF-01163,RHS-01998,3.0.0,2025-01-13T08:33:48.201Z
30,8:48:28,14/01/2025,K_lowfl_medbth,Karina Guo,,,238,Low,0.08587,1.901318,0.082159,0.789804,2.483069,2.440088,3.42281,0.939741,24.229038,24.655823,33.987049,0.441786,7.5,PSF-01163_20250114084828_26d,0,0,0,118.156311,534.657227,0.779005,0.5,0.8,19.628971,1,67.35,66.19,27.5,26.24,26.24,100.71,79.7,71.3,10.6,63,4.005,8:37:47,14/01/2025,-2.12,1,0.002,0.001,0.003,-0.065,-0.041,-0.131,1,75,0.001,2,0.058905,0,0.02923,0,0,-0.000068,standard,0,rectangular,7000,500,1,2,55537,55537,55537,0,-9999,0,0,0,0,2.463487,2.50778,1.073394,0.744015,0.246861,-0.012366,0.18528,0.162141,118.156311,0.001157,2.363673,0.000005,1,2.399535,0.000012,1,0.601056,0.600294,0.107352,0,PSF-01163_20250114084828_26d,PFA-00994,PSA-00994,PSF-01163,RHS-01998,3.0.0,2025-01-13T08:33:48.201Z
31,8:49:26,14/01/2025,K_lowfl_medbth,Karina Guo,,,238,Low,0.128778,1.902857,0.120615,1.181246,2.509139,2.444933,3.466281,0.957142,24.274611,24.912081,34.415104,0.441786,7.5,PSF-01163_20250114084926_3c9,0,0,0,125.754478,563.469543,0.776821,0.5,0.8,19.739899,1,67.62,65.89,27.62,26.46,26.46,100.72,79.8,79.3,0.7,64,4.002,8:48:43,14/01/2025,-1.95,1,0,0,0.004,0.129,0.302,1.141,1,75,0.001,2,0.058905,0,0.02923,0,0,-0.000068,standard,0,rectangular,7000,500,1,2,55537,55537,55537,0,-9999,0,0,0,0,2.463073,2.50789,1.073966,0.761413,0.24577,-0.011199,0.191244,0.162606,125.754478,0.001158,2.363673,0.000005,1,2.399535,0.000012,1,0.601056,0.600294,0.107352,0,PSF-01163_20250114084926_3c9,PFA-00994,PSA-00994,PSF-01163,RHS-01998,3.0.0,2025-01-13T08:33:48.201Z
33,8:51:25,14/01/2025,K_lowfl_medbth,Karina Guo,,,111,Mid,0.142976,1.904302,0.132991,1.256013,2.515601,2.447398,3.43878,0.923179,24.297518,24.97463,34.139858,0.441786,7.5,PSF-01163_20250114085125_cae,0,0,0,131.110672,603.484497,0.782744,0.5,0.8,18.62952,1,67.24,65.41,27.76,26.32,26.32,100.73,79.9,79.4,0.6,60,4,8:48:43,14/01/2025,-1.95,1,0.001,0,0.004,0.041,0.092,0.129,1,75,0.001,2,0.058905,0,0.02923,0,0,-0.000068,standard,0,rectangular,7000,500,1,2,55537,55537,55537,0,-9999,0,0,0,0,2.462422,2.507346,1.074503,0.761737,0.244398,-0.014358,0.203218,0.159103,131.110672,0.001175,2.363673,0.000005,1,2.399535,0.000012,1,0.601056,0.600294,0.107352,0,PSF-01163_20250114085125_cae,PFA-00994,PSA-00994,PSF-01163,RHS-01998,3.0.0,2025-01-13T08:33:48.201Z
34,8:52:06,14/01/2025,K_lowfl_medbth,Karina Guo,,,111,Mid,0.088654,1.899869,0.084702,0.815226,2.500197,2.455786,3.441106,0.94091,24.379648,24.820528,34.161343,0.441786,7.5,PSF-01163_20250114085206_70f,0,0,0,134.920471,593.691956,0.772743,0.5,0.8,17.946795,1,66.65,65.47,27.8,26.33,26.33,100.73,79.7,79.3,0.5,58,4,8:48:43,14/01/2025,-1.95,1,0.001,0,0.003,0.117,0.149,0.165,1,75,0.001,2,0.058905,0,0.02923,0,0,-0.000068,standard,0,rectangular,7000,500,1,2,55537,55537,55537,0,-9999,0,0,0,0,2.462487,2.506547,1.072857,0.761416,0.243974,-0.014729,0.207334,0.157852,134.920471,0.001172,2.363673,0.000005,1,2.399535,0.000012,1,0.601056,0.600294,0.107352,0,PSF-01163_20250114085206_70f,PFA-00994,PSA-00994,PSF-01163,RHS-01998,3.0.0,2025-01-13T08:33:48.201Z
35,8:52:35,14/01/2025,K_lowfl_medbth,Karina Guo,,,111,Mid,0.124986,1.902475,0.117281,1.095713,2.526508,2.466937,3.439755,0.913248,24.489681,25.081043,34.146999,0.441786,7.5,PSF-01163_20250114085235_07f,0,0,0,134.675507,595.530151,0.773856,0.5,0.8,17.576548,1,67.24,65.65,27.83,26.33,26.33,100.73,79.8,77.5,2.9,57,3.999,8:48:43,14/01/2025,-1.95,1,0.002,0,0.003,-0.135,-0.12,-0.232,1,75,0.001,2,0.058905,0,0.02923,0,0,-0.000068,standard,0,rectangular,7000,500,1,2,55537,55537,55537,0,-9999,0,0,0,0,2.462724,2.507338,1.073824,0.757462,0.24369,-0.015141,0.210153,0.156739,134.675507,0.001173,2.363673,0.000005,1,2.399535,0.000012,1,0.601056,0.600294,0.107352,0,PSF-01163_20250114085235_07f,PFA-00994,PSA-00994,PSF-01163,RHS-01998,3.0.0,2025-01-13T08:33:48.201Z
36,8:53:04,14/01/2025,K_lowfl_medbth,Karina Guo,,,484,Mid,0.088424,1.903384,0.084499,0.829469,2.504709,2.459632,3.464237,0.959528,24.417522,24.865017,34.390545,0.441786,7.5,PSF-01163_20250114085304_159,0,0,0,111.986877,474.6698,0.764074,0.5,0.8,17.65799,1,66.54,65.34,27.86,26.45,26.45,100.73,79.9,79.6,0.4,58,3.998,8:48:43,14/01/2025,-1.95,1,-0.001,0.001,0.002,-0.046,-0.069,-0.179,1,75,0.001,2,0.058905,0,0.02923,0,0,-0.000068,standard,0,rectangular,7000,500,1,2,55537,55537,55537,0,-9999,0,0,0,0,2.462312,2.506386,1.074162,0.762003,0.243398,-0.014114,0.212999,0.157603,111.986877,0.001144,2.363673,0.000005,1,2.399535,0.000012,1,0.601056,0.600294,0.107352,0,PSF-01163_20250114085304_159,PFA-00994,PSA-00994,PSF-01163,RHS-01998,3.0.0,2025-01-13T08:33:48.201Z
37,8:53:44,14/01/2025,K_lowfl_medbth,Karina Guo,,,484,Mid,0.094061,1.902981,0.089631,0.902835,2.508662,2.459584,3.493133,0.984472,24.41614,24.903328,34.676117,0.441786,7.5,PSF-01163_20250114085344_e54,0,0,0,131.361725,527.075867,0.750773,0.5,0.8,17.409861,1,66.48,65.17,27.9,26.59,26.59,100.74,79.8,79.5,0.4,58,3.997,8:48:43,14/01/2025,-1.95,1,0.001,0,0.002,0.032,0.104,0.25,1,75,0.001,2,0.058905,0,0.02923,0,0,-0.000068,standard,0,rectangular,7000,500,1,2,55537,55537,55537,0,-9999,0,0,0,0,2.462081,2.506288,1.074012,0.761844,0.242973,-0.013008,0.216906,0.157774,131.361725,0.001129,2.363673,0.000005,1,2.399535,0.000012,1,0.601056,0.600294,0.107352,0,PSF-01163_20250114085344_e54,PFA-00994,PSA-00994,PSF-01163,RHS-01998,3.0.0,2025-01-13T08:33:48.201Z
38,8:54:06,14/01/2025,K_lowfl_medbth,Karina Guo,,,484,Mid,0.085451,1.902998,0.081778,0.817734,2.507748,2.463296,3.485096,0.977348,24.452686,24.893951,34.595898,0.441786,7.5,PSF-01163_20250114085406_d7e,0,0,0,154.922958,570.075989,0.728242,0.5,0.8,16.868935,1,66.36,65.18,27.93,26.55,26.55,100.74,79.8,79.2,0.8,58,3.997,8:48:43,14/01/2025,-1.95,1,0.001,0,0.003,0.005,0.08,0,1,75,0.001,2,0.058905,0,0.02923,0,0,-0.000068,standard,0,rectangular,7000,500,1,2,55537,55537,55537,0,-9999,0,0,0,0,2.462088,2.506127,1.074019,0.761243,0.242747,-0.013725,0.219045,0.157719,154.922958,0.001157,2.363673,0.000005,1,2.399535,0.000012,1,0.601056,0.600294,0.107352,0,PSF-01163_20250114085406_d7e,PFA-00994,PSA-00994,PSF-01163,RHS-01998,3.0.0,2025-01-13T08:33:48.201Z
39,8:56:07,14/01/2025,K_lowfl_medbth,Karina Guo,,,495,High,0.043565,1.906684,0.042592,0.491392,2.491331,2.464681,3.618334,1.127002,24.466072,24.730618,35.917995,0.441786,7.5,PSF-01163_20250114085607_a17,0,0,0,139.44339,487.703552,0.714082,0.5,0.8,15.72127,1,65.48,64.78,28.04,27.19,27.19,100.74,80,73.1,8.7,55,3.993,8:48:43,14/01/2025,-1.95,1,0.002,0.001,0.003,0.325,0.67,1.557,1,75,0.001,2,0.058905,0,0.02923,0,0,-0.000068,standard,0,rectangular,7000,500,1,2,55537,55537,55537,0,-9999,0,0,0,0,2.461542,2.504919,1.07539,0.74792,0.241643,-0.007717,0.230942,0.155223,139.44339,0.00117,2.363673,0.000005,1,2.399535,0.000012,1,0.601056,0.600294,0.107352,0,PSF-01163_20250114085607_a17,PFA-00994,PSA-00994,PSF-01163,RHS-01998,3.0.0,2025-01-13T08:33:48.201Z
40,8:56:46,14/01/2025,K_lowfl_medbth,Karina Guo,,,495,High,0.0251,1.904271,0.024774,0.294704,2.492593,2.476584,3.654422,1.161829,24.583858,24.742775,36.275688,0.441786,7.5,PSF-01163_20250114085646_0c7,0,0,0,144.983765,445.29425,0.674409,0.5,0.8,13.620259,1,65.39,64.97,28.08,27.35,27.35,100.74,79.9,67.6,15.4,50,3.992,8:48:43,14/01/2025,-1.95,1,-0.001,0,0.002,0.227,0.425,0.679,1,75,0.001,2,0.058905,0,0.02923,0,0,-0.000068,standard,0,rectangular,7000,500,1,2,55537,55537,55537,0,-9999,0,0,0,0,2.461774,2.504779,1.074492,0.736101,0.241313,-0.006159,0.234702,0.151266,144.983765,0.001165,2.363673,0.000005,1,2.399535,0.000012,1,0.601056,0.600294,0.107352,0,PSF-01163_20250114085646_0c7,PFA-00994,PSA-00994,PSF-01163,RHS-01998,3.0.0,2025-01-13T08:33:48.201Z
41,8:58:19,14/01/2025,K_lowfl_medbth,Karina Guo,,,495,High,0.034431,1.903338,0.033819,0.406722,2.502426,2.48032,3.676816,1.17439,24.620882,24.840317,36.49789,0.441786,7.5,PSF-01163_20250114085819_68d,0,0,0,131.05809,463.549377,0.717273,0.5,0.8,15.57587,1,65.35,64.77,28.16,27.46,27.46,100.74,79.9,72.5,9.3,54,3.99,8:48:43,14/01/2025,-1.95,1,0,0.001,0.004,0.518,0.89,1.359,1,75,0.001,2,0.058905,0,0.02923,0,0,-0.000068,standard,0,rectangular,7000,500,1,2,55537,55537,55537,0,-9999,0,0,0,0,2.461503,2.504713,1.074145,0.746546,0.240572,-0.005847,0.24367,0.15457,131.05809,0.001182,2.363673,0.000005,1,2.399535,0.000012,1,0.601056,0.600294,0.107352,0,PSF-01163_20250114085819_68d,PFA-00994,PSA-00994,PSF-01163,RHS-01998,3.0.0,2025-01-13T08:33:48.201Z
42,8:59:49,14/01/2025,K_lowfl_medbth,Karina Guo,,,425,High,0.140099,1.903723,0.130495,1.214613,2.541074,2.475101,3.450855,0.909781,24.56901,25.223894,34.254803,0.441786,7.5,PSF-01163_20250114085949_783,0,0,0,132.977478,594.503052,0.776322,0.5,0.8,15.781766,1,66.08,64.37,28.23,26.38,26.38,100.74,79.9,79.4,0.6,51,3.989,8:59:25,14/01/2025,-1.75,1,0.001,0,0.002,0.278,0.462,0.736,1,75,0.001,2,0.058905,0,0.02923,0,0,-0.000068,standard,0,rectangular,7000,500,1,2,55537,55537,55537,0,-9999,0,0,0,0,2.46096,2.50542,1.074288,0.761573,0.239895,-0.019064,0.25217,0.151555,132.977478,0.001161,2.363673,0.000005,1,2.399535,0.000012,1,0.601056,0.600294,0.107352,0,PSF-01163_20250114085949_783,PFA-00994,PSA-00994,PSF-01163,RHS-01998,3.0.0,2025-01-13T08:33:48.201Z
43,9:00:39,14/01/2025,K_lowfl_medbth,Karina Guo,,,425,High,0.201409,1.904285,0.182145,1.781068,2.571394,2.474715,3.526696,0.955302,24.56415,25.523788,35.006165,0.441786,7.5,PSF-01163_20250114090039_ec7,0,0,0,129.053955,556.550842,0.768118,0.5,0.8,16.343954,1,66.79,64.28,28.25,26.75,26.75,100.75,79.9,75.9,5,53,3.987,8:59:25,14/01/2025,-1.75,1,0.002,0.001,-0.001,0.101,0.318,0.536,1,75,0.001,2,0.058905,0,0.02923,0,0,-0.000068,standard,0,rectangular,7000,500,1,2,55537,55537,55537,0,-9999,0,0,0,0,2.46084,2.506376,1.074497,0.754094,0.239696,-0.015084,0.25688,0.153618,129.053955,0.001152,2.363673,0.000005,1,2.399535,0.000012,1,0.601056,0.600294,0.107352,0,PSF-01163_20250114090039_ec7,PFA-00994,PSA-00994,PSF-01163,RHS-01998,3.0.0,2025-01-13T08:33:48.201Z
44,9:01:11,14/01/2025,K_lowfl_medbth,Karina Guo,,,425,High,0.164924,1.909259,0.15181,1.460009,2.562309,2.483321,3.501997,0.939688,24.650799,25.434872,34.762726,0.441786,7.5,PSF-01163_20250114090111_86d,0,0,0,132.671707,576.63739,0.769922,0.5,0.8,16.405375,1,66.53,64.48,28.25,26.63,26.63,100.74,80.2,75.9,5.3,53,3.986,8:59:25,14/01/2025,-1.75,1,0.001,0,0.004,0.505,0.826,1.589,1,75,0.001,2,0.058905,0,0.02923,0,0,-0.000068,standard,0,rectangular,7000,500,1,2,55537,55537,55537,0,-9999,0,0,0,0,2.461095,2.506016,1.07635,0.754092,0.239626,-0.016536,0.259784,0.153683,132.671707,0.001152,2.363673,0.000005,1,2.399535,0.000012,1,0.601056,0.600294,0.107352,0,PSF-01163_20250114090111_86d,PFA-00994,PSA-00994,PSF-01163,RHS-01998,3.0.0,2025-01-13T08:33:48.201Z
45,9:01:44,14/01/2025,K_lowfl_medbth,Karina Guo,,,621,Mid,0.041294,1.903905,0.040417,0.448091,2.503564,2.47922,3.586618,1.083054,24.611433,24.853094,35.604664,0.441786,7.5,PSF-01163_20250114090144_dd4,0,0,0,157.547592,559.026733,0.718175,0.5,0.8,15.370448,1,64.97,64.34,28.26,27.04,27.04,100.73,79.9,79.4,0.6,54,3.986,8:59:25,14/01/2025,-1.75,1,0.001,0.001,-9999,0.197,0.395,-9999,1,75,0.001,2,0.058905,0,0.02923,0,0,-0.000068,standard,0,rectangular,7000,500,1,2,55537,55537,55537,0,-9999,0,0,0,0,2.460913,2.503901,1.074356,0.761647,0.239547,-0.011973,0.262878,0.153888,157.547592,0.001164,2.363673,0.000005,1,2.399535,0.000012,1,0.601056,0.600294,0.107352,0,PSF-01163_20250114090144_dd4,PFA-00994,PSA-00994,PSF-01163,RHS-01998,3.0.0,2025-01-13T08:33:48.201Z
46,9:02:11,14/01/2025,K_lowfl_medbth,Karina Guo,,,621,Mid,0.035696,1.899562,0.035037,0.385804,2.497827,2.476804,3.573619,1.075792,24.587204,24.795898,35.475273,0.441786,7.5,PSF-01163_20250114090211_a3f,0,0,0,172.177795,625.480774,0.724727,0.5,0.8,15.95493,1,64.79,64.25,28.27,26.97,26.97,100.74,79.6,79.3,0.4,55,3.984,8:59:25,14/01/2025,-1.75,1,0,0,0.002,-0.22,-0.47,-0.962,1,75,0.001,2,0.058905,0,0.02923,0,0,-0.000068,standard,0,rectangular,7000,500,1,2,55537,55537,55537,0,-9999,0,0,0,0,2.460792,2.503657,1.072743,0.76151,0.239474,-0.012772,0.265282,0.155221,172.177795,0.001153,2.363673,0.000005,1,2.399535,0.000012,1,0.601056,0.600294,0.107352,0,PSF-01163_20250114090211_a3f,PFA-00994,PSA-00994,PSF-01163,RHS-01998,3.0.0,2025-01-13T08:33:48.201Z
47,9:02:42,14/01/2025,K_lowfl_medbth,Karina Guo,,,621,Mid,0.017941,1.905144,0.017774,0.201709,2.496063,2.485113,3.604601,1.108538,24.67091,24.77961,35.784603,0.441786,7.5,PSF-01163_20250114090242_e0c,0,0,0,184.187286,629.055603,0.7072,0.5,0.8,15.410069,1,64.72,64.43,28.28,27.12,27.12,100.73,79.9,79.4,0.7,54,3.984,8:59:25,14/01/2025,-1.75,1,0.001,0,0.002,-0.159,-0.143,0.749,1,75,0.001,2,0.058905,0,0.02923,0,0,-0.000068,standard,0,rectangular,7000,500,1,2,55537,55537,55537,0,-9999,0,0,0,0,2.461033,2.503553,1.074817,0.76165,0.239398,-0.011173,0.268128,0.154732,184.187286,0.001155,2.363673,0.000005,1,2.399535,0.000012,1,0.601056,0.600294,0.107352,0,PSF-01163_20250114090242_e0c,PFA-00994,PSA-00994,PSF-01163,RHS-01998,3.0.0,2025-01-13T08:33:48.201Z
48,9:03:47,14/01/2025,K_lowfl_medbth,Karina Guo,,,314,Low,0.028131,1.906975,0.027722,0.318918,2.487806,2.470514,3.611569,1.123763,24.525738,24.697403,35.853428,0.441786,7.5,PSF-01163_20250114090347_75e,0,0,0,121.645332,508.328674,0.760696,0.5,0.8,18.227123,1,64.44,63.99,28.3,27.15,27.15,100.73,80,70,12.6,60,3.981,8:59:25,14/01/2025,-1.75,1,0,0.001,0.002,-0.03,-0.169,-0.715,1,75,0.001,2,0.058905,0,0.02923,0,0,-0.000068,standard,0,rectangular,7000,500,1,2,55537,55537,55537,0,-9999,0,0,0,0,2.460449,2.503171,1.075498,0.74123,0.239234,-0.010993,0.274146,0.159453,121.645332,0.001143,2.363673,0.000005,1,2.399535,0.000012,1,0.601056,0.600294,0.107352,0,PSF-01163_20250114090347_75e,PFA-00994,PSA-00994,PSF-01163,RHS-01998,3.0.0,2025-01-13T08:33:48.201Z
49,9:04:32,14/01/2025,K_lowfl_medbth,Karina Guo,,,314,Low,0.048626,1.901874,0.047413,0.506003,2.506184,2.478658,3.548898,1.042714,24.606522,24.879784,35.231182,0.441786,7.5,PSF-01163_20250114090432_d8a,0,0,0,116.273048,477.694641,0.756595,0.5,0.8,18.222586,1,64.86,64.15,28.31,26.86,26.86,100.73,79.8,79.5,0.4,60,3.981,8:59:25,14/01/2025,-1.75,1,0,0,0.002,0.08,0.146,0.254,1,75,0.001,2,0.058905,0,0.02923,0,0,-0.000068,standard,0,rectangular,7000,500,1,2,55537,55537,55537,0,-9999,0,0,0,0,2.460661,2.50375,1.073601,0.761786,0.239114,-0.014567,0.278253,0.159722,116.273048,0.001156,2.363673,0.000005,1,2.399535,0.000012,1,0.601056,0.600294,0.107352,0,PSF-01163_20250114090432_d8a,PFA-00994,PSA-00994,PSF-01163,RHS-01998,3.0.0,2025-01-13T08:33:48.201Z
50,9:04:59,14/01/2025,K_lowfl_medbth,Karina Guo,,,314,Low,0.066707,1.904967,0.06445,0.703704,2.520281,2.482088,3.586739,1.066458,24.641733,25.020908,35.608513,0.441786,7.5,PSF-01163_20250114090459_a75,0,0,0,117.469666,501.775848,0.765892,0.5,0.8,19.075207,1,65.19,64.2,28.32,27.04,27.04,100.73,79.9,74.9,6.4,62,3.981,8:59:25,14/01/2025,-1.75,1,0,0.001,0.002,0.064,0.107,0.18,1,75,0.001,2,0.058905,0,0.02923,0,0,-0.000068,standard,0,rectangular,7000,500,1,2,55537,55537,55537,0,-9999,0,0,0,0,2.460726,2.504192,1.074751,0.751748,0.239019,-0.012608,0.280591,0.161507,117.469666,0.001153,2.363673,0.000005,1,2.399535,0.000012,1,0.601056,0.600294,0.107352,0,PSF-01163_20250114090459_a75,PFA-00994,PSA-00994,PSF-01163,RHS-01998,3.0.0,2025-01-13T08:33:48.201Z
51,9:06:42,14/01/2025,K_lowfl_medbth,Karina Guo,,,356,High,0.141391,1.908859,0.131641,1.358058,2.567855,2.494374,3.575352,1.007496,24.762667,25.492144,35.493969,0.441786,7.5,PSF-01163_20250114090642_3af,0,0,0,120.561005,542.874451,0.777921,0.5,0.8,19.266933,1,66.28,64.38,28.36,26.98,26.98,100.73,80.2,77.1,3.8,62,3.979,8:59:25,14/01/2025,-1.75,1,0.002,0,0.003,0.055,0.14,0.358,1,75,0.001,2,0.058905,0,0.02923,0,0,-0.000068,standard,0,rectangular,7000,500,1,2,55537,55537,55537,0,-9999,0,0,0,0,2.46095,2.505658,1.076201,0.756719,0.238661,-0.013666,0.290028,0.161205,120.561005,0.001136,2.363673,0.000005,1,2.399535,0.000012,1,0.601056,0.600294,0.107352,0,PSF-01163_20250114090642_3af,PFA-00994,PSA-00994,PSF-01163,RHS-01998,3.0.0,2025-01-13T08:33:48.201Z
52,9:07:18,14/01/2025,K_lowfl_medbth,Karina Guo,,,356,High,0.132281,1.9016,0.123677,1.250508,2.549649,2.481642,3.537346,0.987697,24.636944,25.312094,35.11763,0.441786,7.5,PSF-01163_20250114090718_7a2,0,0,0,121.576668,527.125977,0.769359,0.5,0.8,19.582428,1,65.75,63.99,28.37,26.8,26.8,100.73,79.8,67.3,15.6,64,3.977,8:59:25,14/01/2025,-1.75,1,0,0,0.002,0.213,0.314,0.454,1,75,0.001,2,0.058905,0,0.02923,0,0,-0.000068,standard,0,rectangular,7000,500,1,2,55537,55537,55537,0,-9999,0,0,0,0,2.460442,2.504939,1.073499,0.735476,0.238518,-0.015928,0.293201,0.162696,121.576668,0.001163,2.363673,0.000005,1,2.399535,0.000012,1,0.601056,0.600294,0.107352,0,PSF-01163_20250114090718_7a2,PFA-00994,PSA-00994,PSF-01163,RHS-01998,3.0.0,2025-01-13T08:33:48.201Z
53,9:08:16,14/01/2025,K_lowfl_medbth,Karina Guo,,,356,High,0.110562,1.906424,0.104501,1.11121,2.54152,2.481282,3.580059,1.038539,24.63349,25.23152,35.541847,0.441786,7.5,PSF-01163_20250114090816_9fb,0,0,0,130.289551,544.785278,0.760842,0.5,0.8,18.33626,1,65.46,63.9,28.39,27,27,100.73,80,78.6,1.8,60,3.977,8:59:25,14/01/2025,-1.75,1,0.001,0,0.002,0.438,0.428,0.88,1,75,0.001,2,0.058905,0,0.02923,0,0,-0.000068,standard,0,rectangular,7000,500,1,2,55537,55537,55537,0,-9999,0,0,0,0,2.460319,2.504537,1.075293,0.759913,0.238312,-0.013834,0.29833,0.159755,130.289551,0.001151,2.363673,0.000005,1,2.399535,0.000012,1,0.601056,0.600294,0.107352,0,PSF-01163_20250114090816_9fb,PFA-00994,PSA-00994,PSF-01163,RHS-01998,3.0.0,2025-01-13T08:33:48.201Z
54,9:08:49,14/01/2025,K_lowfl_medbth,Karina Guo,,,186,Mid,0.103356,1.903053,0.098032,1.040496,2.538308,2.48177,3.575005,1.036697,24.637726,25.198999,35.490788,0.441786,7.5,PSF-01163_20250114090849_d8a,0,0,0,136.306641,522.410645,0.739081,0.5,0.8,19.043581,1,65.34,63.88,28.4,26.98,26.98,100.73,79.8,76.1,4.6,64,3.976,8:59:25,14/01/2025,-1.75,1,-0.001,0,0.002,-0.075,-0.044,0.149,1,75,0.001,2,0.058905,0,0.02923,0,0,-0.000068,standard,0,rectangular,7000,500,1,2,55537,55537,55537,0,-9999,0,0,0,0,2.46029,2.504377,1.074039,0.754546,0.238227,-0.014214,0.301177,0.163378,136.306641,0.00114,2.363673,0.000005,1,2.399535,0.000012,1,0.601056,0.600294,0.107352,0,PSF-01163_20250114090849_d8a,PFA-00994,PSA-00994,PSF-01163,RHS-01998,3.0.0,2025-01-13T08:33:48.201Z
55,9:09:37,14/01/2025,K_lowfl_medbth,Karina Guo,,,186,Mid,0.139963,1.905266,0.130385,1.316191,2.560631,2.489234,3.546689,0.986058,24.710838,25.419603,35.208282,0.441786,7.5,PSF-01163_20250114090937_019,0,0,0,132.296204,554.550293,0.761435,0.5,0.8,20.172224,1,65.88,64.04,28.41,26.84,26.84,100.73,80,70.7,11.5,66,3.974,8:59:25,14/01/2025,-1.75,1,0.001,0.001,0.005,-0.083,-0.056,-0.362,1,75,0.001,2,0.058905,0,0.02923,0,0,-0.000068,standard,0,rectangular,7000,500,1,2,55537,55537,55537,0,-9999,0,0,0,0,2.460499,2.505112,1.074862,0.742801,0.238148,-0.015864,0.305407,0.164957,132.296204,0.001152,2.363673,0.000005,1,2.399535,0.000012,1,0.601056,0.600294,0.107352,0,PSF-01163_20250114090937_019,PFA-00994,PSA-00994,PSF-01163,RHS-01998,3.0.0,2025-01-13T08:33:48.201Z
56,9:10:36,14/01/2025,K_lowfl_medbth,Karina Guo,,,186,Mid,0.127765,1.904851,0.119734,1.329916,2.556519,2.484358,3.640928,1.084409,24.663717,25.380104,36.145683,0.441786,7.5,PSF-01163_20250114091036_e67,0,0,0,144.836075,468.165649,0.690631,0.5,0.8,18.323708,1,65.73,63.87,28.42,27.29,27.29,100.73,79.9,79.4,0.7,66,3.973,9:10:15,14/01/2025,-1.16,0,0.001,0,0.004,0.258,0.561,1.029,1,75,0.001,2,0.058905,0,0.02923,0,0,-0.000068,standard,0,rectangular,7000,500,1,2,55537,55537,55537,0,-9999,0,0,0,0,2.460272,2.504101,1.074708,0.761603,0.238032,-0.010867,0.310646,0.165042,144.836075,0.001136,2.363673,0.000005,1,2.399535,0.000012,1,0.601056,0.600294,0.107352,0,PSF-01163_20250114091036_e67,PFA-00994,PSA-00994,PSF-01163,RHS-01998,3.0.0,2025-01-13T08:33:48.201Z
57,9:11:11,14/01/2025,K_lowfl_medbth,Karina Guo,,,331,Mid,0.189642,1.902173,0.172449,1.65785,2.577569,2.487464,3.516704,0.939135,24.692963,25.587435,34.910191,0.441786,7.5,PSF-01163_20250114091111_e68,0,0,0,129.196289,537.057251,0.759437,0.5,0.8,20.628775,1,66.25,63.94,28.43,26.7,26.7,100.74,79.8,74.8,6.2,68,3.972,9:10:15,14/01/2025,-1.16,0,0,0.001,0.006,-0.07,-0.327,-0.938,1,75,0.001,2,0.058905,0,0.02923,0,0,-0.000068,standard,0,rectangular,7000,500,1,2,55537,55537,55537,0,-9999,0,0,0,0,2.460357,2.504814,1.073712,0.751705,0.237994,-0.017707,0.313598,0.166415,129.196289,0.001159,2.363673,0.000005,1,2.399535,0.000012,1,0.601056,0.600294,0.107352,0,PSF-01163_20250114091111_e68,PFA-00994,PSA-00994,PSF-01163,RHS-01998,3.0.0,2025-01-13T08:33:48.201Z
58,9:12:08,14/01/2025,K_lowfl_medbth,Karina Guo,,,331,Mid,0.240285,1.907969,0.213409,1.987213,2.609556,2.502008,3.519055,0.909499,24.837152,25.904772,34.933266,0.441786,7.5,PSF-01163_20250114091208_e1a,0,0,0,126.602768,548.92981,0.769364,0.5,0.8,21.483311,1,67.04,64.28,28.44,26.71,26.71,100.74,80.1,68,15.1,70,3.971,9:10:15,14/01/2025,-1.16,0,0.002,-0.001,-9999,-0.01,-0.005,-9999,1,75,0.001,2,0.058905,0,0.02923,0,0,-0.000068,standard,0,rectangular,7000,500,1,2,55537,55537,55537,0,-9999,0,0,0,0,2.460799,2.50588,1.075869,0.736989,0.237907,-0.017684,0.318579,0.168068,126.602768,0.001142,2.363673,0.000005,1,2.399535,0.000012,1,0.601056,0.600294,0.107352,0,PSF-01163_20250114091208_e1a,PFA-00994,PSA-00994,PSF-01163,RHS-01998,3.0.0,2025-01-13T08:33:48.201Z
59,9:12:45,14/01/2025,K_lowfl_medbth,Karina Guo,,,331,Mid,0.208054,1.908226,0.1876,1.833812,2.597457,2.49822,3.552075,0.954618,24.800472,25.785625,35.262363,0.441786,7.5,PSF-01163_20250114091245_79b,0,0,0,134.35936,542.528259,0.752346,0.5,0.8,21.091125,1,66.71,64.16,28.44,26.87,26.87,100.73,80.1,79.6,0.7,70,3.971,9:10:15,14/01/2025,-1.16,0,0.001,0,0.004,0.197,0.331,0.721,1,75,0.001,2,0.058905,0,0.02923,0,0,-0.000068,standard,0,rectangular,7000,500,1,2,55537,55537,55537,0,-9999,0,0,0,0,2.46065,2.505434,1.075965,0.762006,0.237867,-0.015913,0.321761,0.168308,134.35936,0.001163,2.363673,0.000005,1,2.399535,0.000012,1,0.601056,0.600294,0.107352,0,PSF-01163_20250114091245_79b,PFA-00994,PSA-00994,PSF-01163,RHS-01998,3.0.0,2025-01-13T08:33:48.201Z
60,9:13:16,14/01/2025,K_lowfl_medbth,Karina Guo,,,117,High,0.057698,1.906505,0.056003,0.67401,2.523992,2.487446,3.69896,1.174968,24.692102,25.054888,36.718437,0.441786,7.5,PSF-01163_20250114091316_a46,0,0,0,195.358521,469.729187,0.584104,0.5,0.8,16.615604,1,64.81,63.87,28.44,27.56,27.56,100.74,80,79.3,0.9,71,3.97,9:10:15,14/01/2025,-1.16,0,0,0,-0.001,-0.338,0.065,2.357,1,75,0.001,2,0.058905,0,0.02923,0,0,-0.000068,standard,0,rectangular,7000,500,1,2,55537,55537,55537,0,-9999,0,0,0,0,2.460269,2.502852,1.075323,0.761503,0.237831,-0.007992,0.324395,0.169205,195.358521,0.001143,2.363673,0.000005,1,2.399535,0.000012,1,0.601056,0.600294,0.107352,0,PSF-01163_20250114091316_a46,PFA-00994,PSA-00994,PSF-01163,RHS-01998,3.0.0,2025-01-13T08:33:48.201Z
61,9:13:51,14/01/2025,K_lowfl_medbth,Karina Guo,,,117,High,0.071074,1.900693,0.068512,0.790862,2.531829,2.48878,3.658967,1.127138,24.705168,25.132496,36.321163,0.441786,7.5,PSF-01163_20250114091351_ba1,0,0,0,196.989655,600.250854,0.671821,0.5,0.8,18.100344,1,64.99,63.88,28.45,27.38,27.38,100.74,79.7,79.5,0.3,67,3.968,9:10:15,14/01/2025,-1.16,0,0.001,0,0.002,-0.03,-0.119,-0.463,1,75,0.001,2,0.058905,0,0.02923,0,0,-0.000068,standard,0,rectangular,7000,500,1,2,55537,55537,55537,0,-9999,0,0,0,0,2.460279,2.50309,1.073163,0.761884,0.237768,-0.010217,0.327328,0.165935,196.989655,0.001167,2.363673,0.000005,1,2.399535,0.000012,1,0.601056,0.600294,0.107352,0,PSF-01163_20250114091351_ba1,PFA-00994,PSA-00994,PSF-01163,RHS-01998,3.0.0,2025-01-13T08:33:48.201Z
62,9:14:10,14/01/2025,K_lowfl_medbth,Karina Guo,,,117,High,0.06953,1.904706,0.067081,0.73619,2.530947,2.490983,3.602849,1.071902,24.727409,25.124117,35.764629,0.441786,7.5,PSF-01163_20250114091410_ded,0,0,0,176.86879,605.11853,0.707712,0.5,0.8,19.017277,1,64.95,63.93,28.45,27.11,27.11,100.74,79.9,79.6,0.4,67,3.942,9:10:15,14/01/2025,-1.16,0,0,0,-9999,0.184,0.185,-9999,1,75,0.001,2,0.058905,0,0.02923,0,0,-0.000068,standard,0,rectangular,7000,500,1,2,55537,55537,55537,0,-9999,0,0,0,0,2.460339,2.503043,1.074654,0.762155,0.23774,-0.01329,0.328972,0.165781,176.86879,0.001155,2.363673,0.000005,1,2.399535,0.000012,1,0.601056,0.600294,0.107352,0,PSF-01163_20250114091410_ded,PFA-00994,PSA-00994,PSF-01163,RHS-01998,3.0.0,2025-01-13T08:33:48.201Z
63,9:14:30,14/01/2025,K_lowfl_medbth,Karina Guo,,,197,High,0.066545,1.904481,0.064298,0.664028,2.543227,2.507178,3.552183,1.008956,24.886372,25.244204,35.259151,0.441786,7.5,PSF-01163_20250114091430_788,0,0,0,197.515732,595.984009,0.668589,0.5,0.8,17.300797,1,65.26,64.33,28.46,26.87,26.87,100.75,79.9,79.2,0.9,65,3.968,9:10:15,14/01/2025,-1.16,0,0.002,0,-9999,0.028,-0.188,-9999,1,75,0.001,2,0.058905,0,0.02923,0,0,-0.000068,standard,0,rectangular,7000,500,1,2,55537,55537,55537,0,-9999,0,0,0,0,2.460866,2.503453,1.07457,0.761294,0.237708,-0.0161,0.330653,0.163618,197.515732,0.001142,2.363673,0.000005,1,2.399535,0.000012,1,0.601056,0.600294,0.107352,0,PSF-01163_20250114091430_788,PFA-00994,PSA-00994,PSF-01163,RHS-01998,3.0.0,2025-01-13T08:33:48.201Z
64,9:14:57,14/01/2025,K_lowfl_medbth,Karina Guo,,,197,High,0.059741,1.901644,0.057922,0.663808,2.532476,2.496364,3.651637,1.119161,24.778791,25.137234,36.245972,0.441786,7.5,PSF-01163_20250114091457_da2,0,0,0,211.725357,597.621948,0.64572,0.5,0.8,18.988272,1,64.96,64.04,28.46,27.34,27.34,100.75,79.8,79.4,0.5,74,3.968,9:10:15,14/01/2025,-1.16,0,0,0.001,0,0.489,0.887,2.128,1,75,0.001,2,0.058905,0,0.02923,0,0,-0.000068,standard,0,rectangular,7000,500,1,2,55537,55537,55537,0,-9999,0,0,0,0,2.460478,2.503053,1.073516,0.761633,0.237663,-0.010741,0.332899,0.171293,211.725357,0.001149,2.363673,0.000005,1,2.399535,0.000012,1,0.601056,0.600294,0.107352,0,PSF-01163_20250114091457_da2,PFA-00994,PSA-00994,PSF-01163,RHS-01998,3.0.0,2025-01-13T08:33:48.201Z
65,9:15:18,14/01/2025,K_lowfl_medbth,Karina Guo,,,197,High,0.060053,1.905499,0.058219,0.685655,2.531446,2.494243,3.681383,1.149936,24.757553,25.126829,36.540955,0.441786,7.5,PSF-01163_20250114091518_aa1,0,0,0,204.85318,620.886353,0.670063,0.5,0.8,19.754368,1,64.93,63.97,28.47,27.48,27.48,100.75,80,79.4,0.7,74,3.967,9:10:15,14/01/2025,-1.16,0,0,0,0.003,0.343,0.749,1.469,1,75,0.001,2,0.058905,0,0.02923,0,0,-0.000068,standard,0,rectangular,7000,500,1,2,55537,55537,55537,0,-9999,0,0,0,0,2.460392,2.503002,1.074949,0.761654,0.237637,-0.009172,0.334583,0.171456,204.85318,0.001164,2.363673,0.000005,1,2.399535,0.000012,1,0.601056,0.600294,0.107352,0,PSF-01163_20250114091518_aa1,PFA-00994,PSA-00994,PSF-01163,RHS-01998,3.0.0,2025-01-13T08:33:48.201Z
66,9:15:47,14/01/2025,K_lowfl_medbth,Karina Guo,,,377,Low,0.089052,1.904497,0.085074,0.93394,2.535697,2.484991,3.607928,1.072232,24.666698,25.170015,35.813278,0.441786,7.5,PSF-01163_20250114091547_370,0,0,0,150.308853,533.683411,0.718356,0.5,0.8,22.431078,1,65.02,63.72,28.47,27.14,27.14,100.74,79.9,79.5,0.5,78,3.966,9:10:15,14/01/2025,-1.16,0,0,-0.001,0.003,0.059,-0.039,-0.342,1,75,0.001,2,0.058905,0,0.02923,0,0,-0.000068,standard,0,rectangular,7000,500,1,2,55537,55537,55537,0,-9999,0,0,0,0,2.46006,2.503128,1.074576,0.761836,0.237597,-0.013189,0.336953,0.175248,150.308853,0.001161,2.363673,0.000005,1,2.399535,0.000012,1,0.601056,0.600294,0.107352,0,PSF-01163_20250114091547_370,PFA-00994,PSA-00994,PSF-01163,RHS-01998,3.0.0,2025-01-13T08:33:48.201Z
67,9:16:20,14/01/2025,K_lowfl_medbth,Karina Guo,,,377,Low,0.079509,1.903057,0.076321,0.816955,2.538425,2.494025,3.584133,1.045708,24.754034,25.194725,35.573723,0.441786,7.5,PSF-01163_20250114091620_96b,0,0,0,130.527023,533.252502,0.755225,0.5,0.8,23.161867,1,65.06,63.93,28.48,27.02,27.02,100.75,79.8,79.6,0.3,77,3.94,9:10:15,14/01/2025,-1.16,0,0,-0.001,0.002,0.035,0.005,-0.088,1,75,0.001,2,0.058905,0,0.02923,0,0,-0.000068,standard,0,rectangular,7000,500,1,2,55537,55537,55537,0,-9999,0,0,0,0,2.46033,2.503188,1.074041,0.762037,0.237536,-0.014561,0.339812,0.174038,130.527023,0.001147,2.363673,0.000005,1,2.399535,0.000012,1,0.601056,0.600294,0.107352,0,PSF-01163_20250114091620_96b,PFA-00994,PSA-00994,PSF-01163,RHS-01998,3.0.0,2025-01-13T08:33:48.201Z
68,9:16:46,14/01/2025,K_lowfl_medbth,Karina Guo,,,377,Low,0.147144,1.905384,0.136596,1.351021,2.567845,2.494559,3.53413,0.966285,24.760447,25.48786,35.078999,0.441786,7.5,PSF-01163_20250114091646_5e0,0,0,0,122.453217,528.521057,0.76831,0.5,0.8,23.8437,1,65.8,63.93,28.48,26.78,26.78,100.75,80,79.2,1,78,3.965,9:10:15,14/01/2025,-1.16,0,0,0,0.002,0.134,0.252,0.149,1,75,0.001,2,0.058905,0,0.02923,0,0,-0.000068,standard,0,rectangular,7000,500,1,2,55537,55537,55537,0,-9999,0,0,0,0,2.460331,2.504194,1.074906,0.761141,0.237503,-0.017345,0.34193,0.174832,122.453217,0.001161,2.363673,0.000005,1,2.399535,0.000012,1,0.601056,0.600294,0.107352,0,PSF-01163_20250114091646_5e0,PFA-00994,PSA-00994,PSF-01163,RHS-01998,3.0.0,2025-01-13T08:33:48.201Z
69,9:17:09,14/01/2025,K_lowfl_medbth,Karina Guo,,,261,Mid,0.120162,1.90618,0.113036,1.108952,2.555716,2.495587,3.514336,0.95862,24.770647,25.367477,34.882526,0.441786,7.5,PSF-01163_20250114091709_798,0,0,0,132.222168,545.899292,0.75779,0.5,0.8,23.652096,1,65.48,63.94,28.48,26.69,26.69,100.75,80,79.3,0.9,78,3.964,9:10:15,14/01/2025,-1.16,0,-0.001,0,0.006,-0.048,-0.241,-0.576,1,75,0.001,2,0.058905,0,0.02923,0,0,-0.000068,standard,0,rectangular,7000,500,1,2,55537,55537,55537,0,-9999,0,0,0,0,2.460346,2.503751,1.075202,0.761462,0.237467,-0.018483,0.343811,0.175219,132.222168,0.001177,2.363673,0.000005,1,2.399535,0.000012,1,0.601056,0.600294,0.107352,0,PSF-01163_20250114091709_798,PFA-00994,PSA-00994,PSF-01163,RHS-01998,3.0.0,2025-01-13T08:33:48.201Z
70,9:17:33,14/01/2025,K_lowfl_medbth,Karina Guo,,,261,Mid,0.069821,1.904217,0.067351,0.72487,2.53108,2.491713,3.582494,1.051414,24.73189,25.122627,35.558609,0.441786,7.5,PSF-01163_20250114091733_0c7,0,0,0,146.46756,577.374451,0.746321,0.5,0.8,23.565041,1,64.83,63.82,28.49,27.02,27.02,100.75,79.9,79.5,0.4,79,3.963,9:10:15,14/01/2025,-1.16,0,0,0,0.002,0.091,0.109,0.147,1,75,0.001,2,0.058905,0,0.02923,0,0,-0.000068,standard,0,rectangular,7000,500,1,2,55537,55537,55537,0,-9999,0,0,0,0,2.460193,2.50287,1.074471,0.761983,0.237425,-0.014786,0.345784,0.176008,146.46756,0.001154,2.363673,0.000005,1,2.399535,0.000012,1,0.601056,0.600294,0.107352,0,PSF-01163_20250114091733_0c7,PFA-00994,PSA-00994,PSF-01163,RHS-01998,3.0.0,2025-01-13T08:33:48.201Z
71,9:17:59,14/01/2025,K_lowfl_medbth,Karina Guo,,,261,Mid,0.063443,1.903349,0.061397,0.678158,2.524488,2.487632,3.603539,1.07905,24.689913,25.055712,35.765358,0.441786,7.5,PSF-01163_20250114091759_971,0,0,0,162.389511,559.36792,0.709691,0.5,0.8,22.369572,1,64.65,63.7,28.49,27.12,27.12,100.75,79.9,79.6,0.4,79,3.962,9:10:15,14/01/2025,-1.16,0,0,0,0.004,0.051,-0.088,-0.163,1,75,0.001,2,0.058905,0,0.02923,0,0,-0.000068,standard,0,rectangular,7000,500,1,2,55537,55537,55537,0,-9999,0,0,0,0,2.460038,2.502621,1.074149,0.762009,0.23739,-0.013681,0.347827,0.175889,162.389511,0.001137,2.363673,0.000005,1,2.399535,0.000012,1,0.601056,0.600294,0.107352,0,PSF-01163_20250114091759_971,PFA-00994,PSA-00994,PSF-01163,RHS-01998,3.0.0,2025-01-13T08:33:48.201Z
73,9:20:03,14/01/2025,K_lowfl_medbth,Karina Guo,,,620,Low,0.250007,1.908268,0.221047,2.096474,2.598784,2.485307,3.525373,0.926589,24.665792,25.792011,34.988087,0.441786,7.5,PSF-01163_20250114092003_bd7,0,0,0,122.761848,599.25415,0.795142,0.5,0.8,25.728283,1,66.47,63.57,28.51,26.74,26.74,100.76,80.1,79.4,0.9,81,3.961,9:10:15,14/01/2025,-1.16,0,0.001,0,0.003,0.122,0.159,0.245,1,75,0.001,2,0.058905,0,0.02923,0,0,-0.000068,standard,0,rectangular,7000,500,1,2,55537,55537,55537,0,-9999,0,0,0,0,2.45986,2.505098,1.07598,0.761693,0.237204,-0.018195,0.358148,0.177708,122.761848,0.001159,2.363673,0.000005,1,2.399535,0.000012,1,0.601056,0.600294,0.107352,0,PSF-01163_20250114092003_bd7,PFA-00994,PSA-00994,PSF-01163,RHS-01998,3.0.0,2025-01-13T08:33:48.201Z
74,9:20:49,14/01/2025,K_lowfl_medbth,Karina Guo,,,620,Low,0.146813,1.908082,0.136324,1.271471,2.562233,2.493377,3.473844,0.911612,24.746073,25.429445,34.476936,0.441786,7.5,PSF-01163_20250114092049_b33,0,0,0,122.929932,564.603577,0.782272,0.5,0.8,24.342888,1,65.42,63.66,28.54,26.49,26.49,100.76,80.1,71.9,10.3,78,3.959,9:20:33,14/01/2025,-1.64,1,0,-0.001,0.001,-0.136,-0.614,-0.918,1,75,0.001,2,0.058905,0,0.02923,0,0,-0.000068,standard,0,rectangular,7000,500,1,2,55537,55537,55537,0,-9999,0,0,0,0,2.45997,2.504312,1.075911,0.745308,0.236906,-0.021422,0.361931,0.175015,122.929932,0.001144,2.363673,0.000005,1,2.399535,0.000012,1,0.601056,0.600294,0.107352,0,PSF-01163_20250114092049_b33,PFA-00994,PSA-00994,PSF-01163,RHS-01998,3.0.0,2025-01-13T08:33:48.201Z
75,9:21:15,14/01/2025,K_lowfl_medbth,Karina Guo,,,620,Low,0.162185,1.904352,0.149456,1.357273,2.567002,2.493314,3.454731,0.887729,24.744274,25.475574,34.285625,0.441786,7.5,PSF-01163_20250114092115_fb9,0,0,0,124.71199,580.483704,0.785159,0.5,0.8,24.134399,1,65.5,63.62,28.55,26.4,26.4,100.76,79.9,79.4,0.7,77,3.959,9:20:33,14/01/2025,-1.64,1,0,0,0.003,-0.16,-0.11,-0.385,1,75,0.001,2,0.058905,0,0.02923,0,0,-0.000068,standard,0,rectangular,7000,500,1,2,55537,55537,55537,0,-9999,0,0,0,0,2.459911,2.504417,1.074522,0.761563,0.236801,-0.022619,0.364037,0.174189,124.71199,0.001162,2.363673,0.000005,1,2.399535,0.000012,1,0.601056,0.600294,0.107352,0,PSF-01163_20250114092115_fb9,PFA-00994,PSA-00994,PSF-01163,RHS-01998,3.0.0,2025-01-13T08:33:48.201Z
76,9:21:36,14/01/2025,K_lowfl_medbth,Karina Guo,,,32,Mid,0.066928,1.90851,0.06466,0.676682,2.527283,2.490635,3.549958,1.022675,24.718367,25.082083,35.231651,0.441786,7.5,PSF-01163_20250114092136_348,0,0,0,143.403412,616.290466,0.767312,0.5,0.8,22.345133,1,64.47,63.54,28.56,26.86,26.86,100.76,80.1,78.9,1.6,73,3.959,9:20:33,14/01/2025,-1.64,1,0.001,0.001,0.007,0.245,0.223,0.74,1,75,0.001,2,0.058905,0,0.02923,0,0,-0.000068,standard,0,rectangular,7000,500,1,2,55537,55537,55537,0,-9999,0,0,0,0,2.459807,2.503025,1.07607,0.760496,0.236773,-0.01737,0.365729,0.170673,143.403412,0.001127,2.363673,0.000005,1,2.399535,0.000012,1,0.601056,0.600294,0.107352,0,PSF-01163_20250114092136_348,PFA-00994,PSA-00994,PSF-01163,RHS-01998,3.0.0,2025-01-13T08:33:48.201Z
77,9:22:15,14/01/2025,K_lowfl_medbth,Karina Guo,,,32,Mid,0.057958,1.900825,0.056243,0.585515,2.527337,2.495458,3.544763,1.017426,24.764513,25.080875,35.177639,0.441786,7.5,PSF-01163_20250114092215_706,0,0,0,175.622101,620.950012,0.717172,0.5,0.8,22.567741,1,64.45,63.63,28.57,26.84,26.84,100.77,79.7,79.4,0.5,79,3.958,9:20:33,14/01/2025,-1.64,1,0.001,-0.001,0.003,-0.198,0.349,-0.218,1,75,0.001,2,0.058905,0,0.02923,0,0,-0.000068,standard,0,rectangular,7000,500,1,2,55537,55537,55537,0,-9999,0,0,0,0,2.459929,2.502986,1.073212,0.761561,0.236701,-0.017744,0.368913,0.175775,175.622101,0.001148,2.363673,0.000005,1,2.399535,0.000012,1,0.601056,0.600294,0.107352,0,PSF-01163_20250114092215_706,PFA-00994,PSA-00994,PSF-01163,RHS-01998,3.0.0,2025-01-13T08:33:48.201Z
78,9:22:50,14/01/2025,K_lowfl_medbth,Karina Guo,,,32,Mid,0.105508,1.905526,0.099972,1.061983,2.547805,2.490181,3.58565,1.037845,24.712328,25.284182,35.583664,0.441786,7.5,PSF-01163_20250114092250_58f,0,0,0,160.394318,625.706055,0.743659,0.5,0.8,24.1779,1,64.93,63.46,28.57,27.03,27.03,100.77,80,79.3,0.8,81,3.931,9:20:33,14/01/2025,-1.64,1,0,0.001,0.003,0.078,0.071,0.134,1,75,0.001,2,0.058905,0,0.02923,0,0,-0.000068,standard,0,rectangular,7000,500,1,2,55537,55537,55537,0,-9999,0,0,0,0,2.459703,2.503643,1.074959,0.761485,0.236609,-0.015617,0.371742,0.178046,160.394318,0.00115,2.363673,0.000005,1,2.399535,0.000012,1,0.601056,0.600294,0.107352,0,PSF-01163_20250114092250_58f,PFA-00994,PSA-00994,PSF-01163,RHS-01998,3.0.0,2025-01-13T08:33:48.201Z
79,9:23:28,14/01/2025,K_lowfl_medbth,Karina Guo,,,15,Low,0.099494,1.904949,0.094555,1.04756,2.544178,2.487314,3.626341,1.082162,24.684553,25.248884,35.988457,0.441786,7.5,PSF-01163_20250114092328_b89,0,0,0,149.800293,588.115479,0.745288,0.5,0.8,23.809063,1,64.79,63.34,28.59,27.22,27.22,100.76,79.9,79.5,0.6,80,3.956,9:20:33,14/01/2025,-1.64,1,0,0,0.003,0.933,-0.295,-0.066,1,75,0.001,2,0.058905,0,0.02923,0,0,-0.000068,standard,0,rectangular,7000,500,1,2,55537,55537,55537,0,-9999,0,0,0,0,2.459538,2.503444,1.074744,0.761799,0.23648,-0.013563,0.374759,0.176815,149.800293,0.001145,2.363673,0.000005,1,2.399535,0.000012,1,0.601056,0.600294,0.107352,0,PSF-01163_20250114092328_b89,PFA-00994,PSA-00994,PSF-01163,RHS-01998,3.0.0,2025-01-13T08:33:48.201Z
80,9:24:11,14/01/2025,K_lowfl_medbth,Karina Guo,,,15,Low,0.107467,1.899512,0.101713,1.054664,2.553878,2.496422,3.566981,1.013103,24.774754,25.344957,35.39909,0.441786,7.5,PSF-01163_20250114092411_1d0,0,0,0,150.59137,591.051208,0.745214,0.5,0.8,23.066782,1,64.96,63.5,28.61,26.94,26.94,100.76,79.6,79.3,0.5,77,3.954,9:20:33,14/01/2025,-1.64,1,0.002,0.001,0.003,0.006,0.086,-0.05,1,75,0.001,2,0.058905,0,0.02923,0,0,-0.000068,standard,0,rectangular,7000,500,1,2,55537,55537,55537,0,-9999,0,0,0,0,2.459743,2.503675,1.072724,0.76141,0.236294,-0.017026,0.378167,0.174656,150.59137,0.001163,2.363673,0.000005,1,2.399535,0.000012,1,0.601056,0.600294,0.107352,0,PSF-01163_20250114092411_1d0,PFA-00994,PSA-00994,PSF-01163,RHS-01998,3.0.0,2025-01-13T08:33:48.201Z
81,9:24:34,14/01/2025,K_lowfl_medbth,Karina Guo,,,15,Low,0.113998,1.902064,0.107552,1.119866,2.547864,2.486959,3.56522,1.017355,24.68121,25.285652,35.382145,0.441786,7.5,PSF-01163_20250114092434_e73,0,0,0,139.147644,563.400513,0.753022,0.5,0.8,23.015163,1,64.78,63.23,28.62,26.93,26.93,100.76,79.8,79.1,0.8,76,3.953,9:20:33,14/01/2025,-1.64,1,-0.001,0,0.001,-0.025,-0.098,-0.228,1,75,0.001,2,0.058905,0,0.02923,0,0,-0.000068,standard,0,rectangular,7000,500,1,2,55537,55537,55537,0,-9999,0,0,0,0,2.45939,2.503428,1.073671,0.761055,0.236225,-0.017208,0.379917,0.173809,139.147644,0.001147,2.363673,0.000005,1,2.399535,0.000012,1,0.601056,0.600294,0.107352,0,PSF-01163_20250114092434_e73,PFA-00994,PSA-00994,PSF-01163,RHS-01998,3.0.0,2025-01-13T08:33:48.201Z
82,9:25:15,14/01/2025,K_lowfl_medbth,Karina Guo,,,42,High,0.063063,1.904858,0.061042,0.69752,2.526061,2.488189,3.642226,1.116165,24.693474,25.069326,36.146458,0.441786,7.5,PSF-01163_20250114092515_4c8,0,0,0,146.120316,579.485901,0.747845,0.5,0.8,25.906986,1,64.16,63.2,28.63,27.3,27.3,100.76,79.9,79.4,0.6,87,3.953,9:20:33,14/01/2025,-1.64,1,0.001,0.001,0.002,-0.031,0.089,0.073,1,75,0.001,2,0.058905,0,0.02923,0,0,-0.000068,standard,0,rectangular,7000,500,1,2,55537,55537,55537,0,-9999,0,0,0,0,2.459348,2.502588,1.07471,0.761736,0.236071,-0.013208,0.383176,0.182677,146.120316,0.001173,2.363673,0.000005,1,2.399535,0.000012,1,0.601056,0.600294,0.107352,0,PSF-01163_20250114092515_4c8,PFA-00994,PSA-00994,PSF-01163,RHS-01998,3.0.0,2025-01-13T08:33:48.201Z
83,9:25:56,14/01/2025,K_lowfl_medbth,Karina Guo,,,42,High,0.052019,1.902677,0.050634,0.600555,2.522212,2.489553,3.680606,1.158394,24.705667,25.029764,36.525356,0.441786,7.5,PSF-01163_20250114092556_621,0,0,0,152.940628,603.692627,0.746658,0.5,0.8,25.209599,1,64.01,63.18,28.65,27.48,27.48,100.77,79.8,79.5,0.4,84,3.953,9:20:33,14/01/2025,-1.64,1,0,0,0.002,-0.033,-0.197,-0.334,1,75,0.001,2,0.058905,0,0.02923,0,0,-0.000068,standard,0,rectangular,7000,500,1,2,55537,55537,55537,0,-9999,0,0,0,0,2.459325,2.502383,1.073899,0.761822,0.235941,-0.011301,0.386424,0.180766,152.940628,0.001133,2.363673,0.000005,1,2.399535,0.000012,1,0.601056,0.600294,0.107352,0,PSF-01163_20250114092556_621,PFA-00994,PSA-00994,PSF-01163,RHS-01998,3.0.0,2025-01-13T08:33:48.201Z
84,9:26:17,14/01/2025,K_lowfl_medbth,Karina Guo,,,42,High,0.056673,1.903095,0.055034,0.591328,2.530688,2.498544,3.580552,1.049864,24.795879,25.114878,35.533863,0.441786,7.5,PSF-01163_20250114092617_8bf,0,0,0,141.388184,578.36261,0.755537,0.5,0.8,24.814987,1,64.2,63.39,28.65,27.01,27.01,100.76,79.8,78.6,1.6,82,3.952,9:20:33,14/01/2025,-1.64,1,-0.001,-0.001,0.003,-0.228,-0.17,-0.726,1,75,0.001,2,0.058905,0,0.02923,0,0,-0.000068,standard,0,rectangular,7000,500,1,2,55537,55537,55537,0,-9999,0,0,0,0,2.459591,2.502642,1.074054,0.759889,0.235882,-0.016793,0.388053,0.178768,141.388184,0.001159,2.363673,0.000005,1,2.399535,0.000012,1,0.601056,0.600294,0.107352,0,PSF-01163_20250114092617_8bf,PFA-00994,PSA-00994,PSF-01163,RHS-01998,3.0.0,2025-01-13T08:33:48.201Z
85,9:26:58,14/01/2025,K_lowfl_medbth,Karina Guo,,,5,Low,0.063978,1.90775,0.061902,0.672651,2.534425,2.497977,3.59607,1.061645,24.789946,25.151657,35.687424,0.441786,7.5,PSF-01163_20250114092658_cfe,0,0,0,139.36615,581.003296,0.760128,0.5,0.8,25.022921,1,64.25,63.33,28.67,27.08,27.08,100.77,80.1,79.2,1.1,82,3.952,9:20:33,14/01/2025,-1.64,1,0.001,0,0,-0.14,-0.317,-0.57,1,75,0.001,2,0.058905,0,0.02923,0,0,-0.000068,standard,0,rectangular,7000,500,1,2,55537,55537,55537,0,-9999,0,0,0,0,2.45951,2.502705,1.075787,0.76125,0.235765,-0.01609,0.391217,0.178931,139.36615,0.001151,2.363673,0.000005,1,2.399535,0.000012,1,0.601056,0.600294,0.107352,0,PSF-01163_20250114092658_cfe,PFA-00994,PSA-00994,PSF-01163,RHS-01998,3.0.0,2025-01-13T08:33:48.201Z
86,9:27:33,14/01/2025,K_lowfl_medbth,Karina Guo,,,5,Low,0.065629,1.901969,0.06344,0.738028,2.537069,2.496923,3.673174,1.136105,24.780035,25.178452,36.453415,0.441786,7.5,PSF-01163_20250114092733_41f,0,0,0,144.246704,603.967651,0.761168,0.5,0.8,26.210537,1,64.27,63.25,28.68,27.44,27.44,100.76,79.8,79.2,0.7,86,3.951,9:20:33,14/01/2025,-1.64,1,0.001,0.001,0.003,0.118,0.312,0.777,1,75,0.001,2,0.058905,0,0.02923,0,0,-0.000068,standard,0,rectangular,7000,500,1,2,55537,55537,55537,0,-9999,0,0,0,0,2.459407,2.502725,1.073636,0.761287,0.235638,-0.012075,0.393975,0.182226,144.246704,0.001164,2.363673,0.000005,1,2.399535,0.000012,1,0.601056,0.600294,0.107352,0,PSF-01163_20250114092733_41f,PFA-00994,PSA-00994,PSF-01163,RHS-01998,3.0.0,2025-01-13T08:33:48.201Z
87,9:27:56,14/01/2025,K_lowfl_medbth,Karina Guo,,,5,Low,0.044332,1.904675,0.043323,0.509556,2.531342,2.503673,3.679988,1.148646,24.846527,25.121117,36.520317,0.441786,7.5,PSF-01163_20250114092756_fd6,0,0,0,158.443451,582.742432,0.728107,0.5,0.8,23.284765,1,64.09,63.39,28.69,27.47,27.47,100.77,79.9,79.2,0.8,80,3.95,9:20:33,14/01/2025,-1.64,1,-0.001,-0.001,0.002,-0.011,-0.035,-0.019,1,75,0.001,2,0.058905,0,0.02923,0,0,-0.000068,standard,0,rectangular,7000,500,1,2,55537,55537,55537,0,-9999,0,0,0,0,2.459587,2.502481,1.074642,0.761328,0.235556,-0.011812,0.395699,0.176888,158.443451,0.001138,2.363673,0.000005,1,2.399535,0.000012,1,0.601056,0.600294,0.107352,0,PSF-01163_20250114092756_fd6,PFA-00994,PSA-00994,PSF-01163,RHS-01998,3.0.0,2025-01-13T08:33:48.201Z
88,9:28:17,14/01/2025,K_lowfl_medbth,Karina Guo,,,580,High,0.069998,1.898346,0.067509,0.748044,2.540426,2.499636,3.622827,1.082401,24.806526,25.21133,35.95314,0.441786,7.5,PSF-01163_20250114092817_46c,0,0,0,150.549896,573.61615,0.737542,0.5,0.8,24.182722,1,64.29,63.26,28.7,27.21,27.21,100.77,79.6,79.4,0.2,82,3.949,9:20:33,14/01/2025,-1.64,1,0.001,0,0.003,0.093,0.192,0.727,1,75,0.001,2,0.058905,0,0.02923,0,0,-0.000068,standard,0,rectangular,7000,500,1,2,55537,55537,55537,0,-9999,0,0,0,0,2.459415,2.502755,1.072292,0.761685,0.235487,-0.01498,0.397389,0.178646,150.549896,0.001182,2.363673,0.000005,1,2.399535,0.000012,1,0.601056,0.600294,0.107352,0,PSF-01163_20250114092817_46c,PFA-00994,PSA-00994,PSF-01163,RHS-01998,3.0.0,2025-01-13T08:33:48.201Z
89,9:28:57,14/01/2025,K_lowfl_medbth,Karina Guo,,,580,High,0.054301,1.905491,0.052797,0.596194,2.532218,2.499862,3.635287,1.10307,24.808277,25.129372,36.07608,0.441786,7.5,PSF-01163_20250114092857_be1,0,0,0,147.972458,580.079224,0.74491,0.5,0.8,25.165766,1,64.02,63.2,28.71,27.27,27.27,100.77,80,79.3,0.8,84,3.949,9:20:33,14/01/2025,-1.64,1,0,0,0.002,-0.069,0.091,-0.554,1,75,0.001,2,0.058905,0,0.02923,0,0,-0.000068,standard,0,rectangular,7000,500,1,2,55537,55537,55537,0,-9999,0,0,0,0,2.459335,2.502381,1.074946,0.761475,0.235323,-0.014509,0.400434,0.180811,147.972458,0.00115,2.363673,0.000005,1,2.399535,0.000012,1,0.601056,0.600294,0.107352,0,PSF-01163_20250114092857_be1,PFA-00994,PSA-00994,PSF-01163,RHS-01998,3.0.0,2025-01-13T08:33:48.201Z
90,9:29:23,14/01/2025,K_lowfl_medbth,Karina Guo,,,580,High,0.062024,1.903978,0.060067,0.710555,2.540409,2.501811,3.695502,1.155093,24.828238,25.211288,36.674553,0.441786,7.5,PSF-01163_20250114092923_5b7,0,0,0,152.349121,585.761902,0.739913,0.5,0.8,25.845776,1,64.19,63.21,28.72,27.55,27.55,100.76,79.9,79.2,0.9,87,3.948,9:20:33,14/01/2025,-1.64,1,0,0.001,0.003,0.097,0.127,-0.099,1,75,0.001,2,0.058905,0,0.02923,0,0,-0.000068,standard,0,rectangular,7000,500,1,2,55537,55537,55537,0,-9999,0,0,0,0,2.459349,2.50261,1.074383,0.761227,0.23523,-0.011386,0.402484,0.183305,152.349121,0.001147,2.363673,0.000005,1,2.399535,0.000012,1,0.601056,0.600294,0.107352,0,PSF-01163_20250114092923_5b7,PFA-00994,PSA-00994,PSF-01163,RHS-01998,3.0.0,2025-01-13T08:33:48.201Z
91,9:29:58,14/01/2025,K_lowfl_medbth,Karina Guo,,,414,Mid,0.056157,1.90195,0.054546,0.652267,2.536016,2.500534,3.703681,1.167665,24.815067,25.167194,36.754997,0.441786,7.5,PSF-01163_20250114092958_7e8,0,0,0,188.837173,577.299377,0.672896,0.5,0.8,24.405355,1,64.03,63.13,28.74,27.58,27.58,100.77,79.8,79.5,0.3,91,3.948,9:20:33,14/01/2025,-1.64,1,-0.001,0,0.001,0.074,0.401,2.065,1,75,0.001,2,0.058905,0,0.02923,0,0,-0.000068,standard,0,rectangular,7000,500,1,2,55537,55537,55537,0,-9999,0,0,0,0,2.459236,2.502384,1.073629,0.761894,0.235097,-0.011113,0.405171,0.186215,188.837173,0.001159,2.363673,0.000005,1,2.399535,0.000012,1,0.601056,0.600294,0.107352,0,PSF-01163_20250114092958_7e8,PFA-00994,PSA-00994,PSF-01163,RHS-01998,3.0.0,2025-01-13T08:33:48.201Z
92,9:30:30,14/01/2025,K_lowfl_medbth,Karina Guo,,,414,Mid,0.042694,1.906238,0.041759,0.487348,2.530917,2.504481,3.670712,1.139795,24.85449,25.116835,36.428169,0.441786,7.5,PSF-01163_20250114093030_de3,0,0,0,142.24649,542.372681,0.737733,0.5,0.8,27.565424,1,63.84,63.18,28.75,27.43,27.43,100.77,80,70.3,12.1,93,3.92,9:20:33,14/01/2025,-1.64,1,0.001,0,0.002,-0.118,-0.195,-0.284,1,75,0.001,2,0.058905,0,0.02923,0,0,-0.000068,standard,0,rectangular,7000,500,1,2,55537,55537,55537,0,-9999,0,0,0,0,2.459293,2.502133,1.075224,0.741948,0.234962,-0.013048,0.407654,0.188598,142.24649,0.001142,2.363673,0.000005,1,2.399535,0.000012,1,0.601056,0.600294,0.107352,0,PSF-01163_20250114093030_de3,PFA-00994,PSA-00994,PSF-01163,RHS-01998,3.0.0,2025-01-13T08:33:48.201Z
93,9:31:07,14/01/2025,K_lowfl_medbth,Karina Guo,,,414,Mid,0.080766,1.901572,0.077475,0.867205,2.54616,2.498981,3.639386,1.093225,24.801321,25.269554,36.11935,0.441786,7.5,PSF-01163_20250114093107_d49,0,0,0,148.854019,539.252747,0.723962,0.5,0.8,27.360596,1,64.08,62.89,28.79,27.28,27.28,100.76,79.8,79.3,0.5,94,3.945,9:30:49,14/01/2025,-1.6,1,0,0,0.004,-0.02,0.422,0.397,1,75,0.001,2,0.058905,0,0.02923,0,0,-0.000068,standard,0,rectangular,7000,500,1,2,55537,55537,55537,0,-9999,0,0,0,0,2.458914,2.5024,1.073489,0.761487,0.234594,-0.015193,0.410408,0.189528,148.854019,0.001162,2.363673,0.000005,1,2.399535,0.000012,1,0.601056,0.600294,0.107352,0,PSF-01163_20250114093107_d49,PFA-00994,PSA-00994,PSF-01163,RHS-01998,3.0.0,2025-01-13T08:33:48.201Z
94,9:31:38,14/01/2025,K_lowfl_medbth,Karina Guo,,,709,Mid,0.106131,1.906553,0.100535,1.099799,2.550442,2.490812,3.618986,1.068544,24.719694,25.311483,35.916088,0.441786,7.5,PSF-01163_20250114093138_4aa,0,0,0,166.58342,669.369568,0.751134,0.5,0.8,26.860754,1,64.12,62.62,28.81,27.19,27.19,100.76,80,79.5,0.7,89,3.944,9:30:49,14/01/2025,-1.6,1,0,0,0.003,0.208,0.636,1.033,1,75,0.001,2,0.058905,0,0.02923,0,0,-0.000068,standard,0,rectangular,7000,500,1,2,55537,55537,55537,0,-9999,0,0,0,0,2.458554,2.50245,1.075341,0.761797,0.234424,-0.01651,0.412769,0.185109,166.58342,0.001173,2.363673,0.000005,1,2.399535,0.000012,1,0.601056,0.600294,0.107352,0,PSF-01163_20250114093138_4aa,PFA-00994,PSA-00994,PSF-01163,RHS-01998,3.0.0,2025-01-13T08:33:48.201Z
95,9:32:17,14/01/2025,K_lowfl_medbth,Karina Guo,,,709,Mid,0.086579,1.902377,0.08281,0.954829,2.558996,2.507088,3.684737,1.125741,24.883137,25.398331,36.571438,0.441786,7.5,PSF-01163_20250114093217_4fd,0,0,0,151.842361,618.211243,0.754384,0.5,0.8,26.36381,1,64.28,62.97,28.82,27.5,27.5,100.75,79.8,79.2,0.8,87,3.945,9:30:49,14/01/2025,-1.6,1,0,0,0.004,0.002,-0.109,-0.127,1,75,0.001,2,0.058905,0,0.02923,0,0,-0.000068,standard,0,rectangular,7000,500,1,2,55537,55537,55537,0,-9999,0,0,0,0,2.459015,2.502664,1.073788,0.761129,0.234285,-0.013138,0.4157,0.183341,151.842361,0.001153,2.363673,0.000005,1,2.399535,0.000012,1,0.601056,0.600294,0.107352,0,PSF-01163_20250114093217_4fd,PFA-00994,PSA-00994,PSF-01163,RHS-01998,3.0.0,2025-01-13T08:33:48.201Z
96,9:32:50,14/01/2025,K_lowfl_medbth,Karina Guo,,,709,Mid,0.127163,1.903753,0.119201,1.237085,2.574119,2.506936,3.587839,1.013721,24.880516,25.547281,35.608128,0.441786,7.5,PSF-01163_20250114093250_4c2,0,0,0,148.733856,613.832458,0.757696,0.5,0.8,28.003666,1,64.62,62.93,28.84,27.04,27.04,100.76,79.9,79.6,0.4,92,3.939,9:30:49,14/01/2025,-1.6,1,0.003,0,0.004,0.146,0.161,0.283,1,75,0.001,2,0.058905,0,0.02923,0,0,-0.000068,standard,0,rectangular,7000,500,1,2,55537,55537,55537,0,-9999,0,0,0,0,2.458956,2.503122,1.074299,0.762062,0.234183,-0.018505,0.418135,0.187715,148.733856,0.001155,2.363673,0.000005,1,2.399535,0.000012,1,0.601056,0.600294,0.107352,0,PSF-01163_20250114093250_4c2,PFA-00994,PSA-00994,PSF-01163,RHS-01998,3.0.0,2025-01-13T08:33:48.201Z
97,9:33:18,14/01/2025,K_lowfl_medbth,Karina Guo,,,246,Mid,0.029387,1.904582,0.028941,0.340164,2.535785,2.517315,3.683528,1.147743,24.983715,25.167027,36.558079,0.441786,7.5,PSF-01163_20250114093318_99c,0,0,0,121.168968,488.194946,0.751802,0.5,0.8,28.989813,1,63.61,63.15,28.85,27.49,27.49,100.76,79.9,79.3,0.7,96,3.943,9:30:49,14/01/2025,-1.6,1,0.003,0,-9999,-0.476,-0.113,-9999,1,75,0.001,2,0.058905,0,0.02923,0,0,-0.000068,standard,0,rectangular,7000,500,1,2,55537,55537,55537,0,-9999,0,0,0,0,2.459236,2.501751,1.074607,0.761488,0.234069,-0.013472,0.420335,0.191197,121.168968,0.001165,2.363673,0.000005,1,2.399535,0.000012,1,0.601056,0.600294,0.107352,0,PSF-01163_20250114093318_99c,PFA-00994,PSA-00994,PSF-01163,RHS-01998,3.0.0,2025-01-13T08:33:48.201Z
98,9:35:08,14/01/2025,K_lowfl_medbth,Karina Guo,,,246,Mid,0.063459,1.902684,0.061411,0.798452,2.547964,2.50456,3.816618,1.268654,24.857244,25.288023,37.879154,0.441786,7.5,PSF-01163_20250114093508_e4b,0,0,0,119.261383,356.829651,0.665775,0.5,0.8,25.108746,1,63.7,62.61,28.91,28.1,28.1,100.76,79.8,79.3,0.7,94,3.941,9:30:49,14/01/2025,-1.6,1,0,0,0.001,0.24,0.653,2.188,1,75,0.001,2,0.058905,0,0.02923,0,0,-0.000068,standard,0,rectangular,7000,500,1,2,55537,55537,55537,0,-9999,0,0,0,0,2.458523,2.501858,1.073902,0.761416,0.233522,-0.007109,0.428662,0.189356,119.261383,0.001129,2.363673,0.000005,1,2.399535,0.000012,1,0.601056,0.600294,0.107352,0,PSF-01163_20250114093508_e4b,PFA-00994,PSA-00994,PSF-01163,RHS-01998,3.0.0,2025-01-13T08:33:48.201Z
99,9:35:57,14/01/2025,K_lowfl_medbth,Karina Guo,,,246,Mid,0.035457,1.902804,0.034808,0.473182,2.529196,2.503472,3.855412,1.326217,24.848114,25.103432,38.266739,0.441786,7.5,PSF-01163_20250114093557_439,0,0,0,215.41214,662.776001,0.674985,0.5,0.8,23.520061,1,63.11,62.47,28.94,28.27,28.27,100.75,79.8,79.4,0.6,87,3.94,9:30:49,14/01/2025,-1.6,1,-0.001,0,-0.001,0.128,0.376,1.404,1,75,0.001,2,0.058905,0,0.02923,0,0,-0.000068,standard,0,rectangular,7000,500,1,2,55537,55537,55537,0,-9999,0,0,0,0,2.458333,2.50106,1.073946,0.761582,0.233233,-0.005448,0.432289,0.183119,215.41214,0.001139,2.363673,0.000005,1,2.399535,0.000012,1,0.601056,0.600294,0.107352,0,PSF-01163_20250114093557_439,PFA-00994,PSA-00994,PSF-01163,RHS-01998,3.0.0,2025-01-13T08:33:48.201Z
100,9:36:36,14/01/2025,K_lowfl_medbth,Karina Guo,,,129,High,0.067808,1.903836,0.065476,0.749738,2.554458,2.513741,3.672404,1.117946,24.951273,25.355425,36.452106,0.441786,7.5,PSF-01163_20250114093636_63a,0,0,0,133.390182,584.296692,0.771708,0.5,0.8,27.244785,1,63.67,62.65,28.96,27.44,27.44,100.75,79.9,73.7,7.7,88,3.939,9:30:49,14/01/2025,-1.6,1,0,0,0.003,0.161,0.212,0.414,1,75,0.001,2,0.058905,0,0.02923,0,0,-0.000068,standard,0,rectangular,7000,500,1,2,55537,55537,55537,0,-9999,0,0,0,0,2.458565,2.501808,1.07433,0.749282,0.233041,-0.015357,0.435131,0.184118,133.390182,0.00114,2.363673,0.000005,1,2.399535,0.000012,1,0.601056,0.600294,0.107352,0,PSF-01163_20250114093636_63a,PFA-00994,PSA-00994,PSF-01163,RHS-01998,3.0.0,2025-01-13T08:33:48.201Z
101,9:37:13,14/01/2025,K_lowfl_medbth,Karina Guo,,,129,High,0.075372,1.899657,0.072496,0.880226,2.553686,2.505747,3.738718,1.185031,24.871864,25.347708,37.110245,0.441786,7.5,PSF-01163_20250114093713_0df,0,0,0,141.868469,606.099487,0.765932,0.5,0.8,26.933029,1,63.58,62.39,28.98,27.74,27.74,100.75,79.7,79.4,0.3,88,3.937,9:30:49,14/01/2025,-1.6,1,-0.001,0,-0.001,0.048,0.045,0.081,1,75,0.001,2,0.058905,0,0.02923,0,0,-0.000068,standard,0,rectangular,7000,500,1,2,55537,55537,55537,0,-9999,0,0,0,0,2.458216,2.501689,1.072778,0.761749,0.232877,-0.012023,0.437859,0.183811,141.868469,0.001168,2.363673,0.000005,1,2.399535,0.000012,1,0.601056,0.600294,0.107352,0,PSF-01163_20250114093713_0df,PFA-00994,PSA-00994,PSF-01163,RHS-01998,3.0.0,2025-01-13T08:33:48.201Z
102,9:37:37,14/01/2025,K_lowfl_medbth,Karina Guo,,,129,High,0.10908,1.905328,0.103174,1.119267,2.568412,2.507691,3.627829,1.059417,24.889063,25.491716,36.006527,0.441786,7.5,PSF-01163_20250114093737_1ad,0,0,0,145.702957,611.71637,0.761813,0.5,0.8,26.999313,1,63.92,62.41,28.98,27.23,27.23,100.75,80,79.4,0.8,89,3.937,9:30:49,14/01/2025,-1.6,1,-0.001,0,0.004,0.094,0.111,-0.045,1,75,0.001,2,0.058905,0,0.02923,0,0,-0.000068,standard,0,rectangular,7000,500,1,2,55537,55537,55537,0,-9999,0,0,0,0,2.45824,2.502146,1.074885,0.761561,0.232803,-0.01806,0.439581,0.184414,145.702957,0.001139,2.363673,0.000005,1,2.399535,0.000012,1,0.601056,0.600294,0.107352,0,PSF-01163_20250114093737_1ad,PFA-00994,PSA-00994,PSF-01163,RHS-01998,3.0.0,2025-01-13T08:33:48.201Z
103,9:39:10,14/01/2025,K_lowfl_medbth,Karina Guo,,,462,Low,0.090413,1.902902,0.086312,1.073371,2.584526,2.526203,3.797938,1.213412,25.070433,25.649233,37.691322,0.441786,7.5,PSF-01163_20250114093910_dc4,0,0,0,128.115891,491.692535,0.739439,0.5,0.8,27.961798,1,64.12,62.67,29.04,28.01,28.01,100.76,79.8,70.1,12.2,95,3.936,9:30:49,14/01/2025,-1.6,1,0,0.001,0.004,0.334,0.549,0.648,1,75,0.001,2,0.058905,0,0.02923,0,0,-0.000068,standard,0,rectangular,7000,500,1,2,55537,55537,55537,0,-9999,0,0,0,0,2.458572,2.502405,1.073983,0.741395,0.2323,-0.009625,0.446559,0.189576,128.115891,0.001156,2.363673,0.000005,1,2.399535,0.000012,1,0.601056,0.600294,0.107352,0,PSF-01163_20250114093910_dc4,PFA-00994,PSA-00994,PSF-01163,RHS-01998,3.0.0,2025-01-13T08:33:48.201Z
104,9:39:56,14/01/2025,K_lowfl_medbth,Karina Guo,,,462,Low,0.111026,1.902533,0.104904,1.238333,2.583097,2.515793,3.735289,1.152192,24.966681,25.634613,37.068943,0.441786,7.5,PSF-01163_20250114093956_ec3,0,0,0,130.851028,543.898315,0.75942,0.5,0.8,28.96044,1,63.95,62.29,29.07,27.73,27.73,100.77,79.8,77.2,3.3,95,3.935,9:30:49,14/01/2025,-1.6,1,0,0,0.002,-0.155,-0.155,-0.541,1,75,0.001,2,0.058905,0,0.02923,0,0,-0.000068,standard,0,rectangular,7000,500,1,2,55537,55537,55537,0,-9999,0,0,0,0,2.458064,2.502177,1.073846,0.756788,0.231984,-0.013331,0.449891,0.190272,130.851028,0.001162,2.363673,0.000005,1,2.399535,0.000012,1,0.601056,0.600294,0.107352,0,PSF-01163_20250114093956_ec3,PFA-00994,PSA-00994,PSF-01163,RHS-01998,3.0.0,2025-01-13T08:33:48.201Z
105,9:40:30,14/01/2025,K_lowfl_medbth,Karina Guo,,,462,Low,0.076739,1.901905,0.073763,0.927736,2.568022,2.51757,3.795375,1.227352,24.98419,25.484882,37.665047,0.441786,7.5,PSF-01163_20250114094030_70b,0,0,0,86.276649,349.735748,0.753309,0.5,0.8,27.462881,1,63.51,62.26,29.09,28,28,100.77,79.8,79.1,0.8,91,3.931,9:30:49,14/01/2025,-1.6,1,-0.001,0,0.003,-0.167,-0.353,-0.758,1,75,0.001,2,0.058905,0,0.02923,0,0,-0.000068,standard,0,rectangular,7000,500,1,2,55537,55537,55537,0,-9999,0,0,0,0,2.458024,2.501567,1.073612,0.761052,0.231802,-0.010389,0.452319,0.186622,86.276649,0.001159,2.363673,0.000005,1,2.399535,0.000012,1,0.601056,0.600294,0.107352,0,PSF-01163_20250114094030_70b,PFA-00994,PSA-00994,PSF-01163,RHS-01998,3.0.0,2025-01-13T08:33:48.201Z
106,9:43:47,14/01/2025,K_lowfl_medbth,Karina Guo,,,601,Low,0.107686,1.902041,0.101916,1.074376,2.557214,2.498775,3.587255,1.030041,24.79368,25.373526,35.593937,0.441786,7.5,PSF-01163_20250114094347_588,0,0,0,131.919266,550.174683,0.760223,0.5,0.8,29.49733,1,62.89,61.45,29.19,27.04,27.04,100.78,79.8,79.3,0.6,97,3.929,9:43:13,14/01/2025,-1.55,1,0,0,0.004,-0.1,-0.298,-0.669,1,75,0.001,2,0.058905,0,0.02923,0,0,-0.000068,standard,0,rectangular,7000,500,1,2,55537,55537,55537,0,-9999,0,0,0,0,2.456946,2.500632,1.073663,0.761444,0.230923,-0.02264,0.466665,0.19172,131.919266,0.001154,2.363673,0.000005,1,2.399535,0.000012,1,0.601056,0.600294,0.107352,0,PSF-01163_20250114094347_588,PFA-00994,PSA-00994,PSF-01163,RHS-01998,3.0.0,2025-01-13T08:33:48.201Z
107,9:44:15,14/01/2025,K_lowfl_medbth,Karina Guo,,,601,Low,0.074501,1.903913,0.071696,0.818657,2.547966,2.503488,3.663307,1.115341,24.840076,25.281389,36.348011,0.441786,7.5,PSF-01163_20250114094415_adc,0,0,0,130.039932,562.454224,0.768799,0.5,0.8,29.878521,1,62.64,61.55,29.2,27.4,27.4,100.78,79.9,79.4,0.6,97,3.929,9:43:13,14/01/2025,-1.55,1,0.001,0.001,0.003,0.107,0.275,0.651,1,75,0.001,2,0.058905,0,0.02923,0,0,-0.000068,standard,0,rectangular,7000,500,1,2,55537,55537,55537,0,-9999,0,0,0,0,2.457071,2.500294,1.074359,0.761635,0.230872,-0.018586,0.468644,0.191857,130.039932,0.001153,2.363673,0.000005,1,2.399535,0.000012,1,0.601056,0.600294,0.107352,0,PSF-01163_20250114094415_adc,PFA-00994,PSA-00994,PSF-01163,RHS-01998,3.0.0,2025-01-13T08:33:48.201Z
108,9:44:44,14/01/2025,K_lowfl_medbth,Karina Guo,,,601,Low,0.203335,1.907456,0.183748,1.876778,2.604959,2.503297,3.602665,0.997706,24.837931,25.84663,35.745956,0.441786,7.5,PSF-01163_20250114094444_ab8,0,0,0,128.298996,549.794922,0.766642,0.5,0.8,24.930431,1,64.05,61.55,29.19,27.11,27.11,100.79,80.1,79.4,0.9,81,3.929,9:43:13,14/01/2025,-1.55,1,0.001,0,0.002,0.069,0.312,-0.136,1,75,0.001,2,0.058905,0,0.02923,0,0,-0.000068,standard,0,rectangular,7000,500,1,2,55537,55537,55537,0,-9999,0,0,0,0,2.457075,2.502209,1.075677,0.761608,0.23089,-0.021842,0.470719,0.178061,128.298996,0.00114,2.363673,0.000005,1,2.399535,0.000012,1,0.601056,0.600294,0.107352,0,PSF-01163_20250114094444_ab8,PFA-00994,PSA-00994,PSF-01163,RHS-01998,3.0.0,2025-01-13T08:33:48.201Z
110,9:46:08,14/01/2025,K_lowfl_medbth,Karina Guo,,,151,Low,0.069044,1.905523,0.06663,0.877865,2.550512,2.502868,3.836377,1.285865,24.832502,25.305204,38.063072,0.441786,7.5,PSF-01163_20250114094608_60b,0,0,0,185.367462,613.485596,0.697845,0.5,0.8,27.817911,1,62.65,61.48,29.21,28.19,28.19,100.79,80,79.3,0.8,100,3.928,9:43:13,14/01/2025,-1.55,1,0.001,0,0.002,-0.691,-0.174,-0.401,1,75,0.001,2,0.058905,0,0.02923,0,0,-0.000068,standard,0,rectangular,7000,500,1,2,55537,55537,55537,0,-9999,0,0,0,0,2.456975,2.500299,1.074957,0.761491,0.230728,-0.009608,0.476654,0.194028,185.367462,0.001131,2.363673,0.000005,1,2.399535,0.000012,1,0.601056,0.600294,0.107352,0,PSF-01163_20250114094608_60b,PFA-00994,PSA-00994,PSF-01163,RHS-01998,3.0.0,2025-01-13T08:33:48.201Z
111,9:46:40,14/01/2025,K_lowfl_medbth,Karina Guo,,,151,Low,0.079612,1.905413,0.076419,0.953914,2.569372,2.517609,3.787786,1.218414,24.979374,25.492964,37.581902,0.441786,7.5,PSF-01163_20250114094640_0ff,0,0,0,180.536621,576.555481,0.68687,0.5,0.8,23.621731,1,63.08,61.81,29.22,27.97,27.97,100.79,80,79.3,0.8,86,3.926,9:43:13,14/01/2025,-1.55,1,0,0,0,-0.242,-0.329,-0.982,1,75,0.001,2,0.058905,0,0.02923,0,0,-0.000068,standard,0,rectangular,7000,500,1,2,55537,55537,55537,0,-9999,0,0,0,0,2.457412,2.50089,1.074917,0.761511,0.230659,-0.012239,0.478894,0.18213,180.536621,0.001124,2.363673,0.000005,1,2.399535,0.000012,1,0.601056,0.600294,0.107352,0,PSF-01163_20250114094640_0ff,PFA-00994,PSA-00994,PSF-01163,RHS-01998,3.0.0,2025-01-13T08:33:48.201Z
112,9:46:59,14/01/2025,K_lowfl_medbth,Karina Guo,,,151,Low,0.054095,1.903345,0.0526,0.68755,2.553007,2.515639,3.828707,1.2757,24.96002,25.330782,37.988197,0.441786,7.5,PSF-01163_20250114094659_513,0,0,0,187.485687,572.396301,0.672455,0.5,0.8,25.239113,1,62.67,61.75,29.22,28.15,28.15,100.79,79.9,79.2,0.8,94,3.926,9:43:13,14/01/2025,-1.55,1,0.001,0.001,-9999,0.016,0.222,-9999,1,75,0.001,2,0.058905,0,0.02923,0,0,-0.000068,standard,0,rectangular,7000,500,1,2,55537,55537,55537,0,-9999,0,0,0,0,2.457329,2.500323,1.074147,0.761261,0.230622,-0.010143,0.480119,0.188963,187.485687,0.001145,2.363673,0.000005,1,2.399535,0.000012,1,0.601056,0.600294,0.107352,0,PSF-01163_20250114094659_513,PFA-00994,PSA-00994,PSF-01163,RHS-01998,3.0.0,2025-01-13T08:33:48.201Z
113,9:47:27,14/01/2025,K_lowfl_medbth,Karina Guo,,,25,Mid,0.059308,1.904298,0.057517,0.72422,2.554785,2.515448,3.783995,1.22921,24.956696,25.346972,37.542423,0.441786,7.5,PSF-01163_20250114094727_0d9,0,0,0,137.342331,581.395996,0.763771,0.5,0.8,31.279505,1,62.69,61.72,29.23,27.95,27.95,100.79,79.9,79.4,0.6,102,3.925,9:43:13,14/01/2025,-1.55,1,0.001,0.001,0.004,-0.084,-0.142,-0.458,1,75,0.001,2,0.058905,0,0.02923,0,0,-0.000068,standard,0,rectangular,7000,500,1,2,55537,55537,55537,0,-9999,0,0,0,0,2.45729,2.500348,1.074502,0.761771,0.230561,-0.012563,0.482085,0.196402,137.342331,0.001127,2.363673,0.000005,1,2.399535,0.000012,1,0.601056,0.600294,0.107352,0,PSF-01163_20250114094727_0d9,PFA-00994,PSA-00994,PSF-01163,RHS-01998,3.0.0,2025-01-13T08:33:48.201Z
114,9:47:56,14/01/2025,K_lowfl_medbth,Karina Guo,,,25,Mid,0.070574,1.907855,0.068056,0.829794,2.559483,2.514523,3.749929,1.190447,24.948141,25.394211,37.205372,0.441786,7.5,PSF-01163_20250114094756_47b,0,0,0,144.659042,605.941772,0.761266,0.5,0.8,17.896591,1,62.78,61.67,29.24,27.8,27.8,100.79,80.1,79.4,0.8,59,3.924,9:43:13,14/01/2025,-1.55,1,0,0.001,0.002,0.118,-0.012,-0.032,1,75,0.001,2,0.058905,0,0.02923,0,0,-0.000068,standard,0,rectangular,7000,500,1,2,55537,55537,55537,0,-9999,0,0,0,0,2.457227,2.50047,1.075826,0.761723,0.230499,-0.014439,0.484099,0.15847,144.659042,0.001153,2.363673,0.000005,1,2.399535,0.000012,1,0.601056,0.600294,0.107352,0,PSF-01163_20250114094756_47b,PFA-00994,PSA-00994,PSF-01163,RHS-01998,3.0.0,2025-01-13T08:33:48.201Z
115,9:48:26,14/01/2025,K_lowfl_medbth,Karina Guo,,,25,Mid,0.114554,1.90407,0.108053,1.250627,2.584249,2.516331,3.71436,1.130111,24.966139,25.639994,36.852554,0.441786,7.5,PSF-01163_20250114094826_afd,0,0,0,144.587158,596.079102,0.757436,0.5,0.8,28.442287,1,63.36,61.7,29.24,27.63,27.63,100.79,79.9,79.4,0.6,94,3.924,9:43:13,14/01/2025,-1.55,1,0,-0.001,0.003,-0.292,-0.538,-0.897,1,75,0.001,2,0.058905,0,0.02923,0,0,-0.000068,standard,0,rectangular,7000,500,1,2,55537,55537,55537,0,-9999,0,0,0,0,2.457256,2.501264,1.074417,0.761724,0.230444,-0.016399,0.48616,0.189002,144.587158,0.001144,2.363673,0.000005,1,2.399535,0.000012,1,0.601056,0.600294,0.107352,0,PSF-01163_20250114094826_afd,PFA-00994,PSA-00994,PSF-01163,RHS-01998,3.0.0,2025-01-13T08:33:48.201Z
117,9:52:23,14/01/2025,K_lowfl_medbth,Karina Guo,,,348,High,0.0479,1.90308,0.046724,0.61467,2.557242,2.52383,3.84106,1.283818,25.040911,25.372417,38.110191,0.441786,7.5,PSF-01163_20250114095223_df5,0,0,0,128.783936,505.037781,0.745001,0.5,0.8,29.448315,1,62.17,61.36,29.39,28.21,28.21,100.79,79.8,72.9,8.7,99,3.919,9:43:13,14/01/2025,-1.55,1,0.001,0.001,-0.002,0.01,-0.045,0.801,1,75,0.001,2,0.058905,0,0.02923,0,0,-0.000068,standard,0,rectangular,7000,500,1,2,55537,55537,55537,0,-9999,0,0,0,0,2.45678,2.499615,1.074049,0.74753,0.229105,-0.011439,0.502734,0.193301,128.783936,0.001138,2.363673,0.000005,1,2.399535,0.000012,1,0.601056,0.600294,0.107352,0,PSF-01163_20250114095223_df5,PFA-00994,PSA-00994,PSF-01163,RHS-01998,3.0.0,2025-01-13T08:33:48.201Z
118,9:52:49,14/01/2025,K_lowfl_medbth,Karina Guo,,,348,High,0.103006,1.90261,0.097716,1.201363,2.577374,2.512065,3.777412,1.200039,24.924866,25.572863,37.479721,0.441786,7.5,PSF-01163_20250114095249_320,0,0,0,123.043655,495.245209,0.75155,0.5,0.8,29.21384,1,62.6,61.01,29.41,27.92,27.92,100.79,79.8,79.1,0.9,97,3.918,9:43:13,14/01/2025,-1.55,1,0,0.001,0.003,0.124,0.094,0.094,1,75,0.001,2,0.058905,0,0.02923,0,0,-0.000068,standard,0,rectangular,7000,500,1,2,55537,55537,55537,0,-9999,0,0,0,0,2.456328,2.500199,1.073874,0.761031,0.22896,-0.014957,0.504488,0.191873,123.043655,0.001179,2.363673,0.000005,1,2.399535,0.000012,1,0.601056,0.600294,0.107352,0,PSF-01163_20250114095249_320,PFA-00994,PSA-00994,PSF-01163,RHS-01998,3.0.0,2025-01-13T08:33:48.201Z
119,9:53:52,14/01/2025,K_lowfl_medbth,Karina Guo,,,348,High,0.100015,1.899598,0.095012,1.2272,2.580568,2.513722,3.840829,1.260262,24.941984,25.605251,38.109989,0.441786,7.5,PSF-01163_20250114095352_9f7,0,0,0,119.85862,493.727081,0.757237,0.5,0.8,29.941685,1,62.54,60.92,29.45,28.21,28.21,100.78,79.6,79.5,0.2,99,3.917,9:43:13,14/01/2025,-1.55,1,0,0,0.002,0.277,0.463,0.762,1,75,0.001,2,0.058905,0,0.02923,0,0,-0.000068,standard,0,rectangular,7000,500,1,2,55537,55537,55537,0,-9999,0,0,0,0,2.456192,2.500104,1.072756,0.761804,0.228606,-0.012093,0.508755,0.193329,119.85862,0.001157,2.363673,0.000005,1,2.399535,0.000012,1,0.601056,0.600294,0.107352,0,PSF-01163_20250114095352_9f7,PFA-00994,PSA-00994,PSF-01163,RHS-01998,3.0.0,2025-01-13T08:33:48.201Z
120,9:54:47,14/01/2025,K_lowfl_medbth,Karina Guo,,,458,Low,0.340755,1.903468,0.289016,3.017653,2.663141,2.499348,3.682238,1.019097,24.80084,26.426146,36.538567,0.441786,7.5,PSF-01163_20250114095447_964,0,0,0,134.489899,536.243652,0.7492,0.5,0.8,29.298086,1,64.44,60.48,29.47,27.48,27.48,100.78,79.9,72.1,9.7,98,3.916,9:54:17,14/01/2025,0.5,0,-0.001,0.001,0.003,-0.051,-0.037,-0.174,1,75,0.001,2,0.058905,0,0.02923,0,0,-0.000068,standard,0,rectangular,7000,500,1,2,55537,55537,55537,0,-9999,0,0,0,0,2.455614,2.499915,1.074193,0.745782,0.228377,-0.020762,0.512401,0.192383,134.489899,0.001161,2.363673,0.000005,1,2.399535,0.000012,1,0.601056,0.600294,0.107352,0,PSF-01163_20250114095447_964,PFA-00994,PSA-00994,PSF-01163,RHS-01998,3.0.0,2025-01-13T08:33:48.201Z
121,9:55:19,14/01/2025,K_lowfl_medbth,Karina Guo,,,458,Low,0.217032,1.904376,0.194828,2.364253,2.627019,2.498732,3.81081,1.18379,24.796328,26.069393,37.816811,0.441786,7.5,PSF-01163_20250114095519_546,0,0,0,137.109879,556.747559,0.753731,0.5,0.8,27.403992,1,63.52,60.42,29.48,28.07,28.07,100.77,79.9,79.5,0.5,91,3.916,9:54:17,14/01/2025,0.5,0,-0.001,0.001,-0.002,-0.126,-0.186,-0.414,1,75,0.001,2,0.058905,0,0.02923,0,0,-0.000068,standard,0,rectangular,7000,500,1,2,55537,55537,55537,0,-9999,0,0,0,0,2.455531,2.498659,1.074531,0.761853,0.228258,-0.014108,0.51452,0.186408,137.109879,0.00115,2.363673,0.000005,1,2.399535,0.000012,1,0.601056,0.600294,0.107352,0,PSF-01163_20250114095519_546,PFA-00994,PSA-00994,PSF-01163,RHS-01998,3.0.0,2025-01-13T08:33:48.201Z
122,9:55:57,14/01/2025,K_lowfl_medbth,Karina Guo,,,458,Low,0.337174,1.906392,0.286502,3.088685,2.662377,2.495057,3.714465,1.052088,24.757826,26.418104,36.857708,0.441786,7.5,PSF-01163_20250114095557_e9c,0,0,0,128.293991,540.294189,0.762548,0.5,0.8,29.540506,1,64.34,60.29,29.49,27.63,27.63,100.78,80,73.4,8.2,97,3.915,9:54:17,14/01/2025,0.5,0,0,0,-0.001,-0.154,-0.261,-0.563,1,75,0.001,2,0.058905,0,0.02923,0,0,-0.000068,standard,0,rectangular,7000,500,1,2,55537,55537,55537,0,-9999,0,0,0,0,2.455366,2.499767,1.075281,0.748676,0.228165,-0.019314,0.516944,0.191586,128.293991,0.001144,2.363673,0.000005,1,2.399535,0.000012,1,0.601056,0.600294,0.107352,0,PSF-01163_20250114095557_e9c,PFA-00994,PSA-00994,PSF-01163,RHS-01998,3.0.0,2025-01-13T08:33:48.201Z
123,9:56:39,14/01/2025,K_lowfl_medbth,Karina Guo,,,99,Mid,0.155033,1.902272,0.14335,1.856043,2.601148,2.500264,3.864056,1.262908,24.81098,25.812086,38.344349,0.441786,7.5,PSF-01163_20250114095639_081,0,0,0,199.262375,611.007202,0.673879,0.5,0.8,23.678694,1,62.82,60.38,29.5,28.31,28.31,100.77,79.8,79.1,0.9,88,3.915,9:54:17,14/01/2025,0.5,0,0,0,0.002,0.01,-0.053,-0.45,1,75,0.001,2,0.058905,0,0.02923,0,0,-0.000068,standard,0,rectangular,7000,500,1,2,55537,55537,55537,0,-9999,0,0,0,0,2.455484,2.497705,1.073749,0.760934,0.228076,-0.011569,0.519796,0.183755,199.262375,0.001155,2.363673,0.000005,1,2.399535,0.000012,1,0.601056,0.600294,0.107352,0,PSF-01163_20250114095639_081,PFA-00994,PSA-00994,PSF-01163,RHS-01998,3.0.0,2025-01-13T08:33:48.201Z
124,9:57:10,14/01/2025,K_lowfl_medbth,Karina Guo,,,99,Mid,0.161476,1.900491,0.148831,1.924507,2.602467,2.497727,3.863845,1.261378,24.783648,25.822926,38.338924,0.441786,7.5,PSF-01163_20250114095710_68c,0,0,0,15.679836,37.724731,0.584362,0.5,0.8,20.713274,1,62.83,60.3,29.51,28.31,28.31,100.78,79.7,79.4,0.3,89,3.913,9:54:17,14/01/2025,0.5,0,-0.001,-0.001,0.003,-0.021,0.009,0.04,1,75,0.001,2,0.058905,0,0.02923,0,0,-0.000068,standard,0,rectangular,7000,500,1,2,55537,55537,55537,0,-9999,0,0,0,0,2.455369,2.497711,1.073087,0.761717,0.228011,-0.011664,0.521791,0.184425,15.679836,0.001125,2.363673,0.000005,1,2.399535,0.000012,1,0.601056,0.600294,0.107352,0,PSF-01163_20250114095710_68c,PFA-00994,PSA-00994,PSF-01163,RHS-01998,3.0.0,2025-01-13T08:33:48.201Z
125,9:57:26,14/01/2025,K_lowfl_medbth,Karina Guo,,,99,Mid,0.185528,1.907592,0.169084,2.033492,2.603421,2.49329,3.777023,1.173603,24.741283,25.834124,37.479954,0.441786,7.5,PSF-01163_20250114095726_b8b,0,0,0,209.514496,613.048218,0.658241,0.5,0.8,23.100863,1,62.84,60.19,29.51,27.92,27.92,100.77,80.1,69.8,12.8,88,3.913,9:54:17,14/01/2025,0.5,0,0.001,0,-9999,-0.151,0.074,-9999,1,75,0.001,2,0.058905,0,0.02923,0,0,-0.000068,standard,0,rectangular,7000,500,1,2,55537,55537,55537,0,-9999,0,0,0,0,2.455221,2.497734,1.075728,0.740857,0.227996,-0.016219,0.522809,0.183662,209.514496,0.001158,2.363673,0.000005,1,2.399535,0.000012,1,0.601056,0.600294,0.107352,0,PSF-01163_20250114095726_b8b,PFA-00994,PSA-00994,PSF-01163,RHS-01998,3.0.0,2025-01-13T08:33:48.201Z
126,9:57:58,14/01/2025,K_lowfl_medbth,Karina Guo,,,207,High,0.29802,1.911206,0.257818,3.050629,2.657324,2.4926,3.811478,1.154154,24.734186,26.368746,37.821476,0.441786,7.5,PSF-01163_20250114095758_c7a,0,0,0,161.509033,585.514771,0.724159,0.5,0.8,23.637775,1,64.13,60.15,29.52,28.08,28.08,100.78,80.3,79.4,1.1,82,3.912,9:54:17,14/01/2025,0.5,0,0,0,0.007,0.089,-0.268,1.025,1,75,0.001,2,0.058905,0,0.02923,0,0,-0.000068,standard,0,rectangular,7000,500,1,2,55537,55537,55537,0,-9999,0,0,0,0,2.455179,2.499482,1.077076,0.761728,0.227959,-0.01446,0.524909,0.178328,161.509033,0.001156,2.363673,0.000005,1,2.399535,0.000012,1,0.601056,0.600294,0.107352,0,PSF-01163_20250114095758_c7a,PFA-00994,PSA-00994,PSF-01163,RHS-01998,3.0.0,2025-01-13T08:33:48.201Z
127,9:58:28,14/01/2025,K_lowfl_medbth,Karina Guo,,,207,High,0.329294,1.901858,0.280693,3.188449,2.663277,2.490028,3.771449,1.108173,24.708845,26.428017,37.424545,0.441786,7.5,PSF-01163_20250114095828_00d,0,0,0,160.725113,575.718628,0.720827,0.5,0.8,25.453669,1,64.24,60.07,29.52,27.89,27.89,100.77,79.8,79.4,0.5,88,3.911,9:54:17,14/01/2025,0.5,0,0.002,0.001,0.003,-0.03,-0.124,-0.208,1,75,0.001,2,0.058905,0,0.02923,0,0,-0.000068,standard,0,rectangular,7000,500,1,2,55537,55537,55537,0,-9999,0,0,0,0,2.45506,2.499637,1.073595,0.761638,0.227888,-0.016653,0.526919,0.184133,160.725113,0.001155,2.363673,0.000005,1,2.399535,0.000012,1,0.601056,0.600294,0.107352,0,PSF-01163_20250114095828_00d,PFA-00994,PSA-00994,PSF-01163,RHS-01998,3.0.0,2025-01-13T08:33:48.201Z
128,9:59:04,14/01/2025,K_lowfl_medbth,Karina Guo,,,207,High,0.400546,1.904946,0.330957,3.593327,2.675358,2.480535,3.73475,1.059392,24.613729,26.546911,37.058994,0.441786,7.5,PSF-01163_20250114095904_5cf,0,0,0,143.657684,570.554138,0.748214,0.5,0.8,27.31023,1,64.51,59.81,29.53,27.73,27.73,100.78,79.9,79.5,0.6,91,3.909,9:54:17,14/01/2025,0.5,0,0,0,0.002,0.039,0.111,0.088,1,75,0.001,2,0.058905,0,0.02923,0,0,-0.000068,standard,0,rectangular,7000,500,1,2,55537,55537,55537,0,-9999,0,0,0,0,2.454722,2.49999,1.074743,0.761862,0.227816,-0.018687,0.52924,0.186718,143.657684,0.001139,2.363673,0.000005,1,2.399535,0.000012,1,0.601056,0.600294,0.107352,0,PSF-01163_20250114095904_5cf,PFA-00994,PSA-00994,PSF-01163,RHS-01998,3.0.0,2025-01-13T08:33:48.201Z
129,9:59:36,14/01/2025,K_lowfl_medbth,Karina Guo,,,719,High,0.287287,1.906603,0.249667,2.846526,2.627354,2.473116,3.740083,1.112729,24.539627,26.070065,37.111183,0.441786,7.5,PSF-01163_20250114095936_1a2,0,0,0,175.050262,567.238953,0.691399,0.5,0.8,24.575665,1,63.34,59.63,29.53,27.75,27.75,100.78,80,79.5,0.7,89,3.91,9:54:17,14/01/2025,0.5,0,-0.002,0,-0.002,-0.193,-0.398,-0.62,1,75,0.001,2,0.058905,0,0.02923,0,0,-0.000068,standard,0,rectangular,7000,500,1,2,55537,55537,55537,0,-9999,0,0,0,0,2.454483,2.498411,1.07536,0.761826,0.227806,-0.018416,0.531268,0.18464,175.050262,0.001145,2.363673,0.000005,1,2.399535,0.000012,1,0.601056,0.600294,0.107352,0,PSF-01163_20250114095936_1a2,PFA-00994,PSA-00994,PSF-01163,RHS-01998,3.0.0,2025-01-13T08:33:48.201Z
130,10:00:06,14/01/2025,K_lowfl_medbth,Karina Guo,,,719,High,0.215583,1.904618,0.193662,2.368511,2.600485,2.471943,3.793905,1.193421,24.528658,25.804155,37.646259,0.441786,7.5,PSF-01163_20250114100006_2d0,0,0,0,201.727875,580.067383,0.652234,0.5,0.8,22.607676,1,62.7,59.6,29.53,28,28,100.78,79.9,79.2,0.9,87,3.909,9:54:17,14/01/2025,0.5,0,-0.001,-0.001,-0.003,-0.023,-0.041,0.212,1,75,0.001,2,0.058905,0,0.02923,0,0,-0.000068,standard,0,rectangular,7000,500,1,2,55537,55537,55537,0,-9999,0,0,0,0,2.454443,2.497528,1.074621,0.761279,0.227803,-0.015582,0.53321,0.18272,201.727875,0.001131,2.363673,0.000005,1,2.399535,0.000012,1,0.601056,0.600294,0.107352,0,PSF-01163_20250114100006_2d0,PFA-00994,PSA-00994,PSF-01163,RHS-01998,3.0.0,2025-01-13T08:33:48.201Z
131,10:00:24,14/01/2025,K_lowfl_medbth,Karina Guo,,,719,High,0.221741,1.905522,0.198627,2.203341,2.590885,2.47137,3.674043,1.083158,24.52309,25.709028,36.457069,0.441786,7.5,PSF-01163_20250114100024_6f9,0,0,0,183.104401,570.085632,0.678812,0.5,0.8,21.24622,1,62.47,59.58,29.53,27.45,27.45,100.78,80,79.2,1,78,3.909,9:54:17,14/01/2025,0.5,0,-0.001,-0.001,-0.001,-0.142,0.145,-0.249,1,75,0.001,2,0.058905,0,0.02923,0,0,-0.000068,standard,0,rectangular,7000,500,1,2,55537,55537,55537,0,-9999,0,0,0,0,2.454428,2.497216,1.074957,0.761187,0.227808,-0.021935,0.534425,0.175408,183.104401,0.001152,2.363673,0.000005,1,2.399535,0.000012,1,0.601056,0.600294,0.107352,0,PSF-01163_20250114100024_6f9,PFA-00994,PSA-00994,PSF-01163,RHS-01998,3.0.0,2025-01-13T08:33:48.201Z
132,10:00:46,14/01/2025,K_lowfl_medbth,Karina Guo,,,232,Low,0.260234,1.902724,0.228924,2.445448,2.609102,2.47622,3.652241,1.043139,24.570187,25.888695,36.239201,0.441786,7.5,PSF-01163_20250114100046_09e,0,0,0,159.168716,529.217346,0.699238,0.5,0.8,25.531542,1,62.91,59.7,29.53,27.34,27.34,100.78,79.8,79.6,0.3,91,3.909,9:54:17,14/01/2025,0.5,0,-0.002,-0.001,0.001,-0.044,-0.269,-0.443,1,75,0.001,2,0.058905,0,0.02923,0,0,-0.000068,standard,0,rectangular,7000,500,1,2,55537,55537,55537,0,-9999,0,0,0,0,2.454583,2.497815,1.073917,0.762132,0.227811,-0.023103,0.535837,0.186746,159.168716,0.001163,2.363673,0.000005,1,2.399535,0.000012,1,0.601056,0.600294,0.107352,0,PSF-01163_20250114100046_09e,PFA-00994,PSA-00994,PSF-01163,RHS-01998,3.0.0,2025-01-13T08:33:48.201Z
133,10:01:22,14/01/2025,K_lowfl_medbth,Karina Guo,,,232,Low,0.283128,1.900201,0.246413,2.692102,2.612423,2.465888,3.679152,1.066729,24.466753,25.920692,36.504864,0.441786,7.5,PSF-01163_20250114100122_d6e,0,0,0,137.143127,513.729919,0.733044,0.5,0.8,25.217028,1,62.98,59.45,29.53,27.47,27.47,100.79,79.7,79.3,0.5,86,3.908,9:54:17,14/01/2025,0.5,0,0.002,0,0.007,0.309,0.121,0.163,1,75,0.001,2,0.058905,0,0.02923,0,0,-0.000068,standard,0,rectangular,7000,500,1,2,55537,55537,55537,0,-9999,0,0,0,0,2.454252,2.49792,1.07298,0.761358,0.227803,-0.021668,0.538131,0.182152,137.143127,0.001142,2.363673,0.000005,1,2.399535,0.000012,1,0.601056,0.600294,0.107352,0,PSF-01163_20250114100122_d6e,PFA-00994,PSA-00994,PSF-01163,RHS-01998,3.0.0,2025-01-13T08:33:48.201Z
134,10:01:49,14/01/2025,K_lowfl_medbth,Karina Guo,,,232,Low,0.269202,1.907171,0.235904,2.692093,2.609772,2.463925,3.723775,1.114003,24.447338,25.894447,36.947712,0.441786,7.5,PSF-01163_20250114100149_083,0,0,0,146.829132,528.930908,0.722404,0.5,0.8,26.027033,1,62.91,59.4,29.54,27.68,27.68,100.79,80.1,79.2,1.1,90,3.906,9:54:17,14/01/2025,0.5,0,0.001,0,0.002,-0.132,-0.291,-0.587,1,75,0.001,2,0.058905,0,0.02923,0,0,-0.000068,standard,0,rectangular,7000,500,1,2,55537,55537,55537,0,-9999,0,0,0,0,2.454184,2.497826,1.075571,0.761136,0.227791,-0.019302,0.539883,0.185691,146.829132,0.001174,2.363673,0.000005,1,2.399535,0.000012,1,0.601056,0.600294,0.107352,0,PSF-01163_20250114100149_083,PFA-00994,PSA-00994,PSF-01163,RHS-01998,3.0.0,2025-01-13T08:33:48.201Z
135,10:03:59,14/01/2025,K_lowfl_medbth,Karina Guo,,,474,Mid,0.266342,1.907641,0.233711,2.673924,2.593345,2.4485,3.710411,1.117066,24.293631,25.730757,36.814106,0.441786,7.5,PSF-01163_20250114100359_31f,0,0,0,122.134926,491.842377,0.751679,0.5,0.8,26.465458,1,62.53,59.04,29.53,27.61,27.61,100.79,80.1,65.1,18.7,88,3.905,9:54:17,14/01/2025,0.5,0,0.001,-0.001,0.002,-0.127,-0.214,-0.208,1,75,0.001,2,0.058905,0,0.02923,0,0,-0.000068,standard,0,rectangular,7000,500,1,2,55537,55537,55537,0,-9999,0,0,0,0,2.453717,2.49731,1.075746,0.730729,0.227832,-0.019961,0.548312,0.183909,122.134926,0.001161,2.363673,0.000005,1,2.399535,0.000012,1,0.601056,0.600294,0.107352,0,PSF-01163_20250114100359_31f,PFA-00994,PSA-00994,PSF-01163,RHS-01998,3.0.0,2025-01-13T08:33:48.201Z
136,10:05:02,14/01/2025,K_lowfl_medbth,Karina Guo,,,474,Mid,0.129152,1.902693,0.120942,1.56446,2.51639,2.431299,3.779325,1.262935,24.124695,24.969017,37.500557,0.441786,7.5,PSF-01163_20250114100502_1b2,0,0,0,124.732376,543.133362,0.770347,0.5,0.8,26.183491,1,60.58,58.53,29.56,27.93,27.93,100.78,79.8,79.3,0.7,85,3.904,10:04:32,14/01/2025,-1.45,1,-0.001,0,0.002,0.225,0.412,0.96,1,75,0.001,2,0.058905,0,0.02923,0,0,-0.000068,standard,0,rectangular,7000,500,1,2,55537,55537,55537,0,-9999,0,0,0,0,2.453046,2.497298,1.073905,0.761391,0.227585,-0.01663,0.552457,0.181258,124.732376,0.00114,2.363673,0.000005,1,2.399535,0.000012,1,0.601056,0.600294,0.107352,0,PSF-01163_20250114100502_1b2,PFA-00994,PSA-00994,PSF-01163,RHS-01998,3.0.0,2025-01-13T08:33:48.201Z
137,10:06:32,14/01/2025,K_lowfl_medbth,Karina Guo,,,474,Mid,0.125026,1.902046,0.117314,1.531782,2.512543,2.429183,3.787409,1.274865,24.101908,24.928991,37.577972,0.441786,7.5,PSF-01163_20250114100632_5ea,0,0,0,132.606628,545.406799,0.756867,0.5,0.8,24.842094,1,60.52,58.51,29.55,27.97,27.97,100.79,79.8,77.4,3,82,3.902,10:04:32,14/01/2025,-1.45,1,0,0,0.002,0.322,0.594,0.75,1,75,0.001,2,0.058905,0,0.02923,0,0,-0.000068,standard,0,rectangular,7000,500,1,2,55537,55537,55537,0,-9999,0,0,0,0,2.453012,2.497206,1.073665,0.757234,0.227649,-0.016123,0.558223,0.17872,132.606628,0.001163,2.363673,0.000005,1,2.399535,0.000012,1,0.601056,0.600294,0.107352,0,PSF-01163_20250114100632_5ea,PFA-00994,PSA-00994,PSF-01163,RHS-01998,3.0.0,2025-01-13T08:33:48.201Z
138,10:07:02,14/01/2025,K_lowfl_medbth,Karina Guo,,,284,High,0.088034,1.905642,0.084147,1.109332,2.480991,2.420748,3.768517,1.287526,24.018099,24.615812,37.390347,0.441786,7.5,PSF-01163_20250114100702_62d,0,0,0,132.11882,496.214386,0.733747,0.5,0.8,24.723217,1,59.79,58.34,29.54,27.88,27.88,100.79,80,79.2,1,84,3.901,10:04:32,14/01/2025,-1.45,1,0.001,0,0.001,0.702,-0.826,-1.493,1,75,0.001,2,0.058905,0,0.02923,0,0,-0.000068,standard,0,rectangular,7000,500,1,2,55537,55537,55537,0,-9999,0,0,0,0,2.45279,2.496219,1.075002,0.761141,0.227735,-0.017005,0.55996,0.180617,132.11882,0.001156,2.363673,0.000005,1,2.399535,0.000012,1,0.601056,0.600294,0.107352,0,PSF-01163_20250114100702_62d,PFA-00994,PSA-00994,PSF-01163,RHS-01998,3.0.0,2025-01-13T08:33:48.201Z
139,10:07:43,14/01/2025,K_lowfl_medbth,Karina Guo,,,284,High,0.083798,1.899971,0.080259,1.076308,2.475477,2.416799,3.785124,1.309646,23.97892,24.561111,37.555115,0.441786,7.5,PSF-01163_20250114100743_c29,0,0,0,43.62595,231.317276,0.811402,0.5,0.8,21.629822,1,59.7,58.28,29.53,27.96,27.96,100.79,79.7,79.6,0.1,67,3.899,10:04:32,14/01/2025,-1.45,1,0.001,0.001,0,-0.061,-0.165,-0.253,1,75,0.001,2,0.058905,0,0.02923,0,0,-0.000068,standard,0,rectangular,7000,500,1,2,55537,55537,55537,0,-9999,0,0,0,0,2.452718,2.496094,1.072895,0.762094,0.22784,-0.015995,0.562447,0.165315,43.62595,0.001135,2.363673,0.000005,1,2.399535,0.000012,1,0.601056,0.600294,0.107352,0,PSF-01163_20250114100743_c29,PFA-00994,PSA-00994,PSF-01163,RHS-01998,3.0.0,2025-01-13T08:33:48.201Z
140,10:08:07,14/01/2025,K_lowfl_medbth,Karina Guo,,,284,High,0.064441,1.907802,0.062335,0.808639,2.459949,2.416092,3.727228,1.267279,23.973034,24.408188,36.98243,0.441786,7.5,PSF-01163_20250114100807_fbf,0,0,0,128.11232,543.826111,0.764424,0.5,0.8,25.729473,1,59.36,58.3,29.52,27.69,27.69,100.78,80.1,79.3,1,84,3.9,10:04:32,14/01/2025,-1.45,1,0.001,0,0.002,-0.028,-0.129,-0.346,1,75,0.001,2,0.058905,0,0.02923,0,0,-0.000068,standard,0,rectangular,7000,500,1,2,55537,55537,55537,0,-9999,0,0,0,0,2.452743,2.495634,1.075806,0.761379,0.227932,-0.018936,0.563905,0.180539,128.11232,0.001147,2.363673,0.000005,1,2.399535,0.000012,1,0.601056,0.600294,0.107352,0,PSF-01163_20250114100807_fbf,PFA-00994,PSA-00994,PSF-01163,RHS-01998,3.0.0,2025-01-13T08:33:48.201Z
141,10:08:45,14/01/2025,K_lowfl_medbth,Karina Guo,,,638,Mid,0.182313,1.906428,0.1664,1.824765,2.508775,2.409768,3.580577,1.071803,23.910696,24.893085,35.527946,0.441786,7.5,PSF-01163_20250114100845_929,0,0,0,127.310516,558.512451,0.772054,0.5,0.8,23.659597,1,60.6,58.2,29.5,27.01,27.01,100.78,80,79.5,0.6,77,3.899,10:04:32,14/01/2025,-1.45,1,0,0.001,0.003,0.004,-0.021,-0.039,1,75,0.001,2,0.058905,0,0.02923,0,0,-0.000068,standard,0,rectangular,7000,500,1,2,55537,55537,55537,0,-9999,0,0,0,0,2.452624,2.497325,1.075294,0.761919,0.22809,-0.026628,0.566249,0.173986,127.310516,0.001148,2.363673,0.000005,1,2.399535,0.000012,1,0.601056,0.600294,0.107352,0,PSF-01163_20250114100845_929,PFA-00994,PSA-00994,PSF-01163,RHS-01998,3.0.0,2025-01-13T08:33:48.201Z
142,10:09:21,14/01/2025,K_lowfl_medbth,Karina Guo,,,638,Mid,0.169256,1.904467,0.155442,1.73102,2.505182,2.411133,3.593536,1.088354,23.924482,24.857677,35.656879,0.441786,7.5,PSF-01163_20250114100921_751,0,0,0,136.069901,579.915771,0.765363,0.5,0.8,24.10446,1,60.56,58.29,29.49,27.07,27.07,100.78,79.9,79.6,0.4,79,3.899,10:04:32,14/01/2025,-1.45,1,0.001,0.001,0.004,-0.225,-0.391,-0.963,1,75,0.001,2,0.058905,0,0.02923,0,0,-0.000068,standard,0,rectangular,7000,500,1,2,55537,55537,55537,0,-9999,0,0,0,0,2.45274,2.497285,1.074565,0.762106,0.228233,-0.025738,0.56852,0.175832,136.069901,0.001157,2.363673,0.000005,1,2.399535,0.000012,1,0.601056,0.600294,0.107352,0,PSF-01163_20250114100921_751,PFA-00994,PSA-00994,PSF-01163,RHS-01998,3.0.0,2025-01-13T08:33:48.201Z
143,10:09:55,14/01/2025,K_lowfl_medbth,Karina Guo,,,638,Mid,0.223427,1.902684,0.199947,2.168441,2.531665,2.413738,3.591462,1.059797,23.949789,25.1199,35.635506,0.441786,7.5,PSF-01163_20250114100955_8f3,0,0,0,129.082916,556.390991,0.768,0.5,0.8,22.885199,1,61.27,58.41,29.47,27.06,27.06,100.78,79.8,79.2,0.7,74,3.897,10:04:32,14/01/2025,-1.45,1,0.001,-0.001,0.004,-0.228,-0.084,0.322,1,75,0.001,2,0.058905,0,0.02923,0,0,-0.000068,standard,0,rectangular,7000,500,1,2,55537,55537,55537,0,-9999,0,0,0,0,2.452903,2.498243,1.073902,0.761281,0.22839,-0.025648,0.57057,0.172145,129.082916,0.001147,2.363673,0.000005,1,2.399535,0.000012,1,0.601056,0.600294,0.107352,0,PSF-01163_20250114100955_8f3,PFA-00994,PSA-00994,PSF-01163,RHS-01998,3.0.0,2025-01-13T08:33:48.201Z
144,10:10:27,14/01/2025,K_lowfl_medbth,Karina Guo,,,732,High,0.064784,1.90274,0.062651,0.830679,2.456024,2.410817,3.751083,1.295059,23.921883,24.370453,37.220974,0.441786,7.5,PSF-01163_20250114101027_463,0,0,0,122.500061,569.838501,0.785027,0.5,0.8,25.750107,1,59.48,58.39,29.46,27.8,27.8,100.78,79.8,78,2.3,82,3.898,10:04:32,14/01/2025,-1.45,1,0.001,0.001,0.003,0.086,0.094,0.142,1,75,0.001,2,0.058905,0,0.02923,0,0,-0.000068,standard,0,rectangular,7000,500,1,2,55537,55537,55537,0,-9999,0,0,0,0,2.452873,2.495817,1.073923,0.758526,0.228513,-0.016923,0.572607,0.178675,122.500061,0.001141,2.363673,0.000005,1,2.399535,0.000012,1,0.601056,0.600294,0.107352,0,PSF-01163_20250114101027_463,PFA-00994,PSA-00994,PSF-01163,RHS-01998,3.0.0,2025-01-13T08:33:48.201Z
145,10:11:13,14/01/2025,K_lowfl_medbth,Karina Guo,,,732,High,0.067168,1.904182,0.064879,0.902482,2.463362,2.414298,3.821555,1.358193,23.955469,24.442301,37.918743,0.441786,7.5,PSF-01163_20250114101113_843,0,0,0,125.007751,580.449341,0.784636,0.5,0.8,25.698065,1,59.7,58.51,29.44,28.12,28.12,100.78,79.9,79.3,0.7,82,3.897,10:04:32,14/01/2025,-1.45,1,0,0,0.002,0.099,0.057,0.107,1,75,0.001,2,0.058905,0,0.02923,0,0,-0.000068,standard,0,rectangular,7000,500,1,2,55537,55537,55537,0,-9999,0,0,0,0,2.453036,2.496114,1.074459,0.76144,0.228615,-0.013086,0.575394,0.178566,125.007751,0.001151,2.363673,0.000005,1,2.399535,0.000012,1,0.601056,0.600294,0.107352,0,PSF-01163_20250114101113_843,PFA-00994,PSA-00994,PSF-01163,RHS-01998,3.0.0,2025-01-13T08:33:48.201Z
146,10:11:43,14/01/2025,K_lowfl_medbth,Karina Guo,,,732,High,0.094891,1.901757,0.090382,1.155766,2.476769,2.41384,3.725886,1.249117,23.950865,24.57527,36.969391,0.441786,7.5,PSF-01163_20250114101143_79e,0,0,0,119.83931,559.019226,0.785626,0.5,0.8,25.299158,1,60.05,58.53,29.44,27.69,27.69,100.78,79.8,64.4,19.3,81,3.895,10:04:32,14/01/2025,-1.45,1,0.001,0.001,0.004,-0.232,-0.386,-0.948,1,75,0.001,2,0.058905,0,0.02923,0,0,-0.000068,standard,0,rectangular,7000,500,1,2,55537,55537,55537,0,-9999,0,0,0,0,2.453059,2.496596,1.073557,0.729287,0.228688,-0.018033,0.577188,0.177373,119.83931,0.001154,2.363673,0.000005,1,2.399535,0.000012,1,0.601056,0.600294,0.107352,0,PSF-01163_20250114101143_79e,PFA-00994,PSA-00994,PSF-01163,RHS-01998,3.0.0,2025-01-13T08:33:48.201Z
147,10:12:56,14/01/2025,K_lowfl_medbth,Karina Guo,,,169,Low,0.061265,1.908198,0.059359,0.821367,2.4577,2.413164,3.808931,1.351231,23.943743,24.385637,37.792732,0.441786,7.5,PSF-01163_20250114101256_6c0,0,0,0,175.040604,592.273254,0.70446,0.5,0.8,22.186722,1,59.66,58.58,29.42,28.06,28.06,100.78,80.1,79.4,0.9,79,3.894,10:04:32,14/01/2025,-1.45,1,0.001,0.001,0,-0.211,-0.308,-0.417,1,75,0.001,2,0.058905,0,0.02923,0,0,-0.000068,standard,0,rectangular,7000,500,1,2,55537,55537,55537,0,-9999,0,0,0,0,2.453135,2.496069,1.075954,0.76162,0.228878,-0.013409,0.581667,0.175833,175.040604,0.001141,2.363673,0.000005,1,2.399535,0.000012,1,0.601056,0.600294,0.107352,0,PSF-01163_20250114101256_6c0,PFA-00994,PSA-00994,PSF-01163,RHS-01998,3.0.0,2025-01-13T08:33:48.201Z
148,10:13:25,14/01/2025,K_lowfl_medbth,Karina Guo,,,169,Low,0.096875,1.904649,0.092187,1.162953,2.485186,2.421993,3.717498,1.232312,24.031044,24.658043,36.885063,0.441786,7.5,PSF-01163_20250114101325_aa7,0,0,0,153.842926,557.957031,0.724275,0.5,0.8,23.264883,1,60.36,58.83,29.41,27.65,27.65,100.79,79.9,79.6,0.4,80,3.893,10:04:32,14/01/2025,-1.45,1,0.002,0,0.004,-0.599,-0.966,-2.193,1,75,0.001,2,0.058905,0,0.02923,0,0,-0.000068,standard,0,rectangular,7000,500,1,2,55537,55537,55537,0,-9999,0,0,0,0,2.453458,2.497022,1.074632,0.762189,0.228959,-0.01813,0.583387,0.177197,153.842926,0.001129,2.363673,0.000005,1,2.399535,0.000012,1,0.601056,0.600294,0.107352,0,PSF-01163_20250114101325_aa7,PFA-00994,PSA-00994,PSF-01163,RHS-01998,3.0.0,2025-01-13T08:33:48.201Z
149,10:14:21,14/01/2025,K_lowfl_medbth,Karina Guo,,,169,Low,0.100468,1.90014,0.095422,1.225146,2.484504,2.417728,3.738546,1.254042,23.989086,24.651648,37.09446,0.441786,7.5,PSF-01163_20250114101421_3a6,0,0,0,160.119659,572.524292,0.720327,0.5,0.8,22.753628,1,60.42,58.8,29.38,27.74,27.74,100.78,79.7,79.4,0.4,79,3.891,10:04:32,14/01/2025,-1.45,1,-0.001,0,0.002,-0.089,-0.224,-0.545,1,75,0.001,2,0.058905,0,0.02923,0,0,-0.000068,standard,0,rectangular,7000,500,1,2,55537,55537,55537,0,-9999,0,0,0,0,2.453429,2.497113,1.072957,0.761635,0.229169,-0.016743,0.586825,0.176036,160.119659,0.001128,2.363673,0.000005,1,2.399535,0.000012,1,0.601056,0.600294,0.107352,0,PSF-01163_20250114101421_3a6,PFA-00994,PSA-00994,PSF-01163,RHS-01998,3.0.0,2025-01-13T08:33:48.201Z
150,10:16:04,14/01/2025,K_lowfl_medbth,Karina Guo,,,683,Low,0.15528,1.901436,0.143556,1.674324,2.508029,2.416877,3.647549,1.13952,23.981716,24.886179,36.193184,0.441786,7.5,PSF-01163_20250114101604_a60,0,0,0,166.620605,589.413635,0.717311,0.5,0.8,21.890329,1,61.06,58.84,29.37,27.32,27.32,100.78,79.7,79.4,0.4,76,3.891,10:15:43,14/01/2025,-1.43,1,0.001,0,0.004,-0.282,-0.441,-0.791,1,75,0.001,2,0.058905,0,0.02923,0,0,-0.000068,standard,0,rectangular,7000,500,1,2,55537,55537,55537,0,-9999,0,0,0,0,2.453485,2.497956,1.073438,0.761698,0.22933,-0.021402,0.593202,0.173708,166.620605,0.001138,2.363673,0.000005,1,2.399535,0.000012,1,0.601056,0.600294,0.107352,0,PSF-01163_20250114101604_a60,PFA-00994,PSA-00994,PSF-01163,RHS-01998,3.0.0,2025-01-13T08:33:48.201Z
151,10:16:39,14/01/2025,K_lowfl_medbth,Karina Guo,,,683,Low,0.136986,1.906222,0.127802,1.496205,2.506822,2.425633,3.650595,1.143773,24.069311,24.874943,36.224483,0.441786,7.5,PSF-01163_20250114101639_eb8,0,0,0,154.454468,565.270203,0.72676,0.5,0.8,19.788624,1,61.05,59.08,29.36,27.34,27.34,100.78,80,76.3,4.7,68,3.89,10:15:43,14/01/2025,-1.43,1,-0.001,0,0.003,-0.175,-0.64,-1.106,1,75,0.001,2,0.058905,0,0.02923,0,0,-0.000068,standard,0,rectangular,7000,500,1,2,55537,55537,55537,0,-9999,0,0,0,0,2.453796,2.49795,1.075218,0.754848,0.229391,-0.021159,0.595293,0.166557,154.454468,0.001147,2.363673,0.000005,1,2.399535,0.000012,1,0.601056,0.600294,0.107352,0,PSF-01163_20250114101639_eb8,PFA-00994,PSA-00994,PSF-01163,RHS-01998,3.0.0,2025-01-13T08:33:48.201Z
152,10:18:33,14/01/2025,K_lowfl_medbth,Karina Guo,,,683,Low,0.140958,1.902244,0.131234,1.657374,2.528415,2.438253,3.76148,1.233065,24.193583,25.088213,37.323307,0.441786,7.5,PSF-01163_20250114101833_7ce,0,0,0,185.764069,583.229919,0.681491,0.5,0.8,21.333752,1,61.67,59.47,29.33,27.85,27.85,100.78,79.8,69.7,12.6,78,3.887,10:15:43,14/01/2025,-1.43,1,-0.001,0,-0.001,-0.416,-0.794,-2.157,1,75,0.001,2,0.058905,0,0.02923,0,0,-0.000068,standard,0,rectangular,7000,500,1,2,55537,55537,55537,0,-9999,0,0,0,0,2.454314,2.498787,1.073738,0.740706,0.229612,-0.014961,0.602345,0.17542,185.764069,0.001139,2.363673,0.000005,1,2.399535,0.000012,1,0.601056,0.600294,0.107352,0,PSF-01163_20250114101833_7ce,PFA-00994,PSA-00994,PSF-01163,RHS-01998,3.0.0,2025-01-13T08:33:48.201Z
153,10:18:59,14/01/2025,K_lowfl_medbth,Karina Guo,,,701,Mid,0.141602,1.904559,0.131803,1.476177,2.523867,2.443689,3.618153,1.094286,24.24872,25.044327,35.902924,0.441786,7.5,PSF-01163_20250114101859_6b9,0,0,0,160.268433,611.158142,0.737763,0.5,0.8,21.058346,1,61.57,59.61,29.33,27.18,27.18,100.78,79.9,79.2,0.9,71,3.886,10:15:43,14/01/2025,-1.43,1,0.001,0,0.004,-0.171,-0.152,-0.374,1,75,0.001,2,0.058905,0,0.02923,0,0,-0.000068,standard,0,rectangular,7000,500,1,2,55537,55537,55537,0,-9999,0,0,0,0,2.454504,2.498653,1.074599,0.761144,0.229642,-0.022592,0.603829,0.169417,160.268433,0.001152,2.363673,0.000005,1,2.399535,0.000012,1,0.601056,0.600294,0.107352,0,PSF-01163_20250114101859_6b9,PFA-00994,PSA-00994,PSF-01163,RHS-01998,3.0.0,2025-01-13T08:33:48.201Z
154,10:19:36,14/01/2025,K_lowfl_medbth,Karina Guo,,,701,Mid,0.147633,1.901396,0.136996,1.535251,2.529176,2.445612,3.624082,1.094906,24.267078,25.096258,35.96069,0.441786,7.5,PSF-01163_20250114101936_109,0,0,0,167.380936,622.503906,0.731117,0.5,0.8,21.406996,1,61.71,59.67,29.33,27.21,27.21,100.78,79.7,79.4,0.4,73,3.885,10:15:43,14/01/2025,-1.43,1,-0.001,0,0.003,0.107,0.121,0.759,1,75,0.001,2,0.058905,0,0.02923,0,0,-0.000068,standard,0,rectangular,7000,500,1,2,55537,55537,55537,0,-9999,0,0,0,0,2.454584,2.498849,1.073423,0.76173,0.229678,-0.022225,0.606155,0.171018,167.380936,0.001148,2.363673,0.000005,1,2.399535,0.000012,1,0.601056,0.600294,0.107352,0,PSF-01163_20250114101936_109,PFA-00994,PSA-00994,PSF-01163,RHS-01998,3.0.0,2025-01-13T08:33:48.201Z
155,10:20:00,14/01/2025,K_lowfl_medbth,Karina Guo,,,701,Mid,0.116297,1.903086,0.1096,1.29228,2.532377,2.462118,3.684049,1.151672,24.429953,25.127083,36.554356,0.441786,7.5,PSF-01163_20250114102000_8a9,0,0,0,164.773819,614.083862,0.731675,0.5,0.8,20.085888,1,61.8,60.09,29.32,27.49,27.49,100.78,79.8,77,3.6,69,3.885,10:15:43,14/01/2025,-1.43,1,0.003,0.001,0.002,-0.26,-0.33,-0.29,1,75,0.001,2,0.058905,0,0.02923,0,0,-0.000068,standard,0,rectangular,7000,500,1,2,55537,55537,55537,0,-9999,0,0,0,0,2.455132,2.498976,1.074051,0.756405,0.229715,-0.018947,0.607537,0.167043,164.773819,0.001172,2.363673,0.000005,1,2.399535,0.000012,1,0.601056,0.600294,0.107352,0,PSF-01163_20250114102000_8a9,PFA-00994,PSA-00994,PSF-01163,RHS-01998,3.0.0,2025-01-13T08:33:48.201Z
156,10:22:36,14/01/2025,K_lowfl_medbth,Karina Guo,,,692,Low,0.202731,1.903269,0.183215,1.988071,2.563404,2.455365,3.623428,1.060024,24.363068,25.435076,35.953037,0.441786,7.5,PSF-01163_20250114102236_240,0,0,0,143.226028,592.560425,0.758293,0.5,0.8,22.437437,1,62.6,59.96,29.31,27.21,27.21,100.78,79.8,79.3,0.6,74,3.883,10:15:43,14/01/2025,-1.43,1,0.002,0.001,0.009,0.103,0.149,-0.084,1,75,0.001,2,0.058905,0,0.02923,0,0,-0.000068,standard,0,rectangular,7000,500,1,2,55537,55537,55537,0,-9999,0,0,0,0,2.454967,2.500061,1.074119,0.761525,0.229813,-0.022087,0.617009,0.171691,143.226028,0.001127,2.363673,0.000005,1,2.399535,0.000012,1,0.601056,0.600294,0.107352,0,PSF-01163_20250114102236_240,PFA-00994,PSA-00994,PSF-01163,RHS-01998,3.0.0,2025-01-13T08:33:48.201Z
157,10:23:12,14/01/2025,K_lowfl_medbth,Karina Guo,,,692,Low,0.245059,1.903742,0.217111,2.264135,2.589205,2.466238,3.607876,1.018671,24.471439,25.691593,35.799431,0.441786,7.5,PSF-01163_20250114102312_515,0,0,0,126.310226,552.58551,0.77142,0.5,0.8,22.345232,1,63.24,60.24,29.31,27.14,27.14,100.78,79.9,76.6,4,72,3.882,10:15:43,14/01/2025,-1.43,1,0.001,0.001,0,-0.083,-0.05,-0.05,1,75,0.001,2,0.058905,0,0.02923,0,0,-0.000068,standard,0,rectangular,7000,500,1,2,55537,55537,55537,0,-9999,0,0,0,0,2.455332,2.500936,1.074295,0.755629,0.229846,-0.022889,0.619067,0.170336,126.310226,0.001152,2.363673,0.000005,1,2.399535,0.000012,1,0.601056,0.600294,0.107352,0,PSF-01163_20250114102312_515,PFA-00994,PSA-00994,PSF-01163,RHS-01998,3.0.0,2025-01-13T08:33:48.201Z
158,10:23:35,14/01/2025,K_lowfl_medbth,Karina Guo,,,692,Low,0.226516,1.903974,0.202432,2.061929,2.593899,2.481938,3.588928,0.995028,24.627407,25.738363,35.611687,0.441786,7.5,PSF-01163_20250114102335_9ec,0,0,0,117.082359,532.636658,0.780183,0.5,0.8,22.699564,1,63.37,60.63,29.31,27.05,27.05,100.78,79.9,78.7,1.5,73,3.881,10:15:43,14/01/2025,-1.43,1,0.001,-0.001,0.007,0.013,-0.078,-0.186,1,75,0.001,2,0.058905,0,0.02923,0,0,-0.000068,standard,0,rectangular,7000,500,1,2,55537,55537,55537,0,-9999,0,0,0,0,2.455846,2.501103,1.074381,0.760171,0.229866,-0.023893,0.620421,0.170616,117.082359,0.001137,2.363673,0.000005,1,2.399535,0.000012,1,0.601056,0.600294,0.107352,0,PSF-01163_20250114102335_9ec,PFA-00994,PSA-00994,PSF-01163,RHS-01998,3.0.0,2025-01-13T08:33:48.201Z
159,10:24:01,14/01/2025,K_lowfl_medbth,Karina Guo,,,53,High,0.061011,1.904636,0.059117,0.704001,2.51182,2.473578,3.67511,1.163291,24.544764,24.924223,36.467297,0.441786,7.5,PSF-01163_20250114102401_053,0,0,0,175.961487,592.799683,0.703169,0.5,0.8,20.9235,1,61.37,60.44,29.3,27.45,27.45,100.78,79.9,79.3,0.8,74,3.881,10:15:43,14/01/2025,-1.43,1,0,0,0.002,-0.063,-0.109,-0.139,1,75,0.001,2,0.058905,0,0.02923,0,0,-0.000068,standard,0,rectangular,7000,500,1,2,55537,55537,55537,0,-9999,0,0,0,0,2.455591,2.49839,1.074628,0.761362,0.229891,-0.019202,0.621912,0.172053,175.961487,0.001137,2.363673,0.000005,1,2.399535,0.000012,1,0.601056,0.600294,0.107352,0,PSF-01163_20250114102401_053,PFA-00994,PSA-00994,PSF-01163,RHS-01998,3.0.0,2025-01-13T08:33:48.201Z
160,10:24:40,14/01/2025,K_lowfl_medbth,Karina Guo,,,53,High,0.049987,1.903451,0.048708,0.608473,2.517691,2.484614,3.737583,1.219893,24.65402,24.982233,37.086834,0.441786,7.5,PSF-01163_20250114102440_4c0,0,0,0,148.613327,590.57666,0.748359,0.5,0.8,18.634092,1,61.52,60.71,29.3,27.74,27.74,100.78,79.9,79.5,0.5,62,3.88,10:15:43,14/01/2025,-1.43,1,0,0,-9999,-0.205,-0.4,-9999,1,75,0.001,2,0.058905,0,0.02923,0,0,-0.000068,standard,0,rectangular,7000,500,1,2,55537,55537,55537,0,-9999,0,0,0,0,2.455947,2.498588,1.074187,0.761816,0.229896,-0.015863,0.624188,0.161494,148.613327,0.00116,2.363673,0.000005,1,2.399535,0.000012,1,0.601056,0.600294,0.107352,0,PSF-01163_20250114102440_4c0,PFA-00994,PSA-00994,PSF-01163,RHS-01998,3.0.0,2025-01-13T08:33:48.201Z
161,10:24:54,14/01/2025,K_lowfl_medbth,Karina Guo,,,53,High,0.045951,1.901386,0.044867,0.506601,2.518051,2.490474,3.621303,1.103252,24.712471,24.986116,35.933464,0.441786,7.5,PSF-01163_20250114102454_28c,0,0,0,152.498962,586.503967,0.739986,0.5,0.8,19.41474,1,61.53,60.85,29.3,27.2,27.2,100.78,79.7,79.3,0.6,66,3.88,10:15:43,14/01/2025,-1.43,1,0.001,0,-9999,-0.102,-0.093,-9999,1,75,0.001,2,0.058905,0,0.02923,0,0,-0.000068,standard,0,rectangular,7000,500,1,2,55537,55537,55537,0,-9999,0,0,0,0,2.456136,2.498601,1.07342,0.761362,0.229898,-0.022094,0.624945,0.1644,152.498962,0.001159,2.363673,0.000005,1,2.399535,0.000012,1,0.601056,0.600294,0.107352,0,PSF-01163_20250114102454_28c,PFA-00994,PSA-00994,PSF-01163,RHS-01998,3.0.0,2025-01-13T08:33:48.201Z
162,10:25:32,14/01/2025,K_lowfl_medbth,Karina Guo,,,266,High,0.115395,1.901626,0.108793,1.193059,2.542472,2.477557,3.613814,1.071342,24.585707,25.229883,35.861206,0.441786,7.5,PSF-01163_20250114102532_88e,0,0,0,137.345551,573.096863,0.760345,0.5,0.8,23.507109,1,62.12,60.53,29.3,27.16,27.16,100.77,79.8,78.8,1.2,77,3.879,10:15:43,14/01/2025,-1.43,1,0.001,0.001,0.004,-0.024,-0.046,-0.192,1,75,0.001,2,0.058905,0,0.02923,0,0,-0.000068,standard,0,rectangular,7000,500,1,2,55537,55537,55537,0,-9999,0,0,0,0,2.455715,2.499406,1.073509,0.760424,0.229886,-0.022516,0.627102,0.174576,137.345551,0.001139,2.363673,0.000005,1,2.399535,0.000012,1,0.601056,0.600294,0.107352,0,PSF-01163_20250114102532_88e,PFA-00994,PSA-00994,PSF-01163,RHS-01998,3.0.0,2025-01-13T08:33:48.201Z
163,10:26:16,14/01/2025,K_lowfl_medbth,Karina Guo,,,266,High,0.067218,1.905614,0.064928,0.831454,2.521606,2.476478,3.771812,1.250206,24.574265,25.022078,37.427963,0.441786,7.5,PSF-01163_20250114102616_f20,0,0,0,116.635323,402.22406,0.710024,0.5,0.8,22.942478,1,61.5,60.4,29.33,27.9,27.9,100.78,80,79.4,0.7,81,3.873,10:25:53,14/01/2025,-1.48,1,0,0,0.003,-0.406,-0.3,-1.002,1,75,0.001,2,0.058905,0,0.02923,0,0,-0.000068,standard,0,rectangular,7000,500,1,2,55537,55537,55537,0,-9999,0,0,0,0,2.455542,2.49863,1.074991,0.761772,0.229622,-0.014403,0.629677,0.177611,116.635323,0.001145,2.363673,0.000005,1,2.399535,0.000012,1,0.601056,0.600294,0.107352,0,PSF-01163_20250114102616_f20,PFA-00994,PSA-00994,PSF-01163,RHS-01998,3.0.0,2025-01-13T08:33:48.201Z
164,10:26:45,14/01/2025,K_lowfl_medbth,Karina Guo,,,266,High,0.080277,1.901285,0.077024,0.857157,2.536474,2.489821,3.623648,1.087174,24.706974,25.16992,35.958164,0.441786,7.5,PSF-01163_20250114102645_b35,0,0,0,145.396118,564.36322,0.742371,0.5,0.8,22.165594,1,61.85,60.71,29.34,27.21,27.21,100.77,79.7,79.4,0.4,75,3.877,10:25:53,14/01/2025,-1.48,1,0.001,0.001,0.004,0.228,0.321,1.236,1,75,0.001,2,0.058905,0,0.02923,0,0,-0.000068,standard,0,rectangular,7000,500,1,2,55537,55537,55537,0,-9999,0,0,0,0,2.455943,2.499096,1.073382,0.761634,0.229572,-0.022383,0.631313,0.172274,145.396118,0.001149,2.363673,0.000005,1,2.399535,0.000012,1,0.601056,0.600294,0.107352,0,PSF-01163_20250114102645_b35,PFA-00994,PSA-00994,PSF-01163,RHS-01998,3.0.0,2025-01-13T08:33:48.201Z
165,10:27:22,14/01/2025,K_lowfl_medbth,Karina Guo,,,574,High,0.230368,1.905999,0.205527,2.078666,2.585144,2.472432,3.573149,0.988005,24.53594,25.654472,35.459251,0.441786,7.5,PSF-01163_20250114102722_a30,0,0,0,135.758392,588.386902,0.76927,0.5,0.8,24.631392,1,63.05,60.3,29.34,26.97,26.97,100.77,80,79.7,0.3,80,3.876,10:25:53,14/01/2025,-1.48,1,0,0.001,0.003,-0.065,-0.131,-0.397,1,75,0.001,2,0.058905,0,0.02923,0,0,-0.000068,standard,0,rectangular,7000,500,1,2,55537,55537,55537,0,-9999,0,0,0,0,2.455402,2.500726,1.075135,0.76237,0.229601,-0.025094,0.633336,0.176974,135.758392,0.001147,2.363673,0.000005,1,2.399535,0.000012,1,0.601056,0.600294,0.107352,0,PSF-01163_20250114102722_a30,PFA-00994,PSA-00994,PSF-01163,RHS-01998,3.0.0,2025-01-13T08:33:48.201Z
166,10:27:47,14/01/2025,K_lowfl_medbth,Karina Guo,,,574,High,0.21482,1.901661,0.193016,1.950995,2.601907,2.495817,3.589242,0.987334,24.766293,25.819042,35.616478,0.441786,7.5,PSF-01163_20250114102747_e39,0,0,0,134.67157,576.677795,0.76647,0.5,0.8,23.118597,1,63.46,60.87,29.33,27.05,27.05,100.77,79.8,79.5,0.4,75,3.876,10:25:53,14/01/2025,-1.48,1,0,0.001,0.004,0.024,0.204,-0.117,1,75,0.001,2,0.058905,0,0.02923,0,0,-0.000068,standard,0,rectangular,7000,500,1,2,55537,55537,55537,0,-9999,0,0,0,0,2.456159,2.501291,1.073522,0.76183,0.229619,-0.024193,0.634753,0.172937,134.67157,0.001139,2.363673,0.000005,1,2.399535,0.000012,1,0.601056,0.600294,0.107352,0,PSF-01163_20250114102747_e39,PFA-00994,PSA-00994,PSF-01163,RHS-01998,3.0.0,2025-01-13T08:33:48.201Z
167,10:28:20,14/01/2025,K_lowfl_medbth,Karina Guo,,,574,High,0.220529,1.906039,0.19766,2.07549,2.610909,2.498399,3.636234,1.025324,24.792963,25.909464,36.084305,0.441786,7.5,PSF-01163_20250114102820_e10,0,0,0,133.486755,595.950745,0.77601,0.5,0.8,23.99666,1,63.68,60.94,29.33,27.27,27.27,100.77,80,79.4,0.7,77,3.875,10:25:53,14/01/2025,-1.48,1,0.001,0,0.003,0.123,0.098,-0.042,1,75,0.001,2,0.058905,0,0.02923,0,0,-0.000068,standard,0,rectangular,7000,500,1,2,55537,55537,55537,0,-9999,0,0,0,0,2.456244,2.501592,1.07515,0.761712,0.229622,-0.021638,0.636636,0.174591,133.486755,0.001158,2.363673,0.000005,1,2.399535,0.000012,1,0.601056,0.600294,0.107352,0,PSF-01163_20250114102820_e10,PFA-00994,PSA-00994,PSF-01163,RHS-01998,3.0.0,2025-01-13T08:33:48.201Z
168,10:28:55,14/01/2025,K_lowfl_medbth,Karina Guo,,,308,Low,0.210386,1.904694,0.189459,2.014743,2.600098,2.490765,3.638572,1.038475,24.716408,25.801338,36.106346,0.441786,7.5,PSF-01163_20250114102855_278,0,0,0,129.895447,575.147522,0.774153,0.5,0.8,25.534122,1,63.41,60.74,29.34,27.28,27.28,100.77,79.9,79.7,0.3,82,3.875,10:25:53,14/01/2025,-1.48,1,0,0.001,0.003,-0.043,0.084,0.059,1,75,0.001,2,0.058905,0,0.02923,0,0,-0.000068,standard,0,rectangular,7000,500,1,2,55537,55537,55537,0,-9999,0,0,0,0,2.455988,2.501221,1.074649,0.762251,0.229601,-0.021539,0.638648,0.17907,129.895447,0.001138,2.363673,0.000005,1,2.399535,0.000012,1,0.601056,0.600294,0.107352,0,PSF-01163_20250114102855_278,PFA-00994,PSA-00994,PSF-01163,RHS-01998,3.0.0,2025-01-13T08:33:48.201Z
169,10:30:52,14/01/2025,K_lowfl_medbth,Karina Guo,,,308,Low,0.192298,1.90447,0.174662,1.992089,2.6072,2.499093,3.720425,1.113225,24.80022,25.873037,36.920334,0.441786,7.5,PSF-01163_20250114103052_4f1,0,0,0,136.844513,560.470093,0.75584,0.5,0.8,25.739017,1,63.47,60.84,29.37,27.66,27.66,100.77,79.9,64,19.9,85,3.873,10:25:53,14/01/2025,-1.48,1,0,0.001,-9999,-0.316,-0.565,-9999,1,75,0.001,2,0.058905,0,0.02923,0,0,-0.000068,standard,0,rectangular,7000,500,1,2,55537,55537,55537,0,-9999,0,0,0,0,2.456102,2.501293,1.074566,0.728391,0.229313,-0.01752,0.645483,0.181397,136.844513,0.001148,2.363673,0.000005,1,2.399535,0.000012,1,0.601056,0.600294,0.107352,0,PSF-01163_20250114103052_4f1,PFA-00994,PSA-00994,PSF-01163,RHS-01998,3.0.0,2025-01-13T08:33:48.201Z
170,10:31:30,14/01/2025,K_lowfl_medbth,Karina Guo,,,308,Low,0.179353,1.902728,0.163903,1.806003,2.604986,2.506865,3.680644,1.075658,24.878639,25.852413,36.527458,0.441786,7.5,PSF-01163_20250114103130_a02,0,0,0,123.090508,554.573181,0.778045,0.5,0.8,27.478216,1,63.37,60.99,29.38,27.48,27.48,100.76,79.8,74.5,6.6,88,3.872,10:25:53,14/01/2025,-1.48,1,0,0.001,0.004,0.246,0.349,0.597,1,75,0.001,2,0.058905,0,0.02923,0,0,-0.000068,standard,0,rectangular,7000,500,1,2,55537,55537,55537,0,-9999,0,0,0,0,2.456299,2.501165,1.073918,0.751059,0.229218,-0.019766,0.647568,0.184145,123.090508,0.001139,2.363673,0.000005,1,2.399535,0.000012,1,0.601056,0.600294,0.107352,0,PSF-01163_20250114103130_a02,PFA-00994,PSA-00994,PSF-01163,RHS-01998,3.0.0,2025-01-13T08:33:48.201Z
171,10:33:32,14/01/2025,K_lowfl_medbth,Karina Guo,,,397,Mid,0.255201,1.90114,0.224998,2.348503,2.627235,2.499531,3.64625,1.019015,24.80592,26.073282,36.186222,0.441786,7.5,PSF-01163_20250114103332_564,0,0,0,143.315079,620.46936,0.769022,0.5,0.8,24.90498,1,63.88,60.78,29.39,27.32,27.32,100.76,79.7,73.6,7.7,81,3.869,10:25:53,14/01/2025,-1.48,1,-0.001,0,0.004,0.511,0.936,1.635,1,75,0.001,2,0.058905,0,0.02923,0,0,-0.000068,standard,0,rectangular,7000,500,1,2,55537,55537,55537,0,-9999,0,0,0,0,2.456019,2.501851,1.073328,0.748953,0.229131,-0.021727,0.654414,0.17777,143.315079,0.001143,2.363673,0.000005,1,2.399535,0.000012,1,0.601056,0.600294,0.107352,0,PSF-01163_20250114103332_564,PFA-00994,PSA-00994,PSF-01163,RHS-01998,3.0.0,2025-01-13T08:33:48.201Z
172,10:34:17,14/01/2025,K_lowfl_medbth,Karina Guo,,,397,Mid,0.262383,1.907848,0.230661,2.332503,2.640858,2.514624,3.628064,0.987205,24.95682,26.209652,36.007339,0.441786,7.5,PSF-01163_20250114103417_0f7,0,0,0,125.864624,534.235962,0.764403,0.5,0.8,24.69643,1,64.2,61.13,29.39,27.23,27.23,100.76,80.1,77,3.9,81,3.867,10:25:53,14/01/2025,-1.48,1,0.002,-0.001,0.002,-0.175,-0.197,-0.204,1,75,0.001,2,0.058905,0,0.02923,0,0,-0.000068,standard,0,rectangular,7000,500,1,2,55537,55537,55537,0,-9999,0,0,0,0,2.456483,2.502283,1.075824,0.756439,0.229099,-0.022751,0.656962,0.177602,125.864624,0.001138,2.363673,0.000005,1,2.399535,0.000012,1,0.601056,0.600294,0.107352,0,PSF-01163_20250114103417_0f7,PFA-00994,PSA-00994,PSF-01163,RHS-01998,3.0.0,2025-01-13T08:33:48.201Z
173,10:34:52,14/01/2025,K_lowfl_medbth,Karina Guo,,,397,Mid,0.246313,1.903071,0.218086,2.271971,2.620917,2.497528,3.638056,1.017139,24.785788,26.010321,36.104542,0.441786,7.5,PSF-01163_20250114103452_649,0,0,0,149.737717,608.402954,0.753884,0.5,0.8,25.203966,1,63.71,60.71,29.39,27.28,27.28,100.76,79.8,70,12.3,84,3.867,10:25:53,14/01/2025,-1.48,1,-0.001,0,0.002,0.263,0.738,1.798,1,75,0.001,2,0.058905,0,0.02923,0,0,-0.000068,standard,0,rectangular,7000,500,1,2,55537,55537,55537,0,-9999,0,0,0,0,2.455931,2.501616,1.074046,0.74132,0.229086,-0.022227,0.658765,0.180046,149.737717,0.001138,2.363673,0.000005,1,2.399535,0.000012,1,0.601056,0.600294,0.107352,0,PSF-01163_20250114103452_649,PFA-00994,PSA-00994,PSF-01163,RHS-01998,3.0.0,2025-01-13T08:33:48.201Z
174,10:36:02,14/01/2025,K_lowfl_medbth,Karina Guo,,,326,Mid,0.062551,1.903044,0.060561,0.818845,2.554045,2.509547,3.872904,1.318859,24.907547,25.34919,38.439018,0.441786,7.5,PSF-01163_20250114103602_4ee,0,0,0,131.300568,498.532898,0.736626,0.5,0.8,25.430986,1,62.1,61.01,29.39,28.35,28.35,100.75,79.8,79.3,0.6,86,3.867,10:25:53,14/01/2025,-1.48,1,0,0,-9999,-0.13,-0.188,-9999,1,75,0.001,2,0.058905,0,0.02923,0,0,-0.000068,standard,0,rectangular,7000,500,1,2,55537,55537,55537,0,-9999,0,0,0,0,2.456333,2.499426,1.074036,0.761496,0.229121,-0.009765,0.662476,0.18242,131.300568,0.001117,2.363673,0.000005,1,2.399535,0.000012,1,0.601056,0.600294,0.107352,0,PSF-01163_20250114103602_4ee,PFA-00994,PSA-00994,PSF-01163,RHS-01998,3.0.0,2025-01-13T08:33:48.201Z
175,10:36:53,14/01/2025,K_lowfl_medbth,Karina Guo,,,326,Mid,0.101928,1.903147,0.096746,1.237392,2.56695,2.49972,3.814817,1.247867,24.809578,25.476831,37.861847,0.441786,7.5,PSF-01163_20250114103653_7e9,0,0,0,150.523422,545.803101,0.724217,0.5,0.8,24.322542,1,62.32,60.69,29.41,28.09,28.09,100.76,79.8,79.2,0.8,84,3.866,10:36:27,14/01/2025,-1.5,1,0.002,0.001,0.004,0.117,0.107,0.134,1,75,0.001,2,0.058905,0,0.02923,0,0,-0.000068,standard,0,rectangular,7000,500,1,2,55537,55537,55537,0,-9999,0,0,0,0,2.455897,2.499753,1.074074,0.761274,0.22889,-0.013085,0.66524,0.180378,150.523422,0.001166,2.363673,0.000005,1,2.399535,0.000012,1,0.601056,0.600294,0.107352,0,PSF-01163_20250114103653_7e9,PFA-00994,PSA-00994,PSF-01163,RHS-01998,3.0.0,2025-01-13T08:33:48.201Z
176,10:37:29,14/01/2025,K_lowfl_medbth,Karina Guo,,,326,Mid,0.183147,1.902832,0.167067,1.916669,2.594479,2.49035,3.714206,1.119727,24.716702,25.750181,36.863457,0.441786,7.5,PSF-01163_20250114103729_ac3,0,0,0,143.442032,530.701904,0.729713,0.5,0.8,25.003401,1,63,60.47,29.41,27.63,27.63,100.76,79.8,77,3.6,86,3.865,10:36:27,14/01/2025,-1.5,1,0,-0.001,-0.002,0.142,0.358,0.731,1,75,0.001,2,0.058905,0,0.02923,0,0,-0.000068,standard,0,rectangular,7000,500,1,2,55537,55537,55537,0,-9999,0,0,0,0,2.455617,2.50068,1.073957,0.756314,0.228924,-0.018351,0.667115,0.181857,143.442032,0.001147,2.363673,0.000005,1,2.399535,0.000012,1,0.601056,0.600294,0.107352,0,PSF-01163_20250114103729_ac3,PFA-00994,PSA-00994,PSF-01163,RHS-01998,3.0.0,2025-01-13T08:33:48.201Z
177,10:37:59,14/01/2025,K_lowfl_medbth,Karina Guo,,,288,Low,0.027088,1.90323,0.026708,0.352312,2.514436,2.495286,3.801802,1.287367,24.766672,24.956743,37.734356,0.441786,7.5,PSF-01163_20250114103759_a08,0,0,0,133.420944,569.997681,0.765927,0.5,0.8,26.052044,1,61.09,60.62,29.4,28.03,28.03,100.75,79.8,79.3,0.6,85,3.864,10:36:27,14/01/2025,-1.5,1,-0.001,-0.001,0.005,-0.111,0.067,0.14,1,75,0.001,2,0.058905,0,0.02923,0,0,-0.000068,standard,0,rectangular,7000,500,1,2,55537,55537,55537,0,-9999,0,0,0,0,2.455814,2.498079,1.074105,0.761509,0.228999,-0.013626,0.668763,0.181311,133.420944,0.001146,2.363673,0.000005,1,2.399535,0.000012,1,0.601056,0.600294,0.107352,0,PSF-01163_20250114103759_a08,PFA-00994,PSA-00994,PSF-01163,RHS-01998,3.0.0,2025-01-13T08:33:48.201Z
178,10:39:03,14/01/2025,K_lowfl_medbth,Karina Guo,,,288,Low,0.022785,1.905558,0.022516,0.318662,2.518615,2.501322,3.899152,1.380537,24.825907,24.997545,38.699535,0.441786,7.5,PSF-01163_20250114103903_ebe,0,0,0,131.857391,577.548279,0.771695,0.5,0.8,28.229229,1,61.22,60.8,29.39,28.47,28.47,100.75,80,79.5,0.6,91,3.863,10:36:27,14/01/2025,-1.5,1,0,0,-0.001,0.004,0.242,0.324,1,75,0.001,2,0.058905,0,0.02923,0,0,-0.000068,standard,0,rectangular,7000,500,1,2,55537,55537,55537,0,-9999,0,0,0,0,2.456048,2.49826,1.074971,0.76183,0.229078,-0.008464,0.672282,0.186893,131.857391,0.001143,2.363673,0.000005,1,2.399535,0.000012,1,0.601056,0.600294,0.107352,0,PSF-01163_20250114103903_ebe,PFA-00994,PSA-00994,PSF-01163,RHS-01998,3.0.0,2025-01-13T08:33:48.201Z
179,10:39:27,14/01/2025,K_lowfl_medbth,Karina Guo,,,288,Low,0.082943,1.905378,0.079483,1.060661,2.574538,2.517004,3.875972,1.301435,24.982241,25.553282,38.47052,0.441786,7.5,PSF-01163_20250114103927_9c1,0,0,0,127.922417,537.387756,0.761955,0.5,0.8,27.583838,1,62.58,61.18,29.39,28.36,28.36,100.75,80,74.7,6.6,91,3.862,10:36:27,14/01/2025,-1.5,1,0.001,0,-9999,0.08,0.005,-9999,1,75,0.001,2,0.058905,0,0.02923,0,0,-0.000068,standard,0,rectangular,7000,500,1,2,55537,55537,55537,0,-9999,0,0,0,0,2.456555,2.500117,1.074903,0.751373,0.229092,-0.009643,0.673631,0.186068,127.922417,0.001163,2.363673,0.000005,1,2.399535,0.000012,1,0.601056,0.600294,0.107352,0,PSF-01163_20250114103927_9c1,PFA-00994,PSA-00994,PSF-01163,RHS-01998,3.0.0,2025-01-13T08:33:48.201Z
180,10:40:26,14/01/2025,K_lowfl_medbth,Karina Guo,,,299,High,0.166171,1.908093,0.152859,1.763508,2.607419,2.51197,3.733183,1.125764,24.932583,25.879963,37.053745,0.441786,7.5,PSF-01163_20250114104026_c56,0,0,0,130.984787,541.472534,0.758095,0.5,0.8,24.50275,1,63.36,61.04,29.4,27.72,27.72,100.75,80.1,69.1,13.7,81,3.834,10:36:27,14/01/2025,-1.5,1,0.002,-0.001,0.003,0.091,0.343,0.227,1,75,0.001,2,0.058905,0,0.02923,0,0,-0.000068,standard,0,rectangular,7000,500,1,2,55537,55537,55537,0,-9999,0,0,0,0,2.456359,2.501165,1.075915,0.739362,0.229025,-0.017212,0.676814,0.177631,130.984787,0.001141,2.363673,0.000005,1,2.399535,0.000012,1,0.601056,0.600294,0.107352,0,PSF-01163_20250114104026_c56,PFA-00994,PSA-00994,PSF-01163,RHS-01998,3.0.0,2025-01-13T08:33:48.201Z
181,10:41:02,14/01/2025,K_lowfl_medbth,Karina Guo,,,299,High,0.120805,1.902577,0.113593,1.390556,2.577324,2.501756,3.771801,1.194477,24.831392,25.581448,37.437325,0.441786,7.5,PSF-01163_20250114104102_225,0,0,0,125.530243,542.952393,0.768801,0.5,0.8,27.011389,1,62.6,60.77,29.4,27.9,27.9,100.75,79.8,79.5,0.3,88,3.86,10:36:27,14/01/2025,-1.5,1,-0.001,0,0.003,-0.03,-0.007,-0.174,1,75,0.001,2,0.058905,0,0.02923,0,0,-0.000068,standard,0,rectangular,7000,500,1,2,55537,55537,55537,0,-9999,0,0,0,0,2.456006,2.500141,1.073862,0.76197,0.228972,-0.015237,0.678723,0.183748,125.530243,0.001174,2.363673,0.000005,1,2.399535,0.000012,1,0.601056,0.600294,0.107352,0,PSF-01163_20250114104102_225,PFA-00994,PSA-00994,PSF-01163,RHS-01998,3.0.0,2025-01-13T08:33:48.201Z
182,10:41:45,14/01/2025,K_lowfl_medbth,Karina Guo,,,299,High,0.126741,1.899942,0.118815,1.452566,2.589776,2.510709,3.782499,1.192723,24.920933,25.70574,37.544533,0.441786,7.5,PSF-01163_20250114104145_462,0,0,0,130.230896,577.16095,0.774359,0.5,0.8,28.719244,1,62.88,60.96,29.41,27.94,27.94,100.75,79.7,73.7,7.5,93,3.86,10:36:27,14/01/2025,-1.5,1,0,0,0.008,0.128,0.259,0.246,1,75,0.001,2,0.058905,0,0.02923,0,0,-0.000068,standard,0,rectangular,7000,500,1,2,55537,55537,55537,0,-9999,0,0,0,0,2.456259,2.500518,1.072884,0.749219,0.228912,-0.014752,0.680996,0.187995,130.230896,0.001154,2.363673,0.000005,1,2.399535,0.000012,1,0.601056,0.600294,0.107352,0,PSF-01163_20250114104145_462,PFA-00994,PSA-00994,PSF-01163,RHS-01998,3.0.0,2025-01-13T08:33:48.201Z
183,10:44:05,14/01/2025,K_lowfl_medbth,Karina Guo,,,450,High,0.060684,1.905584,0.058812,0.741188,2.542305,2.502094,3.772265,1.229959,24.834246,25.233364,37.441181,0.441786,7.5,PSF-01163_20250114104405_c7c,0,0,0,30.473471,98.544716,0.690765,0.5,0.8,27.767208,1,61.68,60.7,29.43,27.9,27.9,100.75,80,79.2,1,100,3.856,10:36:27,14/01/2025,-1.5,1,0,0.001,0.002,0.212,0.395,0.652,1,75,0.001,2,0.058905,0,0.02923,0,0,-0.000068,standard,0,rectangular,7000,500,1,2,55537,55537,55537,0,-9999,0,0,0,0,2.455918,2.498881,1.07498,0.761217,0.228786,-0.015452,0.688404,0.194757,30.473471,0.001155,2.363673,0.000005,1,2.399535,0.000012,1,0.601056,0.600294,0.107352,0,PSF-01163_20250114104405_c7c,PFA-00994,PSA-00994,PSF-01163,RHS-01998,3.0.0,2025-01-13T08:33:48.201Z
184,10:44:27,14/01/2025,K_lowfl_medbth,Karina Guo,,,450,High,0.124049,1.901397,0.116452,1.305664,2.58171,2.5107,3.676257,1.094548,24.919727,25.624527,36.488361,0.441786,7.5,PSF-01163_20250114104427_3b7,0,0,0,136.991852,545.798767,0.749007,0.5,0.8,30.651175,1,62.64,60.92,29.42,27.46,27.46,100.75,79.7,79.6,0.2,102,3.857,10:36:27,14/01/2025,-1.5,1,0.002,0,0.007,0.366,0.813,1.001,1,75,0.001,2,0.058905,0,0.02923,0,0,-0.000068,standard,0,rectangular,7000,500,1,2,55537,55537,55537,0,-9999,0,0,0,0,2.456203,2.500193,1.073424,0.762015,0.228807,-0.02053,0.689577,0.196333,136.991852,0.001148,2.363673,0.000005,1,2.399535,0.000012,1,0.601056,0.600294,0.107352,0,PSF-01163_20250114104427_3b7,PFA-00994,PSA-00994,PSF-01163,RHS-01998,3.0.0,2025-01-13T08:33:48.201Z
185,10:44:50,14/01/2025,K_lowfl_medbth,Karina Guo,,,450,High,0.154305,1.901439,0.142723,1.687677,2.596011,2.50424,3.749887,1.153875,24.855177,25.766027,37.218513,0.441786,7.5,PSF-01163_20250114104450_36f,0,0,0,140.576721,557.806152,0.747983,0.5,0.8,30.845484,1,63,60.78,29.42,27.8,27.8,100.75,79.7,79.3,0.6,103,3.856,10:36:27,14/01/2025,-1.5,1,-0.001,0,0.003,0.18,0.29,0.414,1,75,0.001,2,0.058905,0,0.02923,0,0,-0.000068,standard,0,rectangular,7000,500,1,2,55537,55537,55537,0,-9999,0,0,0,0,2.456014,2.500683,1.073439,0.761373,0.228839,-0.016565,0.690837,0.19702,140.576721,0.001148,2.363673,0.000005,1,2.399535,0.000012,1,0.601056,0.600294,0.107352,0,PSF-01163_20250114104450_36f,PFA-00994,PSA-00994,PSF-01163,RHS-01998,3.0.0,2025-01-13T08:33:48.201Z
186,10:45:43,14/01/2025,K_lowfl_medbth,Karina Guo,,,450,High,0.179466,1.901144,0.163986,1.733892,2.588133,2.493822,3.620623,1.03249,24.751652,25.68771,35.935368,0.441786,7.5,PSF-01163_20250114104543_f71,0,0,0,127.054092,517.819763,0.754636,0.5,0.8,34.872063,1,62.8,60.52,29.42,27.2,27.2,100.75,79.7,79.4,0.4,116,3.855,10:36:27,14/01/2025,-1.5,1,0,0.001,0.003,-0.038,0.185,0.26,1,75,0.001,2,0.058905,0,0.02923,0,0,-0.000068,standard,0,rectangular,7000,500,1,2,55537,55537,55537,0,-9999,0,0,0,0,2.455671,2.500411,1.07333,0.761753,0.228817,-0.023514,0.693552,0.207831,127.054092,0.001137,2.363673,0.000005,1,2.399535,0.000012,1,0.601056,0.600294,0.107352,0,PSF-01163_20250114104543_f71,PFA-00994,PSA-00994,PSF-01163,RHS-01998,3.0.0,2025-01-13T08:33:48.201Z
187,10:50:08,14/01/2025,K_lowfl_medbth,Karina Guo,,,140,Low,0.176969,1.905524,0.161931,1.94959,2.631609,2.525898,3.806225,1.174615,25.063238,26.11216,37.767284,0.441786,7.5,PSF-01163_20250114105008_73e,0,0,0,122.532967,530.264832,0.768921,0.5,0.8,49.019993,1,63.52,60.97,29.51,28.05,28.05,100.78,80,68.5,14.4,159,3.85,10:36:27,14/01/2025,-1.5,1,0.001,-0.001,0.003,0.036,0.055,-0.369,1,75,0.001,2,0.058905,0,0.02923,0,0,-0.000068,standard,0,rectangular,7000,500,1,2,55537,55537,55537,0,-9999,0,0,0,0,2.456252,2.501373,1.074958,0.737966,0.227994,-0.014688,0.708074,0.245973,122.532967,0.001153,2.363673,0.000005,1,2.399535,0.000012,1,0.601056,0.600294,0.107352,0,PSF-01163_20250114105008_73e,PFA-00994,PSA-00994,PSF-01163,RHS-01998,3.0.0,2025-01-13T08:33:48.201Z
188,10:54:31,14/01/2025,K_lowfl_medbth,Karina Guo,,,220,Mid,0.084734,1.901667,0.081119,1.146382,2.605637,2.543308,3.983094,1.377457,25.239998,25.858555,39.528553,0.441786,7.5,PSF-01163_20250114105431_3b0,0,0,0,106.366753,400.802124,0.734615,0.5,0.8,41.679047,1,61.86,60.38,29.8,28.83,28.83,100.76,79.8,79.3,0.6,142,3.844,10:50:25,14/01/2025,-1.49,1,0,-0.001,-0.002,-0.156,-0.923,-2.119,1,75,0.001,2,0.058905,0,0.02923,0,0,-0.000068,standard,0,rectangular,7000,500,1,2,55537,55537,55537,0,-9999,0,0,0,0,2.455412,2.49904,1.073524,0.761354,0.2254,-0.008945,0.721692,0.230718,106.366753,0.001152,2.363673,0.000005,1,2.399535,0.000012,1,0.601056,0.600294,0.107352,0,PSF-01163_20250114105431_3b0,PFA-00994,PSA-00994,PSF-01163,RHS-01998,3.0.0,2025-01-13T08:33:48.201Z
189,10:57:11,14/01/2025,K_lowfl_medbth,Karina Guo,,,220,Mid,0.120264,1.90272,0.113114,1.535919,2.663824,2.580429,3.986858,1.323033,25.609335,26.436991,39.567371,0.441786,7.5,PSF-01163_20250114105711_47e,0,0,0,127.122757,533.942688,0.761917,0.5,0.8,33.354332,1,62.52,60.57,30,28.85,28.85,100.76,79.8,67,16.1,109,3.841,10:50:25,14/01/2025,-1.49,1,0.001,-0.001,0,0.018,0.024,0.065,1,75,0.001,2,0.058905,0,0.02923,0,0,-0.000068,standard,0,rectangular,7000,500,1,2,55537,55537,55537,0,-9999,0,0,0,0,2.455622,2.499913,1.073915,0.734729,0.223652,-0.011059,0.729895,0.20254,127.122757,0.001139,2.363673,0.000005,1,2.399535,0.000012,1,0.601056,0.600294,0.107352,0,PSF-01163_20250114105711_47e,PFA-00994,PSA-00994,PSF-01163,RHS-01998,3.0.0,2025-01-13T08:33:48.201Z
190,11:00:24,14/01/2025,K_lowfl_medbth,Karina Guo,,,73,High,0.070571,1.904515,0.06805,0.992089,2.628996,2.575169,4.049456,1.42046,25.554413,26.088556,40.184334,0.441786,7.5,PSF-01163_20250114110024_06e,0,0,0,180.656433,594.622864,0.696183,0.5,0.8,44.109848,1,60.96,59.71,30.21,29.12,29.12,100.77,79.9,79.3,0.8,158,3.838,10:50:25,14/01/2025,-1.49,1,0,0,0.002,0.24,0.561,0.842,1,75,0.001,2,0.058905,0,0.02923,0,0,-0.000068,standard,0,rectangular,7000,500,1,2,55537,55537,55537,0,-9999,0,0,0,0,2.454454,2.497742,1.074583,0.761399,0.221781,-0.010392,0.739308,0.24512,180.656433,0.001161,2.363673,0.000005,1,2.399535,0.000012,1,0.601056,0.600294,0.107352,0,PSF-01163_20250114110024_06e,PFA-00994,PSA-00994,PSF-01163,RHS-01998,3.0.0,2025-01-13T08:33:48.201Z
191,11:01:07,14/01/2025,K_lowfl_medbth,Karina Guo,,,73,High,0.104616,1.905452,0.099171,1.375631,2.657473,2.582898,4.009225,1.351752,25.628244,26.368204,39.780674,0.441786,7.5,PSF-01163_20250114110107_86b,0,0,0,179.602859,619.084595,0.70989,0.5,0.8,61.469635,1,61.4,59.68,30.27,28.95,28.95,100.78,80,79.3,0.9,216,3.837,11:00:48,14/01/2025,-1.45,1,0,0.001,0,0.663,0.814,-1.875,1,75,0.001,2,0.058905,0,0.02923,0,0,-0.000068,standard,0,rectangular,7000,500,1,2,55537,55537,55537,0,-9999,0,0,0,0,2.454406,2.498277,1.074931,0.76134,0.221255,-0.013125,0.741488,0.295633,179.602859,0.001143,2.363673,0.000005,1,2.399535,0.000012,1,0.601056,0.600294,0.107352,0,PSF-01163_20250114110107_86b,PFA-00994,PSA-00994,PSF-01163,RHS-01998,3.0.0,2025-01-13T08:33:48.201Z
192,11:01:29,14/01/2025,K_lowfl_medbth,Karina Guo,,,73,High,0.094616,1.901595,0.090131,1.229531,2.638155,2.57131,3.967968,1.329813,25.512632,26.175869,39.370323,0.441786,7.5,PSF-01163_20250114110129_7d6,0,0,0,242.766388,633.765198,0.616946,0.5,0.8,52.234688,1,60.87,59.33,30.3,28.77,28.77,100.79,79.8,79.3,0.6,212,3.837,11:00:48,14/01/2025,-1.45,1,0,0,0.002,0.259,0.39,0.357,1,75,0.001,2,0.058905,0,0.02923,0,0,-0.000068,standard,0,rectangular,7000,500,1,2,55537,55537,55537,0,-9999,0,0,0,0,2.453944,2.497552,1.073497,0.761436,0.221047,-0.015496,0.742541,0.29145,242.766388,0.001147,2.363673,0.000005,1,2.399535,0.000012,1,0.601056,0.600294,0.107352,0,PSF-01163_20250114110129_7d6,PFA-00994,PSA-00994,PSF-01163,RHS-01998,3.0.0,2025-01-13T08:33:48.201Z
193,11:02:02,14/01/2025,K_lowfl_medbth,Karina Guo,,,747,High,0.163145,1.898669,0.150235,1.917537,2.666252,2.561826,3.910657,1.244405,25.418659,26.454786,38.801876,0.441786,7.5,PSF-01163_20250114110202_0bf,0,0,0,144.066803,585.207947,0.753819,0.5,0.8,69.582199,1,61.43,59.02,30.33,28.52,28.52,100.79,79.6,79.4,0.3,231,3.836,11:00:48,14/01/2025,-1.45,1,0,0.001,0.002,0.097,0.535,1.574,1,75,0.001,2,0.058905,0,0.02923,0,0,-0.000068,standard,0,rectangular,7000,500,1,2,55537,55537,55537,0,-9999,0,0,0,0,2.45353,2.498298,1.072412,0.761629,0.220808,-0.018747,0.744061,0.308061,144.066803,0.001154,2.363673,0.000005,1,2.399535,0.000012,1,0.601056,0.600294,0.107352,0,PSF-01163_20250114110202_0bf,PFA-00994,PSA-00994,PSF-01163,RHS-01998,3.0.0,2025-01-13T08:33:48.201Z
194,11:02:30,14/01/2025,K_lowfl_medbth,Karina Guo,,,747,High,0.227968,1.902394,0.203573,2.41974,2.693171,2.56176,3.852272,1.159101,25.41725,26.721075,38.221439,0.441786,7.5,PSF-01163_20250114110230_972,0,0,0,142.225388,594.63324,0.760818,0.5,0.8,81.989975,1,61.97,58.95,30.35,28.26,28.26,100.79,79.8,79.4,0.5,269,3.836,11:00:48,14/01/2025,-1.45,1,0.002,0.001,0.004,0.128,0.279,0.448,1,75,0.001,2,0.058905,0,0.02923,0,0,-0.000068,standard,0,rectangular,7000,500,1,2,55537,55537,55537,0,-9999,0,0,0,0,2.453433,2.499039,1.073794,0.761594,0.220631,-0.022001,0.745445,0.341676,142.225388,0.001144,2.363673,0.000005,1,2.399535,0.000012,1,0.601056,0.600294,0.107352,0,PSF-01163_20250114110230_972,PFA-00994,PSA-00994,PSF-01163,RHS-01998,3.0.0,2025-01-13T08:33:48.201Z
195,11:03:13,14/01/2025,K_lowfl_medbth,Karina Guo,,,747,High,0.262331,1.902777,0.230546,2.834206,2.7107,2.556845,3.909071,1.198371,25.367981,26.894463,38.784214,0.441786,7.5,PSF-01163_20250114110313_130,0,0,0,139.426941,589.167603,0.763349,0.5,0.8,47.971485,1,62.26,58.73,30.38,28.51,28.51,100.79,79.8,79.4,0.5,157,3.835,11:00:48,14/01/2025,-1.45,1,0,0.001,0.003,-0.196,-0.442,-0.996,1,75,0.001,2,0.058905,0,0.02923,0,0,-0.000068,standard,0,rectangular,7000,500,1,2,55537,55537,55537,0,-9999,0,0,0,0,2.453135,2.499424,1.073936,0.761666,0.220349,-0.019448,0.747504,0.243998,139.426941,0.001123,2.363673,0.000005,1,2.399535,0.000012,1,0.601056,0.600294,0.107352,0,PSF-01163_20250114110313_130,PFA-00994,PSA-00994,PSF-01163,RHS-01998,3.0.0,2025-01-13T08:33:48.201Z
196,11:03:38,14/01/2025,K_lowfl_medbth,Karina Guo,,,215,Low,0.143352,1.902206,0.133306,1.739482,2.634948,2.540412,3.907442,1.272494,25.205254,26.143211,38.768532,0.441786,7.5,PSF-01163_20250114110338_e51,0,0,0,169.332855,573.377258,0.704675,0.5,0.8,44.362053,1,60.47,58.3,30.39,28.5,28.5,100.79,79.8,79.2,0.7,157,3.833,11:00:48,14/01/2025,-1.45,1,0.001,0,0.002,-0.298,-0.4,-0.913,1,75,0.001,2,0.058905,0,0.02923,0,0,-0.000068,standard,0,rectangular,7000,500,1,2,55537,55537,55537,0,-9999,0,0,0,0,2.452571,2.496984,1.073724,0.761216,0.220219,-0.019707,0.748568,0.244238,169.332855,0.001146,2.363673,0.000005,1,2.399535,0.000012,1,0.601056,0.600294,0.107352,0,PSF-01163_20250114110338_e51,PFA-00994,PSA-00994,PSF-01163,RHS-01998,3.0.0,2025-01-13T08:33:48.201Z
197,11:04:26,14/01/2025,K_lowfl_medbth,Karina Guo,,,215,Low,0.172975,1.9069,0.15859,2.038088,2.6793,2.568942,3.932039,1.252739,25.48933,26.584311,39.01413,0.441786,7.5,PSF-01163_20250114110426_9c7,0,0,0,170.495514,559.30426,0.695165,0.5,0.8,37.561684,1,61.36,58.83,30.43,28.61,28.61,100.79,80,79.3,0.9,135,3.832,11:00:48,14/01/2025,-1.45,1,0,0.001,0.002,0.011,0.033,0.196,1,75,0.001,2,0.058905,0,0.02923,0,0,-0.000068,standard,0,rectangular,7000,500,1,2,55537,55537,55537,0,-9999,0,0,0,0,2.453264,2.49819,1.07547,0.76144,0.219907,-0.018867,0.751001,0.22484,170.495514,0.001141,2.363673,0.000005,1,2.399535,0.000012,1,0.601056,0.600294,0.107352,0,PSF-01163_20250114110426_9c7,PFA-00994,PSA-00994,PSF-01163,RHS-01998,3.0.0,2025-01-13T08:33:48.201Z
198,11:04:48,14/01/2025,K_lowfl_medbth,Karina Guo,,,215,Low,0.142087,1.903183,0.132216,1.767707,2.654732,2.558748,3.958012,1.30328,25.387999,26.340353,39.271545,0.441786,7.5,PSF-01163_20250114110448_638,0,0,0,195.193298,581.656006,0.664418,0.5,0.8,33.223877,1,60.75,58.56,30.44,28.72,28.72,100.79,79.8,73.4,8,125,3.833,11:00:48,14/01/2025,-1.45,1,-0.001,0,0,0.149,0.542,2.135,1,75,0.001,2,0.058905,0,0.02923,0,0,-0.000068,standard,0,rectangular,7000,500,1,2,55537,55537,55537,0,-9999,0,0,0,0,2.452898,2.497361,1.074087,0.748691,0.219794,-0.017693,0.752022,0.216081,195.193298,0.001149,2.363673,0.000005,1,2.399535,0.000012,1,0.601056,0.600294,0.107352,0,PSF-01163_20250114110448_638,PFA-00994,PSA-00994,PSF-01163,RHS-01998,3.0.0,2025-01-13T08:33:48.201Z
199,11:06:01,14/01/2025,K_lowfl_medbth,Karina Guo,,,375,High,0.070414,1.904528,0.067903,1.041425,2.628421,2.57191,4.122385,1.493964,25.518715,26.079422,40.902664,0.441786,7.5,PSF-01163_20250114110601_9b0,0,0,0,201.922424,554.020996,0.635533,0.5,0.8,28.334248,1,59.96,58.67,30.5,29.43,29.43,100.79,79.9,79.3,0.8,111,3.831,11:00:48,14/01/2025,-1.45,1,0,0,0.001,0.413,0.617,2.094,1,75,0.001,2,0.058905,0,0.02923,0,0,-0.000068,standard,0,rectangular,7000,500,1,2,55537,55537,55537,0,-9999,0,0,0,0,2.45304,2.496275,1.074587,0.761388,0.21932,-0.010075,0.755304,0.204293,201.922424,0.00114,2.363673,0.000005,1,2.399535,0.000012,1,0.601056,0.600294,0.107352,0,PSF-01163_20250114110601_9b0,PFA-00994,PSA-00994,PSF-01163,RHS-01998,3.0.0,2025-01-13T08:33:48.201Z
200,11:06:49,14/01/2025,K_lowfl_medbth,Karina Guo,,,375,High,0.063669,1.89968,0.061604,0.986069,2.643338,2.589663,4.201759,1.558421,25.695055,26.227629,41.690533,0.441786,7.5,PSF-01163_20250114110649_531,0,0,0,174.859283,569.469788,0.692944,0.5,0.8,33.714134,1,60.15,58.92,30.54,29.76,29.76,100.78,79.7,79.3,0.5,122,3.829,11:00:48,14/01/2025,-1.45,1,0.001,0,0.002,0.498,0.852,2.073,1,75,0.001,2,0.058905,0,0.02923,0,0,-0.000068,standard,0,rectangular,7000,500,1,2,55537,55537,55537,0,-9999,0,0,0,0,2.453362,2.496518,1.072787,0.761375,0.21893,-0.006695,0.757579,0.213143,174.859283,0.001135,2.363673,0.000005,1,2.399535,0.000012,1,0.601056,0.600294,0.107352,0,PSF-01163_20250114110649_531,PFA-00994,PSA-00994,PSF-01163,RHS-01998,3.0.0,2025-01-13T08:33:48.201Z
201,11:07:53,14/01/2025,K_lowfl_medbth,Karina Guo,,,375,High,0.069955,1.905446,0.067478,1.033111,2.632621,2.576599,4.123921,1.4913,25.56575,26.121611,40.918716,0.441786,7.5,PSF-01163_20250114110753_0cf,0,0,0,166.37027,562.551514,0.704258,0.5,0.8,40.861324,1,59.72,58.45,30.6,29.43,29.43,100.78,80,79.2,1,145,3.825,11:00:48,14/01/2025,-1.45,1,0,0,-9999,0.249,0.295,-9999,1,75,0.001,2,0.058905,0,0.02923,0,0,-0.000068,standard,0,rectangular,7000,500,1,2,55537,55537,55537,0,-9999,0,0,0,0,2.452723,2.495923,1.074929,0.761138,0.218462,-0.011168,0.760504,0.233511,166.37027,0.001127,2.363673,0.000005,1,2.399535,0.000012,1,0.601056,0.600294,0.107352,0,PSF-01163_20250114110753_0cf,PFA-00994,PSA-00994,PSF-01163,RHS-01998,3.0.0,2025-01-13T08:33:48.201Z
202,11:08:24,14/01/2025,K_lowfl_medbth,Karina Guo,,,65,Low,0.122919,1.899809,0.115449,1.473645,2.657035,2.576841,3.90158,1.244545,25.568974,26.364702,38.713837,0.441786,7.5,PSF-01163_20250114110824_6dd,0,0,0,184.030289,605.500488,0.696069,0.5,0.8,46.281387,1,60.19,58.37,30.62,28.48,28.48,100.78,79.7,79.4,0.4,166,3.828,11:00:48,14/01/2025,-1.45,1,0.001,0,0.002,-0.106,0.128,2.394,1,75,0.001,2,0.058905,0,0.02923,0,0,-0.000068,standard,0,rectangular,7000,500,1,2,55537,55537,55537,0,-9999,0,0,0,0,2.452621,2.496561,1.072835,0.761557,0.218258,-0.022672,0.761936,0.251926,184.030289,0.001116,2.363673,0.000005,1,2.399535,0.000012,1,0.601056,0.600294,0.107352,0,PSF-01163_20250114110824_6dd,PFA-00994,PSA-00994,PSF-01163,RHS-01998,3.0.0,2025-01-13T08:33:48.201Z
203,11:09:52,14/01/2025,K_lowfl_medbth,Karina Guo,,,65,Low,0.129819,1.903044,0.121529,1.675532,2.66367,2.572691,4.007229,1.343559,25.526403,26.4291,39.759975,0.441786,7.5,PSF-01163_20250114110952_080,0,0,0,203.5811,576.361328,0.646782,0.5,0.8,44.653603,1,60.14,58.08,30.68,28.94,28.94,100.79,79.8,79.3,0.7,173,3.827,11:00:48,14/01/2025,-1.45,1,0,0.001,0.001,0.04,-0.432,0.8,1,75,0.001,2,0.058905,0,0.02923,0,0,-0.000068,standard,0,rectangular,7000,500,1,2,55537,55537,55537,0,-9999,0,0,0,0,2.452229,2.49648,1.074036,0.761361,0.217754,-0.017977,0.7662,0.257471,203.5811,0.00114,2.363673,0.000005,1,2.399535,0.000012,1,0.601056,0.600294,0.107352,0,PSF-01163_20250114110952_080,PFA-00994,PSA-00994,PSF-01163,RHS-01998,3.0.0,2025-01-13T08:33:48.201Z
204,11:10:21,14/01/2025,K_lowfl_medbth,Karina Guo,,,65,Low,0.124491,1.904509,0.116853,1.57637,2.661879,2.576369,3.976701,1.314822,25.563278,26.411722,39.457661,0.441786,7.5,PSF-01163_20250114111021_081,0,0,0,173.297531,603.35791,0.712778,0.5,0.8,43.584404,1,60.05,58.12,30.69,28.81,28.81,100.78,79.9,79.6,0.5,153,3.827,11:00:48,14/01/2025,-1.45,1,0.001,0.001,0,0.221,0.501,1.162,1,75,0.001,2,0.058905,0,0.02923,0,0,-0.000068,standard,0,rectangular,7000,500,1,2,55537,55537,55537,0,-9999,0,0,0,0,2.452273,2.496355,1.07458,0.761995,0.217631,-0.019691,0.767562,0.240309,173.297531,0.001135,2.363673,0.000005,1,2.399535,0.000012,1,0.601056,0.600294,0.107352,0,PSF-01163_20250114111021_081,PFA-00994,PSA-00994,PSF-01163,RHS-01998,3.0.0,2025-01-13T08:33:48.201Z
205,11:10:50,14/01/2025,K_lowfl_medbth,Karina Guo,,,68,Mid,0.086617,1.896259,0.082833,1.164982,2.641693,2.578127,4.012434,1.37074,25.579128,26.209808,39.809738,0.441786,7.5,PSF-01163_20250114111050_18b,0,0,0,182.475693,621.845459,0.706558,0.5,0.8,39.275223,1,59.53,58.09,30.71,28.96,28.96,100.79,79.5,79.2,0.3,139,3.825,11:00:48,14/01/2025,-1.45,1,0,0,0.002,0.221,0.863,1.458,1,75,0.001,2,0.058905,0,0.02923,0,0,-0.000068,standard,0,rectangular,7000,500,1,2,55537,55537,55537,0,-9999,0,0,0,0,2.45224,2.495645,1.071519,0.761305,0.21747,-0.018103,0.768943,0.228219,182.475693,0.001138,2.363673,0.000005,1,2.399535,0.000012,1,0.601056,0.600294,0.107352,0,PSF-01163_20250114111050_18b,PFA-00994,PSA-00994,PSF-01163,RHS-01998,3.0.0,2025-01-13T08:33:48.201Z
206,11:11:39,14/01/2025,K_lowfl_medbth,Karina Guo,,,68,Mid,0.147019,1.903078,0.136476,1.866655,2.679807,2.578462,4.012637,1.33283,25.58176,26.587238,39.810673,0.441786,7.5,PSF-01163_20250114111139_5f7,0,0,0,220.360275,607.044678,0.636995,0.5,0.8,38.186287,1,60.19,57.91,30.77,28.96,28.96,100.79,79.8,79.3,0.7,150,3.825,11:11:11,14/01/2025,-1.43,1,0.001,0,0.001,-0.492,-0.468,0.965,1,75,0.001,2,0.058905,0,0.02923,0,0,-0.000068,standard,0,rectangular,7000,500,1,2,55537,55537,55537,0,-9999,0,0,0,0,2.451991,2.496515,1.074048,0.761379,0.216984,-0.018761,0.771134,0.237701,220.360275,0.001134,2.363673,0.000005,1,2.399535,0.000012,1,0.601056,0.600294,0.107352,0,PSF-01163_20250114111139_5f7,PFA-00994,PSA-00994,PSF-01163,RHS-01998,3.0.0,2025-01-13T08:33:48.201Z
207,11:12:03,14/01/2025,K_lowfl_medbth,Karina Guo,,,68,Mid,0.139959,1.904202,0.130377,1.751654,2.67735,2.582315,3.986807,1.309458,25.619289,26.562126,39.553326,0.441786,7.5,PSF-01163_20250114111203_925,0,0,0,178.985596,609.347107,0.706267,0.5,0.8,39.269604,1,60.08,57.94,30.79,28.85,28.85,100.8,79.9,79.4,0.6,139,3.824,11:11:11,14/01/2025,-1.43,1,0,0,0.002,0.393,0.522,0.865,1,75,0.001,2,0.058905,0,0.02923,0,0,-0.000068,standard,0,rectangular,7000,500,1,2,55537,55537,55537,0,-9999,0,0,0,0,2.452028,2.496357,1.074466,0.761674,0.216839,-0.020267,0.772184,0.228251,178.985596,0.001142,2.363673,0.000005,1,2.399535,0.000012,1,0.601056,0.600294,0.107352,0,PSF-01163_20250114111203_925,PFA-00994,PSA-00994,PSF-01163,RHS-01998,3.0.0,2025-01-13T08:33:48.201Z
208,11:12:41,14/01/2025,K_lowfl_medbth,Karina Guo,,,444,Mid,0.058698,1.900627,0.056939,0.903666,2.629984,2.580812,4.17574,1.545756,25.60342,26.091242,41.426201,0.441786,7.5,PSF-01163_20250114111241_3ca,0,0,0,150.629288,555.513367,0.728847,0.5,0.8,63.006359,1,58.93,57.82,30.81,29.65,29.65,100.8,79.7,79.3,0.5,216,3.823,11:11:11,14/01/2025,-1.43,1,0.001,0,0.001,0.482,0.938,2.331,1,75,0.001,2,0.058905,0,0.02923,0,0,-0.000068,standard,0,rectangular,7000,500,1,2,55537,55537,55537,0,-9999,0,0,0,0,2.451864,2.494785,1.073138,0.761525,0.216615,-0.011147,0.773961,0.29532,150.629288,0.001125,2.363673,0.000005,1,2.399535,0.000012,1,0.601056,0.600294,0.107352,0,PSF-01163_20250114111241_3ca,PFA-00994,PSA-00994,PSF-01163,RHS-01998,3.0.0,2025-01-13T08:33:48.201Z
209,11:13:22,14/01/2025,K_lowfl_medbth,Karina Guo,,,444,Mid,0.15008,1.898774,0.139087,1.862828,2.695022,2.593599,4.000201,1.305179,25.730724,26.736925,39.685421,0.441786,7.5,PSF-01163_20250114111322_b88,0,0,0,137.381668,524.277832,0.73796,0.5,0.8,47.749428,1,60.26,57.99,30.85,28.91,28.91,100.8,79.6,74.4,6.5,162,3.823,11:11:11,14/01/2025,-1.43,1,-0.001,-0.001,0.002,-0.109,0.005,-0.059,1,75,0.001,2,0.058905,0,0.02923,0,0,-0.000068,standard,0,rectangular,7000,500,1,2,55537,55537,55537,0,-9999,0,0,0,0,2.452082,2.496599,1.072451,0.750825,0.216318,-0.020308,0.775882,0.248045,137.381668,0.001139,2.363673,0.000005,1,2.399535,0.000012,1,0.601056,0.600294,0.107352,0,PSF-01163_20250114111322_b88,PFA-00994,PSA-00994,PSF-01163,RHS-01998,3.0.0,2025-01-13T08:33:48.201Z
210,11:13:47,14/01/2025,K_lowfl_medbth,Karina Guo,,,444,Mid,0.222851,1.908749,0.199552,2.524535,2.734297,2.597833,3.967067,1.23277,25.773369,27.127241,39.357685,0.441786,7.5,PSF-01163_20250114111347_668,0,0,0,137.225388,531.88562,0.742002,0.5,0.8,49.360222,1,61.08,58.03,30.87,28.76,28.76,100.8,80.1,79.6,0.7,166,3.823,11:11:11,14/01/2025,-1.43,1,0,-0.001,0.002,0.047,0.169,0.198,1,75,0.001,2,0.058905,0,0.02923,0,0,-0.000068,standard,0,rectangular,7000,500,1,2,55537,55537,55537,0,-9999,0,0,0,0,2.452122,2.497703,1.076159,0.762115,0.216161,-0.022205,0.777042,0.251999,137.225388,0.001134,2.363673,0.000005,1,2.399535,0.000012,1,0.601056,0.600294,0.107352,0,PSF-01163_20250114111347_668,PFA-00994,PSA-00994,PSF-01163,RHS-01998,3.0.0,2025-01-13T08:33:48.201Z
211,11:14:10,14/01/2025,K_lowfl_medbth,Karina Guo,,,374,High,0.148393,1.903449,0.137661,1.911496,2.713261,2.609537,4.065846,1.352585,25.888515,26.91754,40.336174,0.441786,7.5,PSF-01163_20250114111410_d58,0,0,0,147.352692,521.837341,0.717627,0.5,0.8,64.001564,1,60.54,58.23,30.88,29.19,29.19,100.8,79.9,79.4,0.6,223,3.822,11:11:11,14/01/2025,-1.43,1,0,0,0,-0.098,0.399,1.919,1,75,0.001,2,0.058905,0,0.02923,0,0,-0.000068,standard,0,rectangular,7000,500,1,2,55537,55537,55537,0,-9999,0,0,0,0,2.452383,2.496975,1.074186,0.761593,0.216008,-0.017436,0.778142,0.301274,147.352692,0.001141,2.363673,0.000005,1,2.399535,0.000012,1,0.601056,0.600294,0.107352,0,PSF-01163_20250114111410_d58,PFA-00994,PSA-00994,PSF-01163,RHS-01998,3.0.0,2025-01-13T08:33:48.201Z
212,11:14:59,14/01/2025,K_lowfl_medbth,Karina Guo,,,374,High,0.140171,1.903656,0.130558,1.927921,2.713527,2.608927,4.151297,1.43777,25.882858,26.920576,41.184525,0.441786,7.5,PSF-01163_20250114111459_967,0,0,0,156.356339,528.542175,0.704174,0.5,0.8,66.341858,1,60.38,58.05,30.93,29.55,29.55,100.8,79.9,79.4,0.6,236,3.82,11:11:11,14/01/2025,-1.43,1,-0.001,0,0.002,0.21,0.505,1.935,1,75,0.001,2,0.058905,0,0.02923,0,0,-0.000068,standard,0,rectangular,7000,500,1,2,55537,55537,55537,0,-9999,0,0,0,0,2.452138,2.496741,1.074263,0.761564,0.215585,-0.013777,0.78037,0.312206,156.356339,0.001133,2.363673,0.000005,1,2.399535,0.000012,1,0.601056,0.600294,0.107352,0,PSF-01163_20250114111459_967,PFA-00994,PSA-00994,PSF-01163,RHS-01998,3.0.0,2025-01-13T08:33:48.201Z
213,11:16:34,14/01/2025,K_lowfl_medbth,Karina Guo,,,672,High,0.027978,1.900048,0.027572,0.499772,2.651719,2.62452,4.414742,1.763023,26.037226,26.307062,43.797585,0.441786,7.5,PSF-01163_20250114111634_069,0,0,0,175.803421,571.168518,0.692204,0.5,0.8,28.509396,1,58.59,57.99,31.05,30.62,30.62,100.8,79.7,79.1,0.7,103,3.792,11:11:11,14/01/2025,-1.43,1,0,0,0.004,-0.036,-0.116,-0.706,1,75,0.001,2,0.058905,0,0.02923,0,0,-0.000068,standard,0,rectangular,7000,500,1,2,55537,55537,55537,0,-9999,0,0,0,0,2.452039,2.494291,1.072923,0.761086,0.214555,-0.002487,0.784828,0.196907,175.803421,0.001152,2.363673,0.000005,1,2.399535,0.000012,1,0.601056,0.600294,0.107352,0,PSF-01163_20250114111634_069,PFA-00994,PSA-00994,PSF-01163,RHS-01998,3.0.0,2025-01-13T08:33:48.201Z
214,11:17:02,14/01/2025,K_lowfl_medbth,Karina Guo,,,672,High,0.241518,1.906202,0.214358,2.62287,2.770803,2.628821,3.96302,1.192217,26.078861,27.487381,39.314602,0.441786,7.5,PSF-01163_20250114111702_baf,0,0,0,163.203842,562.424194,0.709821,0.5,0.8,33.890003,1,61.12,57.99,31.08,28.75,28.75,100.8,80,79.3,0.8,119,3.818,11:11:11,14/01/2025,-1.43,1,0,0.001,0.005,0.035,0.117,0.373,1,75,0.001,2,0.058905,0,0.02923,0,0,-0.000068,standard,0,rectangular,7000,500,1,2,55537,55537,55537,0,-9999,0,0,0,0,2.45203,2.497727,1.07521,0.761539,0.214306,-0.024992,0.786057,0.211167,163.203842,0.001159,2.363673,0.000005,1,2.399535,0.000012,1,0.601056,0.600294,0.107352,0,PSF-01163_20250114111702_baf,PFA-00994,PSA-00994,PSF-01163,RHS-01998,3.0.0,2025-01-13T08:33:48.201Z
215,11:17:27,14/01/2025,K_lowfl_medbth,Karina Guo,,,672,High,0.196586,1.90438,0.178192,2.330283,2.744943,2.618615,4.018893,1.27395,25.978773,27.232048,39.870659,0.441786,7.5,PSF-01163_20250114111727_350,0,0,0,186.347366,606.720337,0.692861,0.5,0.8,43.349411,1,60.47,57.69,31.11,28.99,28.99,100.8,79.9,79.3,0.7,156,3.819,11:11:11,14/01/2025,-1.43,1,0,0,0.004,0.372,0.664,0.749,1,75,0.001,2,0.058905,0,0.02923,0,0,-0.000068,standard,0,rectangular,7000,500,1,2,55537,55537,55537,0,-9999,0,0,0,0,2.451628,2.496836,1.074532,0.761497,0.214108,-0.022439,0.787139,0.243394,186.347366,0.001153,2.363673,0.000005,1,2.399535,0.000012,1,0.601056,0.600294,0.107352,0,PSF-01163_20250114111727_350,PFA-00994,PSA-00994,PSF-01163,RHS-01998,3.0.0,2025-01-13T08:33:48.201Z
216,11:18:07,14/01/2025,K_lowfl_medbth,Karina Guo,,,289,Low,0.216861,1.905496,0.194703,2.541828,2.759403,2.62173,4.031016,1.271613,26.00922,27.375031,39.990234,0.441786,7.5,PSF-01163_20250114111807_34c,0,0,0,155.918243,583.330383,0.73271,0.5,0.8,52.821526,1,60.66,57.63,31.15,29.04,29.04,100.8,80,79.3,0.9,180,3.817,11:11:11,14/01/2025,-1.43,1,0.001,0,0.003,-0.071,0.844,0.919,1,75,0.001,2,0.058905,0,0.02923,0,0,-0.000068,standard,0,rectangular,7000,500,1,2,55537,55537,55537,0,-9999,0,0,0,0,2.451547,2.497084,1.074947,0.761411,0.213788,-0.022278,0.788833,0.264105,155.918243,0.001133,2.363673,0.000005,1,2.399535,0.000012,1,0.601056,0.600294,0.107352,0,PSF-01163_20250114111807_34c,PFA-00994,PSA-00994,PSF-01163,RHS-01998,3.0.0,2025-01-13T08:33:48.201Z
217,11:18:39,14/01/2025,K_lowfl_medbth,Karina Guo,,,289,Low,0.20491,1.90205,0.184981,2.525786,2.765913,2.628798,4.095409,1.329496,26.079536,27.439814,40.62936,0.441786,7.5,PSF-01163_20250114111839_8ad,0,0,0,152.664536,584.215149,0.738684,0.5,0.8,46.102295,1,60.69,57.69,31.18,29.31,29.31,100.8,79.8,76,4.7,156,3.814,11:11:11,14/01/2025,-1.43,1,0.001,0,0.003,0.242,0.651,1.394,1,75,0.001,2,0.058905,0,0.02923,0,0,-0.000068,standard,0,rectangular,7000,500,1,2,55537,55537,55537,0,-9999,0,0,0,0,2.451612,2.497128,1.073666,0.754317,0.213529,-0.01942,0.790306,0.243058,152.664536,0.001135,2.363673,0.000005,1,2.399535,0.000012,1,0.601056,0.600294,0.107352,0,PSF-01163_20250114111839_8ad,PFA-00994,PSA-00994,PSF-01163,RHS-01998,3.0.0,2025-01-13T08:33:48.201Z
218,11:19:09,14/01/2025,K_lowfl_medbth,Karina Guo,,,289,Low,0.212254,1.903128,0.190957,2.512698,2.761342,2.625038,4.042875,1.281533,26.043531,27.395832,40.110176,0.441786,7.5,PSF-01163_20250114111909_5bb,0,0,0,138.712769,560.174316,0.752376,0.5,0.8,43.744476,1,60.51,57.52,31.2,29.09,29.09,100.79,79.8,72.6,9.1,145,3.815,11:11:11,14/01/2025,-1.43,1,0.002,0,0.003,0.021,0.028,-0.067,1,75,0.001,2,0.058905,0,0.02923,0,0,-0.000068,standard,0,rectangular,7000,500,1,2,55537,55537,55537,0,-9999,0,0,0,0,2.451395,2.496874,1.074067,0.746766,0.213327,-0.022329,0.791662,0.233775,138.712769,0.001139,2.363673,0.000005,1,2.399535,0.000012,1,0.601056,0.600294,0.107352,0,PSF-01163_20250114111909_5bb,PFA-00994,PSA-00994,PSF-01163,RHS-01998,3.0.0,2025-01-13T08:33:48.201Z
219,11:20:17,14/01/2025,K_lowfl_medbth,Karina Guo,,,289,Low,0.155263,1.899833,0.143533,2.061649,2.73428,2.622162,4.132732,1.398452,26.014997,27.127342,41.001667,0.441786,7.5,PSF-01163_20250114112017_2a0,0,0,0,138.1427,553.134827,0.750255,0.5,0.8,69.327454,1,59.77,57.32,31.24,29.47,29.47,100.79,79.7,79.3,0.5,231,3.814,11:11:11,14/01/2025,-1.43,1,0,-0.001,0.002,0.107,0.333,0.609,1,75,0.001,2,0.058905,0,0.02923,0,0,-0.000068,standard,0,rectangular,7000,500,1,2,55537,55537,55537,0,-9999,0,0,0,0,2.451116,2.495856,1.072844,0.761396,0.21296,-0.01837,0.794447,0.308276,138.1427,0.001161,2.363673,0.000005,1,2.399535,0.000012,1,0.601056,0.600294,0.107352,0,PSF-01163_20250114112017_2a0,PFA-00994,PSA-00994,PSF-01163,RHS-01998,3.0.0,2025-01-13T08:33:48.201Z
220,11:20:46,14/01/2025,K_lowfl_medbth,Karina Guo,,,743,Mid,0.219351,1.901335,0.196663,2.671219,2.765407,2.620341,4.087854,1.322448,25.998281,27.437586,40.558537,0.441786,7.5,PSF-01163_20250114112046_7ab,0,0,0,128.87085,556.279785,0.768334,0.5,0.8,74.106178,1,60.38,57.21,31.27,29.28,29.28,100.79,79.7,78.9,1,241,3.814,11:11:11,14/01/2025,-1.43,1,0.001,0.001,0.004,-0.157,-0.051,-0.019,1,75,0.001,2,0.058905,0,0.02923,0,0,-0.000068,standard,0,rectangular,7000,500,1,2,55537,55537,55537,0,-9999,0,0,0,0,2.450972,2.496682,1.073401,0.760617,0.212789,-0.020839,0.795687,0.317072,128.87085,0.001142,2.363673,0.000005,1,2.399535,0.000012,1,0.601056,0.600294,0.107352,0,PSF-01163_20250114112046_7ab,PFA-00994,PSA-00994,PSF-01163,RHS-01998,3.0.0,2025-01-13T08:33:48.201Z
221,11:21:18,14/01/2025,K_lowfl_medbth,Karina Guo,,,743,Mid,0.203353,1.898229,0.183676,2.439356,2.769041,2.636297,4.062174,1.293133,26.1577,27.4748,40.305439,0.441786,7.5,PSF-01163_20250114112118_6a0,0,0,0,136.951096,545.57489,0.748978,0.5,0.8,75.691216,1,60.36,57.47,31.29,29.17,29.17,100.78,79.6,72.4,9,253,3.813,11:11:11,14/01/2025,-1.43,1,0.001,0,0.002,0.049,0.315,0.846,1,75,0.001,2,0.058905,0,0.02923,0,0,-0.000068,standard,0,rectangular,7000,500,1,2,55537,55537,55537,0,-9999,0,0,0,0,2.451304,2.496655,1.072248,0.746409,0.212555,-0.022451,0.797155,0.327094,136.951096,0.001137,2.363673,0.000005,1,2.399535,0.000012,1,0.601056,0.600294,0.107352,0,PSF-01163_20250114112118_6a0,PFA-00994,PSA-00994,PSF-01163,RHS-01998,3.0.0,2025-01-13T08:33:48.201Z
222,11:22:14,14/01/2025,K_lowfl_medbth,Karina Guo,,,743,Mid,0.251388,1.90356,0.222062,2.990537,2.792651,2.630551,4.103424,1.310772,26.102106,27.710579,40.716949,0.441786,7.5,PSF-01163_20250114112214_967,0,0,0,159.358627,599.746582,0.73429,0.5,0.8,102.052895,1,60.61,57.09,31.37,29.35,29.35,100.78,79.9,70.6,11.6,347,3.785,11:21:49,14/01/2025,-1.45,1,0.001,0,0.002,-0.023,0.04,1.079,1,75,0.001,2,0.058905,0,0.02923,0,0,-0.000068,standard,0,rectangular,7000,500,1,2,55537,55537,55537,0,-9999,0,0,0,0,2.450795,2.497001,1.074228,0.742602,0.211912,-0.021306,0.799782,0.409552,159.358627,0.001146,2.363673,0.000005,1,2.399535,0.000012,1,0.601056,0.600294,0.107352,0,PSF-01163_20250114112214_967,PFA-00994,PSA-00994,PSF-01163,RHS-01998,3.0.0,2025-01-13T08:33:48.201Z
223,11:22:52,14/01/2025,K_lowfl_medbth,Karina Guo,,,244,High,0.200044,1.901669,0.181004,2.676386,2.78832,2.643054,4.226619,1.438299,26.226105,27.667526,41.93927,0.441786,7.5,PSF-01163_20250114112252_833,0,0,0,221.869476,607.214905,0.634611,0.5,0.8,83.236153,1,60.37,57.23,31.41,29.86,29.86,100.78,79.8,79.3,0.5,328,3.811,11:21:49,14/01/2025,-1.45,1,0.001,-0.001,0.001,0.262,0.732,1.513,1,75,0.001,2,0.058905,0,0.02923,0,0,-0.000068,standard,0,rectangular,7000,500,1,2,55537,55537,55537,0,-9999,0,0,0,0,2.45096,2.496667,1.073525,0.761495,0.211558,-0.015749,0.801623,0.392546,221.869476,0.001142,2.363673,0.000005,1,2.399535,0.000012,1,0.601056,0.600294,0.107352,0,PSF-01163_20250114112252_833,PFA-00994,PSA-00994,PSF-01163,RHS-01998,3.0.0,2025-01-13T08:33:48.201Z
224,11:23:48,14/01/2025,K_lowfl_medbth,Karina Guo,,,244,High,0.144433,1.90517,0.134255,2.064533,2.752765,2.640942,4.248593,1.495827,26.206842,27.316498,42.16003,0.441786,7.5,PSF-01163_20250114112348_7f0,0,0,0,213.360428,564.251282,0.62187,0.5,0.8,78.42485,1,59.38,56.97,31.48,29.95,29.95,100.77,79.9,79.2,0.9,315,3.81,11:21:49,14/01/2025,-1.45,1,0,0,-0.001,0.353,0.036,-1.735,1,75,0.001,2,0.058905,0,0.02923,0,0,-0.000068,standard,0,rectangular,7000,500,1,2,55537,55537,55537,0,-9999,0,0,0,0,2.450616,2.495313,1.074826,0.761249,0.211027,-0.015437,0.804254,0.381566,213.360428,0.001136,2.363673,0.000005,1,2.399535,0.000012,1,0.601056,0.600294,0.107352,0,PSF-01163_20250114112348_7f0,PFA-00994,PSA-00994,PSF-01163,RHS-01998,3.0.0,2025-01-13T08:33:48.201Z
225,11:24:22,14/01/2025,K_lowfl_medbth,Karina Guo,,,244,High,0.325801,1.900096,0.278114,3.567207,2.841923,2.648198,4.090154,1.248231,26.276175,28.19837,40.583672,0.441786,7.5,PSF-01163_20250114112422_4e3,0,0,0,189.211243,567.382324,0.666519,0.5,0.8,75.423775,1,61.15,56.99,31.52,29.29,29.29,100.78,79.7,79.5,0.3,283,3.81,11:21:49,14/01/2025,-1.45,1,0.003,0.001,0.003,-0.261,-0.301,0.452,1,75,0.001,2,0.058905,0,0.02923,0,0,-0.000068,standard,0,rectangular,7000,500,1,2,55537,55537,55537,0,-9999,0,0,0,0,2.450625,2.497714,1.072941,0.7618,0.210662,-0.023747,0.805738,0.353407,189.211243,0.001123,2.363673,0.000005,1,2.399535,0.000012,1,0.601056,0.600294,0.107352,0,PSF-01163_20250114112422_4e3,PFA-00994,PSA-00994,PSF-01163,RHS-01998,3.0.0,2025-01-13T08:33:48.201Z
226,11:25:01,14/01/2025,K_lowfl_medbth,Karina Guo,,,297,High,0.174227,1.906421,0.159638,2.382393,2.770955,2.642027,4.222915,1.45196,26.213516,27.492699,41.89867,0.441786,7.5,PSF-01163_20250114112501_ec4,0,0,0,142.070892,504.033203,0.718132,0.5,0.8,110.937393,1,59.44,56.67,31.58,29.85,29.85,100.79,80,76.8,4.1,386,3.809,11:21:49,14/01/2025,-1.45,1,0,0.001,0.002,0.402,0.432,0.945,1,75,0.001,2,0.058905,0,0.02923,0,0,-0.000068,standard,0,rectangular,7000,500,1,2,55537,55537,55537,0,-9999,0,0,0,0,2.450204,2.495369,1.075292,0.755908,0.210202,-0.017868,0.807417,0.443252,142.070892,0.001125,2.363673,0.000005,1,2.399535,0.000012,1,0.601056,0.600294,0.107352,0,PSF-01163_20250114112501_ec4,PFA-00994,PSA-00994,PSF-01163,RHS-01998,3.0.0,2025-01-13T08:33:48.201Z
227,11:25:41,14/01/2025,K_lowfl_medbth,Karina Guo,,,297,High,0.15214,1.905953,0.140894,2.159039,2.76323,2.646349,4.253868,1.490638,26.257631,27.417345,42.207771,0.441786,7.5,PSF-01163_20250114112541_360,0,0,0,143.095139,527.631653,0.728797,0.5,0.8,101.99575,1,59.07,56.57,31.64,29.97,29.97,100.78,80,79.5,0.6,350,3.808,11:21:49,14/01/2025,-1.45,1,0.001,-0.001,0,0.199,0.203,0.488,1,75,0.001,2,0.058905,0,0.02923,0,0,-0.000068,standard,0,rectangular,7000,500,1,2,55537,55537,55537,0,-9999,0,0,0,0,2.450059,2.494857,1.075118,0.76188,0.209704,-0.017079,0.809178,0.411659,143.095139,0.001148,2.363673,0.000005,1,2.399535,0.000012,1,0.601056,0.600294,0.107352,0,PSF-01163_20250114112541_360,PFA-00994,PSA-00994,PSF-01163,RHS-01998,3.0.0,2025-01-13T08:33:48.201Z
228,11:26:15,14/01/2025,K_lowfl_medbth,Karina Guo,,,297,High,0.183058,1.906527,0.167021,2.460031,2.787863,2.65477,4.22072,1.432857,26.340532,27.661077,41.877834,0.441786,7.5,PSF-01163_20250114112615_d94,0,0,0,148.285034,522.730713,0.716326,0.5,0.8,90.364311,1,59.42,56.58,31.69,29.84,29.84,100.79,80,76.7,4.1,315,3.808,11:21:49,14/01/2025,-1.45,1,-0.001,0,-0.005,-0.122,-0.229,-0.659,1,75,0.001,2,0.058905,0,0.02923,0,0,-0.000068,standard,0,rectangular,7000,500,1,2,55537,55537,55537,0,-9999,0,0,0,0,2.450058,2.495317,1.075332,0.755864,0.209263,-0.019326,0.810683,0.38165,148.285034,0.001123,2.363673,0.000005,1,2.399535,0.000012,1,0.601056,0.600294,0.107352,0,PSF-01163_20250114112615_d94,PFA-00994,PSA-00994,PSF-01163,RHS-01998,3.0.0,2025-01-13T08:33:48.201Z
230,11:27:33,14/01/2025,K_lowfl_medbth,Karina Guo,,,669,Mid,0.313358,1.909723,0.269188,3.598737,2.855536,2.661395,4.15605,1.300514,26.406588,28.332876,41.236691,0.441786,7.5,PSF-01163_20250114112733_f43,0,0,0,175.588852,549.541687,0.680481,0.5,0.8,97.134872,1,60.42,56.31,31.82,29.57,29.57,100.79,80.2,79.3,1.1,357,3.806,11:21:49,14/01/2025,-1.45,1,-0.002,0,0.004,0.153,0.06,1.195,1,75,0.001,2,0.058905,0,0.02923,0,0,-0.000068,standard,0,rectangular,7000,500,1,2,55537,55537,55537,0,-9999,0,0,0,0,2.44968,2.496658,1.076523,0.76152,0.208214,-0.024013,0.814002,0.417733,175.588852,0.00112,2.363673,0.000005,1,2.399535,0.000012,1,0.601056,0.600294,0.107352,0,PSF-01163_20250114112733_f43,PFA-00994,PSA-00994,PSF-01163,RHS-01998,3.0.0,2025-01-13T08:33:48.201Z
231,11:28:23,14/01/2025,K_lowfl_medbth,Karina Guo,,,669,Mid,0.279345,1.90302,0.243589,3.34578,2.835707,2.654355,4.171885,1.336178,26.337065,28.13648,41.394318,0.441786,7.5,PSF-01163_20250114112823_0a3,0,0,0,160.591721,546.441772,0.706114,0.5,0.8,65.279823,1,59.71,55.89,31.9,29.63,29.63,100.78,79.8,79.7,0.2,231,3.804,11:21:49,14/01/2025,-1.45,1,0.001,0,-0.003,-0.227,-0.223,-0.389,1,75,0.001,2,0.058905,0,0.02923,0,0,-0.000068,standard,0,rectangular,7000,500,1,2,55537,55537,55537,0,-9999,0,0,0,0,2.449111,2.495677,1.074027,0.762275,0.207516,-0.02425,0.816076,0.308372,160.591721,0.001123,2.363673,0.000005,1,2.399535,0.000012,1,0.601056,0.600294,0.107352,0,PSF-01163_20250114112823_0a3,PFA-00994,PSA-00994,PSF-01163,RHS-01998,3.0.0,2025-01-13T08:33:48.201Z
232,11:29:11,14/01/2025,K_lowfl_medbth,Karina Guo,,,669,Mid,0.248261,1.904566,0.219632,2.913072,2.82331,2.665553,4.114088,1.290777,26.447323,28.012575,40.819527,0.441786,7.5,PSF-01163_20250114112911_e00,0,0,0,157.225372,591.041565,0.733986,0.5,0.8,55.913654,1,59.2,55.9,31.98,29.39,29.39,100.79,79.9,79.3,0.7,190,3.803,11:21:49,14/01/2025,-1.45,1,0.002,0,0.003,0.476,0.611,0.959,1,75,0.001,2,0.058905,0,0.02923,0,0,-0.000068,standard,0,rectangular,7000,500,1,2,55537,55537,55537,0,-9999,0,0,0,0,2.449105,2.494977,1.074602,0.7615,0.206927,-0.027962,0.818132,0.272992,157.225372,0.001164,2.363673,0.000005,1,2.399535,0.000012,1,0.601056,0.600294,0.107352,0,PSF-01163_20250114112911_e00,PFA-00994,PSA-00994,PSF-01163,RHS-01998,3.0.0,2025-01-13T08:33:48.201Z
233,11:30:04,14/01/2025,K_lowfl_medbth,Karina Guo,,,365,Low,0.262821,1.904276,0.230946,3.259413,2.830495,2.653954,4.203342,1.372847,26.331451,28.083019,41.703854,0.441786,7.5,PSF-01163_20250114113004_adb,0,0,0,153.118011,513.062927,0.701561,0.5,0.8,79.440269,1,59.1,55.42,32.05,29.77,29.77,100.79,79.9,76.9,3.8,283,3.802,11:21:49,14/01/2025,-1.45,1,0.001,0,0,0.26,0.64,2.055,1,75,0.001,2,0.058905,0,0.02923,0,0,-0.000068,standard,0,rectangular,7000,500,1,2,55537,55537,55537,0,-9999,0,0,0,0,2.448462,2.494827,1.074494,0.75615,0.206321,-0.024459,0.820144,0.353565,153.118011,0.001161,2.363673,0.000005,1,2.399535,0.000012,1,0.601056,0.600294,0.107352,0,PSF-01163_20250114113004_adb,PFA-00994,PSA-00994,PSF-01163,RHS-01998,3.0.0,2025-01-13T08:33:48.201Z
234,11:31:08,14/01/2025,K_lowfl_medbth,Karina Guo,,,365,Low,0.215816,1.904663,0.193851,2.907037,2.770446,2.612947,4.229337,1.458891,25.926336,27.489086,41.964581,0.441786,7.5,PSF-01163_20250114113108_e47,0,0,0,161.794785,542.778992,0.701914,0.5,0.8,70.62484,1,57.6,54.32,32.13,29.87,29.87,100.78,79.9,79.3,0.8,252,3.802,11:21:49,14/01/2025,-1.45,1,0.001,0.001,0.004,-0.048,0.137,1.174,1,75,0.001,2,0.058905,0,0.02923,0,0,-0.000068,standard,0,rectangular,7000,500,1,2,55537,55537,55537,0,-9999,0,0,0,0,2.447013,2.492764,1.074637,0.761448,0.205701,-0.024105,0.8224,0.326133,161.794785,0.001141,2.363673,0.000005,1,2.399535,0.000012,1,0.601056,0.600294,0.107352,0,PSF-01163_20250114113108_e47,PFA-00994,PSA-00994,PSF-01163,RHS-01998,3.0.0,2025-01-13T08:33:48.201Z
235,11:32:43,14/01/2025,K_lowfl_medbth,Karina Guo,,,365,Low,0.33696,1.903546,0.286283,4.458795,2.843878,2.602333,4.357301,1.513423,25.823965,28.220915,43.239197,0.441786,7.5,PSF-01163_20250114113243_d01,0,0,0,153.390533,479.278198,0.679955,0.5,0.8,53.74752,1,58.87,53.87,32.21,30.39,30.39,100.77,79.9,79.1,0.9,198,3.8,11:32:00,14/01/2025,1.5,0,0.001,0,0,-0.467,-0.992,-2.209,1,75,0.001,2,0.058905,0,0.02923,0,0,-0.000068,standard,0,rectangular,7000,500,1,2,55537,55537,55537,0,-9999,0,0,0,0,2.446401,2.490461,1.074222,0.761069,0.205083,-0.018854,0.826431,0.279228,153.390533,0.001146,2.363673,0.000005,1,2.399535,0.000012,1,0.601056,0.600294,0.107352,0,PSF-01163_20250114113243_d01,PFA-00994,PSA-00994,PSF-01163,RHS-01998,3.0.0,2025-01-13T08:33:48.201Z
236,11:33:46,14/01/2025,K_lowfl_medbth,Karina Guo,,,512,Low,0.591222,1.901688,0.451007,5.841694,2.921981,2.605389,4.181172,1.259192,25.855509,28.997326,41.493366,0.441786,7.5,PSF-01163_20250114113346_8f7,0,0,0,141.343475,518.153442,0.727217,0.5,0.8,54.429779,1,60.37,53.83,32.24,29.67,29.67,100.77,79.8,69.7,12.6,187,3.798,11:32:00,14/01/2025,1.5,0,0,-0.001,0.006,0.357,0.858,1.892,1,75,0.001,2,0.058905,0,0.02923,0,0,-0.000068,standard,0,rectangular,7000,500,1,2,55537,55537,55537,0,-9999,0,0,0,0,2.44634,2.492499,1.073532,0.740624,0.204808,-0.027779,0.829029,0.270097,141.343475,0.001126,2.363673,0.000005,1,2.399535,0.000012,1,0.601056,0.600294,0.107352,0,PSF-01163_20250114113346_8f7,PFA-00994,PSA-00994,PSF-01163,RHS-01998,3.0.0,2025-01-13T08:33:48.201Z
237,11:34:58,14/01/2025,K_lowfl_medbth,Karina Guo,,,512,Low,0.55283,1.904152,0.428441,5.609499,2.900726,2.597203,4.173562,1.272835,25.777792,28.790327,41.423489,0.441786,7.5,PSF-01163_20250114113458_039,0,0,0,141.766541,499.724518,0.716311,0.5,0.8,49.024979,1,59.83,53.57,32.27,29.64,29.64,100.75,79.9,78.9,1.3,171,3.797,11:32:00,14/01/2025,1.5,0,0,-0.001,0.007,0.186,0.317,0.667,1,75,0.001,2,0.058905,0,0.02923,0,0,-0.000068,standard,0,rectangular,7000,500,1,2,55537,55537,55537,0,-9999,0,0,0,0,2.445994,2.491759,1.074448,0.760524,0.20457,-0.028506,0.831692,0.256169,141.766541,0.001157,2.363673,0.000005,1,2.399535,0.000012,1,0.601056,0.600294,0.107352,0,PSF-01163_20250114113458_039,PFA-00994,PSA-00994,PSF-01163,RHS-01998,3.0.0,2025-01-13T08:33:48.201Z
238,11:35:51,14/01/2025,K_lowfl_medbth,Karina Guo,,,512,Low,0.650485,1.908015,0.485103,6.019794,2.948884,2.624189,4.155026,1.206142,26.046928,29.269753,41.241566,0.441786,7.5,PSF-01163_20250114113551_faa,0,0,0,153.002136,567.96991,0.730616,0.5,0.8,51.355915,1,60.76,54.07,32.29,29.56,29.56,100.75,80.1,75.6,5.6,176,3.797,11:32:00,14/01/2025,1.5,0,0,0,0.011,0.199,0.328,0.503,1,75,0.001,2,0.058905,0,0.02923,0,0,-0.000068,standard,0,rectangular,7000,500,1,2,55537,55537,55537,0,-9999,0,0,0,0,2.446642,2.493016,1.075886,0.75345,0.204412,-0.029653,0.833929,0.260192,153.002136,0.001136,2.363673,0.000005,1,2.399535,0.000012,1,0.601056,0.600294,0.107352,0,PSF-01163_20250114113551_faa,PFA-00994,PSA-00994,PSF-01163,RHS-01998,3.0.0,2025-01-13T08:33:48.201Z
239,11:36:41,14/01/2025,K_lowfl_medbth,Karina Guo,,,739,Low,0.512799,1.9022,0.403912,5.453535,2.930201,2.634854,4.241961,1.31176,26.15486,29.086626,42.107803,0.441786,7.5,PSF-01163_20250114113641_672,0,0,0,253.180145,541.48938,0.532437,0.5,0.8,60.602089,1,60.28,54.2,32.32,29.92,29.92,100.74,79.8,79.3,0.6,285,3.796,11:32:00,14/01/2025,1.5,0,0.001,0,-0.003,-0.199,0.184,3.976,1,75,0.001,2,0.058905,0,0.02923,0,0,-0.000068,standard,0,rectangular,7000,500,1,2,55537,55537,55537,0,-9999,0,0,0,0,2.446816,2.492361,1.073722,0.761536,0.204194,-0.025726,0.835944,0.354841,253.180145,0.001122,2.363673,0.000005,1,2.399535,0.000012,1,0.601056,0.600294,0.107352,0,PSF-01163_20250114113641_672,PFA-00994,PSA-00994,PSF-01163,RHS-01998,3.0.0,2025-01-13T08:33:48.201Z
240,11:37:15,14/01/2025,K_lowfl_medbth,Karina Guo,,,739,Low,0.44217,1.906181,0.358914,4.994878,2.947408,2.677685,4.298917,1.351508,26.580757,29.258232,42.674339,0.441786,7.5,PSF-01163_20250114113715_36f,0,0,0,178.890106,570.79303,0.686594,0.5,0.8,52.526325,1,60.56,55.02,32.34,30.16,30.16,100.74,80,79.6,0.5,191,3.795,11:32:00,14/01/2025,1.5,0,0.001,0.001,-0.005,-0.423,-0.171,0.457,1,75,0.001,2,0.058905,0,0.02923,0,0,-0.000068,standard,0,rectangular,7000,500,1,2,55537,55537,55537,0,-9999,0,0,0,0,2.44788,2.492738,1.075202,0.76218,0.20402,-0.023233,0.837437,0.273698,178.890106,0.001135,2.363673,0.000005,1,2.399535,0.000012,1,0.601056,0.600294,0.107352,0,PSF-01163_20250114113715_36f,PFA-00994,PSA-00994,PSF-01163,RHS-01998,3.0.0,2025-01-13T08:33:48.201Z
241,11:37:44,14/01/2025,K_lowfl_medbth,Karina Guo,,,739,Low,0.416264,1.905112,0.341621,4.808836,2.942745,2.682874,4.309704,1.366959,26.632923,29.212666,42.782478,0.441786,7.5,PSF-01163_20250114113744_360,0,0,0,175.903915,531.814453,0.669238,0.5,0.8,63.562275,1,60.39,55.06,32.36,30.2,30.2,100.74,79.9,79.2,1,237,3.794,11:32:00,14/01/2025,1.5,0,0.002,0.001,0.001,0.325,0.632,0.845,1,75,0.001,2,0.058905,0,0.02923,0,0,-0.000068,standard,0,rectangular,7000,500,1,2,55537,55537,55537,0,-9999,0,0,0,0,2.447931,2.492507,1.074804,0.761157,0.203853,-0.022963,0.838692,0.313869,175.903915,0.00112,2.363673,0.000005,1,2.399535,0.000012,1,0.601056,0.600294,0.107352,0,PSF-01163_20250114113744_360,PFA-00994,PSA-00994,PSF-01163,RHS-01998,3.0.0,2025-01-13T08:33:48.201Z
242,11:40:21,14/01/2025,K_lowfl_medbth,Karina Guo,,,592,Mid,0.35821,1.902981,0.301464,4.853879,2.914746,2.652027,4.476936,1.56219,26.330692,28.939102,44.449329,0.441786,7.5,PSF-01163_20250114114021_79f,0,0,0,166.39209,448.214294,0.628767,0.5,0.8,36.08667,1,59.49,54.13,32.45,30.87,30.87,100.72,79.8,79.5,0.4,143,3.791,11:32:00,14/01/2025,1.5,0,0.003,0.001,0.003,0.327,0.472,0.979,1,75,0.001,2,0.058905,0,0.02923,0,0,-0.000068,standard,0,rectangular,7000,500,1,2,55537,55537,55537,0,-9999,0,0,0,0,2.446696,2.491267,1.074012,0.76194,0.20309,-0.016175,0.844872,0.232146,166.39209,0.001149,2.363673,0.000005,1,2.399535,0.000012,1,0.601056,0.600294,0.107352,0,PSF-01163_20250114114021_79f,PFA-00994,PSA-00994,PSF-01163,RHS-01998,3.0.0,2025-01-13T08:33:48.201Z
243,11:40:59,14/01/2025,K_lowfl_medbth,Karina Guo,,,592,Mid,0.377977,1.904309,0.315379,4.594789,2.951168,2.702781,4.365319,1.414151,26.833733,29.29977,43.339737,0.441786,7.5,PSF-01163_20250114114059_c02,0,0,0,167.756439,563.011047,0.702037,0.5,0.8,36.657906,1,60.21,55.15,32.46,30.42,30.42,100.72,79.9,79.2,0.9,131,3.79,11:32:00,14/01/2025,1.5,0,0.001,0.001,0,0.067,0.175,0.122,1,75,0.001,2,0.058905,0,0.02923,0,0,-0.000068,standard,0,rectangular,7000,500,1,2,55537,55537,55537,0,-9999,0,0,0,0,2.448028,2.492249,1.074506,0.761236,0.203038,-0.021524,0.846293,0.220891,167.756439,0.001139,2.363673,0.000005,1,2.399535,0.000012,1,0.601056,0.600294,0.107352,0,PSF-01163_20250114114059_c02,PFA-00994,PSA-00994,PSF-01163,RHS-01998,3.0.0,2025-01-13T08:33:48.201Z
244,11:41:29,14/01/2025,K_lowfl_medbth,Karina Guo,,,592,Mid,0.468243,1.902379,0.375756,5.119135,2.962662,2.685626,4.285374,1.322711,26.665865,29.416592,42.549931,0.441786,7.5,PSF-01163_20250114114129_748,0,0,0,189.182281,545.375366,0.653115,0.5,0.8,37.08773,1,60.44,54.79,32.46,30.1,30.1,100.71,79.8,79.6,0.3,142,3.79,11:32:00,14/01/2025,1.5,0,0.002,-0.001,0.002,0.435,0.813,0.723,1,75,0.001,2,0.058905,0,0.02923,0,0,-0.000068,standard,0,rectangular,7000,500,1,2,55537,55537,55537,0,-9999,0,0,0,0,2.447555,2.492553,1.073788,0.761999,0.203012,-0.025393,0.84734,0.230826,189.182281,0.001135,2.363673,0.000005,1,2.399535,0.000012,1,0.601056,0.600294,0.107352,0,PSF-01163_20250114114129_748,PFA-00994,PSA-00994,PSF-01163,RHS-01998,3.0.0,2025-01-13T08:33:48.201Z
245,11:42:14,14/01/2025,K_lowfl_medbth,Karina Guo,,,437,Low,0.589337,1.900626,0.44985,5.710695,2.946118,2.63667,4.17933,1.233212,26.181662,29.254429,41.5,0.441786,7.5,PSF-01163_20250114114214_0e5,0,0,0,143.261795,565.961121,0.74687,0.5,0.8,49.521896,1,60.12,53.8,32.46,29.67,29.67,100.71,79.7,79,0.9,166,3.79,11:32:00,14/01/2025,1.5,0,-0.002,-0.001,0.004,-0.082,-0.13,-0.188,1,75,0.001,2,0.058905,0,0.02923,0,0,-0.000068,standard,0,rectangular,7000,500,1,2,55537,55537,55537,0,-9999,0,0,0,0,2.446262,2.492115,1.073138,0.76084,0.203049,-0.030495,0.848838,0.251526,143.261795,0.001162,2.363673,0.000005,1,2.399535,0.000012,1,0.601056,0.600294,0.107352,0,PSF-01163_20250114114214_0e5,PFA-00994,PSA-00994,PSF-01163,RHS-01998,3.0.0,2025-01-13T08:33:48.201Z
246,11:43:30,14/01/2025,K_lowfl_medbth,Karina Guo,,,437,Low,0.446531,1.90468,0.361728,4.530488,2.926483,2.681632,4.143424,1.216941,26.630106,29.061615,41.146523,0.441786,7.5,PSF-01163_20250114114330_73d,0,0,0,137.056595,548.40802,0.750083,0.5,0.8,42.239059,1,59.81,54.8,32.43,29.52,29.52,100.7,79.9,79.6,0.3,141,3.789,11:43:05,14/01/2025,-0.05,0,0,0,0.001,-0.071,-0.124,-0.155,1,75,0.001,2,0.058905,0,0.02923,0,0,-0.000068,standard,0,rectangular,7000,500,1,2,55537,55537,55537,0,-9999,0,0,0,0,2.44758,2.493811,1.074644,0.762201,0.203261,-0.031942,0.851505,0.229797,137.056595,0.001148,2.363673,0.000005,1,2.399535,0.000012,1,0.601056,0.600294,0.107352,0,PSF-01163_20250114114330_73d,PFA-00994,PSA-00994,PSF-01163,RHS-01998,3.0.0,2025-01-13T08:33:48.201Z
247,11:44:04,14/01/2025,K_lowfl_medbth,Karina Guo,,,69,Mid,0.179781,1.904673,0.164275,2.483897,2.804583,2.670175,4.27365,1.469067,26.516857,27.851629,42.440578,0.441786,7.5,PSF-01163_20250114114404_373,0,0,0,139.882919,578.544617,0.758216,0.5,0.8,44.115959,1,57.37,54.62,32.41,30.05,30.05,100.7,79.9,78.9,1.2,145,3.788,11:43:05,14/01/2025,-0.05,0,0.001,0,-0.003,-0.098,-0.183,-0.566,1,75,0.001,2,0.058905,0,0.02923,0,0,-0.000068,standard,0,rectangular,7000,500,1,2,55537,55537,55537,0,-9999,0,0,0,0,2.447351,2.490501,1.074641,0.760632,0.203408,-0.025365,0.852685,0.233866,139.882919,0.00115,2.363673,0.000005,1,2.399535,0.000012,1,0.601056,0.600294,0.107352,0,PSF-01163_20250114114404_373,PFA-00994,PSA-00994,PSF-01163,RHS-01998,3.0.0,2025-01-13T08:33:48.201Z
248,11:44:36,14/01/2025,K_lowfl_medbth,Karina Guo,,,69,Mid,0.16096,1.904358,0.148416,2.222063,2.771094,2.650792,4.226288,1.455194,26.325287,27.520021,41.971706,0.441786,7.5,PSF-01163_20250114114436_66b,0,0,0,146.030899,580.03949,0.74824,0.5,0.8,41.732841,1,56.75,54.29,32.4,29.86,29.86,100.69,79.9,79.4,0.6,139,3.787,11:43:05,14/01/2025,-0.05,0,0,0,-0.003,-0.167,-0.345,-0.88,1,75,0.001,2,0.058905,0,0.02923,0,0,-0.000068,standard,0,rectangular,7000,500,1,2,55537,55537,55537,0,-9999,0,0,0,0,2.446911,2.489654,1.074524,0.761647,0.203561,-0.027433,0.853662,0.228628,146.030899,0.001126,2.363673,0.000005,1,2.399535,0.000012,1,0.601056,0.600294,0.107352,0,PSF-01163_20250114114436_66b,PFA-00994,PSA-00994,PSF-01163,RHS-01998,3.0.0,2025-01-13T08:33:48.201Z
249,11:45:02,14/01/2025,K_lowfl_medbth,Karina Guo,,,69,Mid,0.180569,1.90651,0.164946,2.415213,2.776569,2.646007,4.199897,1.423328,26.277704,27.574322,41.709503,0.441786,7.5,PSF-01163_20250114114502_3b9,0,0,0,146.041992,580.523743,0.748431,0.5,0.8,40.086857,1,56.91,54.24,32.38,29.75,29.75,100.69,80,79.3,1,134,3.784,11:43:05,14/01/2025,-0.05,0,-0.001,-0.001,0.002,-0.119,-0.344,-0.528,1,75,0.001,2,0.058905,0,0.02923,0,0,-0.000068,standard,0,rectangular,7000,500,1,2,55537,55537,55537,0,-9999,0,0,0,0,2.44685,2.48988,1.075325,0.761347,0.203688,-0.02853,0.854568,0.223815,146.041992,0.001128,2.363673,0.000005,1,2.399535,0.000012,1,0.601056,0.600294,0.107352,0,PSF-01163_20250114114502_3b9,PFA-00994,PSA-00994,PSF-01163,RHS-01998,3.0.0,2025-01-13T08:33:48.201Z
250,12:00:55,14/01/2025,K_lowfl_medbth,Karina Guo,,,648,High,0.153209,1.903645,0.141797,2.447656,2.791574,2.658992,4.467448,1.675874,26.400887,27.717285,44.356884,0.441786,7.5,PSF-01163_20250114120055_f7f,0,0,0,125.08857,521.337769,0.760062,0.5,0.8,46.728218,1,57.24,54.52,32.37,30.83,30.83,100.72,79.9,70.6,11.7,154,3.768,11:43:05,14/01/2025,-0.05,0,0,0,-0.003,0.246,0.47,0.237,1,75,0.001,2,0.058905,0,0.02923,0,0,-0.000068,standard,0,rectangular,7000,500,1,2,55537,55537,55537,0,-9999,0,0,0,0,2.447219,2.490321,1.074259,0.742437,0.203726,-0.015668,0.892591,0.241032,125.08857,0.00113,2.363673,0.000005,1,2.399535,0.000012,1,0.601056,0.600294,0.107352,0,PSF-01163_20250114120055_f7f,PFA-00994,PSA-00994,PSF-01163,RHS-01998,3.0.0,2025-01-13T08:33:48.201Z
251,12:02:13,14/01/2025,K_lowfl_medbth,Karina Guo,,,648,High,0.224816,1.904263,0.201077,2.974554,2.812707,2.651701,4.250237,1.43753,26.330854,27.929609,42.203991,0.441786,7.5,PSF-01163_20250114120213_b95,0,0,0,128.718857,544.001709,0.763385,0.5,0.8,42.255024,1,57.57,54.28,32.4,29.96,29.96,100.71,79.9,78.6,1.6,138,3.768,12:01:26,14/01/2025,-1.3,1,-0.001,0.001,-0.003,0.12,0.164,0.453,1,75,0.001,2,0.058905,0,0.02923,0,0,-0.000068,standard,0,rectangular,7000,500,1,2,55537,55537,55537,0,-9999,0,0,0,0,2.446899,2.49248,1.074489,0.759948,0.203491,-0.026374,0.895131,0.227709,128.718857,0.001125,2.363673,0.000005,1,2.399535,0.000012,1,0.601056,0.600294,0.107352,0,PSF-01163_20250114120213_b95,PFA-00994,PSA-00994,PSF-01163,RHS-01998,3.0.0,2025-01-13T08:33:48.201Z
252,12:03:42,14/01/2025,K_lowfl_medbth,Karina Guo,,,648,High,0.283965,1.904777,0.247124,3.448935,2.877807,2.691318,4.233654,1.355846,26.724766,28.576609,42.04015,0.441786,7.5,PSF-01163_20250114120342_990,0,0,0,127.650261,562.829712,0.773199,0.5,0.8,35.450077,1,58.97,55.15,32.38,29.89,29.89,100.71,79.9,79.4,0.7,115,3.766,12:01:26,14/01/2025,-1.3,1,0.001,0,0.011,0.179,0.033,-0.57,1,75,0.001,2,0.058905,0,0.02923,0,0,-0.000068,standard,0,rectangular,7000,500,1,2,55537,55537,55537,0,-9999,0,0,0,0,2.448046,2.494385,1.07468,0.761561,0.203645,-0.026949,0.89806,0.207044,127.650261,0.001141,2.363673,0.000005,1,2.399535,0.000012,1,0.601056,0.600294,0.107352,0,PSF-01163_20250114120342_990,PFA-00994,PSA-00994,PSF-01163,RHS-01998,3.0.0,2025-01-13T08:33:48.201Z
253,12:04:10,14/01/2025,K_lowfl_medbth,Karina Guo,,,655,High,0.007488,1.902759,0.007459,0.150711,2.682068,2.673892,4.642724,1.960656,26.552782,26.633976,46.10405,0.441786,7.5,PSF-01163_20250114120410_3ed,0,0,0,112.676384,181.913132,0.380603,0.5,0.8,20.930691,1,54.98,54.81,32.38,31.5,31.5,100.7,79.8,79.5,0.4,137,3.766,12:01:26,14/01/2025,-1.3,1,0.001,0.001,-9999,0.393,0.747,-9999,1,75,0.001,2,0.058905,0,0.02923,0,0,-0.000068,standard,0,rectangular,7000,500,1,2,55537,55537,55537,0,-9999,0,0,0,0,2.447606,2.488947,1.07393,0.761894,0.203698,-0.007597,0.898862,0.226929,112.676384,0.001157,2.363673,0.000005,1,2.399535,0.000012,1,0.601056,0.600294,0.107352,0,PSF-01163_20250114120410_3ed,PFA-00994,PSA-00994,PSF-01163,RHS-01998,3.0.0,2025-01-13T08:33:48.201Z
254,12:04:46,14/01/2025,K_lowfl_medbth,Karina Guo,,,655,High,0.011903,1.901391,0.011829,0.245085,2.655953,2.642642,4.666413,2.01046,26.244085,26.376282,46.342167,0.441786,7.5,PSF-01163_20250114120446_254,0,0,0,119.07077,196.752899,0.394821,0.5,0.8,20.951618,1,54.46,54.18,32.37,31.59,31.59,100.69,79.7,72.5,9.1,133,3.765,12:01:26,14/01/2025,-1.3,1,0,-0.001,-0.002,0.496,0.657,1.603,1,75,0.001,2,0.058905,0,0.02923,0,0,-0.000068,standard,0,rectangular,7000,500,1,2,55537,55537,55537,0,-9999,0,0,0,0,2.446779,2.488231,1.073421,0.746656,0.203725,-0.006476,0.8999,0.222738,119.07077,0.001132,2.363673,0.000005,1,2.399535,0.000012,1,0.601056,0.600294,0.107352,0,PSF-01163_20250114120446_254,PFA-00994,PSA-00994,PSF-01163,RHS-01998,3.0.0,2025-01-13T08:33:48.201Z
255,12:05:20,14/01/2025,K_lowfl_medbth,Karina Guo,,,655,High,0.015323,1.898951,0.0152,0.322347,2.721497,2.703971,4.777442,2.055946,26.85228,27.026321,47.443272,0.441786,7.5,PSF-01163_20250114120520_a15,0,0,0,134.231689,225.796585,0.405519,0.5,0.8,22.54669,1,55.8,55.44,32.38,32.01,32.01,100.7,79.6,79,0.8,139,3.764,12:01:26,14/01/2025,-1.3,1,-0.001,0.001,-9999,0.202,0.496,-9999,1,75,0.001,2,0.058905,0,0.02923,0,0,-0.000068,standard,0,rectangular,7000,500,1,2,55537,55537,55537,0,-9999,0,0,0,0,2.448425,2.490061,1.072516,0.760806,0.203716,-0.001471,0.901106,0.228247,134.231689,0.001143,2.363673,0.000005,1,2.399535,0.000012,1,0.601056,0.600294,0.107352,0,PSF-01163_20250114120520_a15,PFA-00994,PSA-00994,PSF-01163,RHS-01998,3.0.0,2025-01-13T08:33:48.201Z
256,12:10:07,14/01/2025,K_lowfl_medbth,Karina Guo,,,502,High,0.054946,1.901705,0.053403,0.975976,2.759011,2.706069,4.532643,1.773632,26.87392,27.399683,45.013588,0.441786,7.5,PSF-01163_20250114121007_fd4,0,0,0,84.628342,292.942291,0.711109,0.5,0.8,40.018856,1,56.53,55.45,32.39,31.08,31.08,100.69,79.8,77.8,2.5,141,3.756,12:01:26,14/01/2025,-1.3,1,0.001,0.001,0.004,-0.001,-0.144,-0.71,1,75,0.001,2,0.058905,0,0.02923,0,0,-0.000068,standard,0,rectangular,7000,500,1,2,55537,55537,55537,0,-9999,0,0,0,0,2.448436,2.491062,1.073538,0.758121,0.203632,-0.012766,0.911421,0.229719,84.628342,0.001143,2.363673,0.000005,1,2.399535,0.000012,1,0.601056,0.600294,0.107352,0,PSF-01163_20250114121007_fd4,PFA-00994,PSA-00994,PSF-01163,RHS-01998,3.0.0,2025-01-13T08:33:48.201Z
257,12:11:07,14/01/2025,K_lowfl_medbth,Karina Guo,,,502,High,0.110603,1.904762,0.104533,1.741185,2.80598,2.711776,4.422942,1.616962,26.932068,27.867659,43.926548,0.441786,7.5,PSF-01163_20250114121107_e97,0,0,0,137.733582,513.100525,0.731566,0.5,0.8,40.522644,1,57.5,55.57,32.38,30.65,30.65,100.69,79.9,79.5,0.6,138,3.757,12:01:26,14/01/2025,-1.3,1,0.001,0.001,0.002,0.203,0.256,1.284,1,75,0.001,2,0.058905,0,0.02923,0,0,-0.000068,standard,0,rectangular,7000,500,1,2,55537,55537,55537,0,-9999,0,0,0,0,2.448602,2.492387,1.074674,0.761845,0.203655,-0.017867,0.913109,0.227795,137.733582,0.00117,2.363673,0.000005,1,2.399535,0.000012,1,0.601056,0.600294,0.107352,0,PSF-01163_20250114121107_e97,PFA-00994,PSA-00994,PSF-01163,RHS-01998,3.0.0,2025-01-13T08:33:48.201Z
258,12:12:05,14/01/2025,K_lowfl_medbth,Karina Guo,,,502,High,0.07112,1.904244,0.06856,1.21909,2.740299,2.674279,4.466528,1.726228,26.56111,27.216831,44.361843,0.441786,7.5,PSF-01163_20250114121205_525,0,0,0,160.90358,473.918793,0.660483,0.5,0.8,36.707325,1,56.13,54.77,32.39,30.82,30.82,100.68,79.9,77.7,2.7,139,3.755,12:11:53,14/01/2025,-1.39,1,0,-0.001,0.003,0.17,-0.015,-1.345,1,75,0.001,2,0.058905,0,0.02923,0,0,-0.000068,standard,0,rectangular,7000,500,1,2,55537,55537,55537,0,-9999,0,0,0,0,2.447551,2.490636,1.074482,0.757988,0.203575,-0.015936,0.914667,0.228197,160.90358,0.001147,2.363673,0.000005,1,2.399535,0.000012,1,0.601056,0.600294,0.107352,0,PSF-01163_20250114121205_525,PFA-00994,PSA-00994,PSF-01163,RHS-01998,3.0.0,2025-01-13T08:33:48.201Z
259,12:13:57,14/01/2025,K_lowfl_medbth,Karina Guo,,,368,Mid,0.117625,1.903453,0.110779,1.889682,2.787909,2.68557,4.443645,1.655736,26.674252,27.690722,44.136211,0.441786,7.5,PSF-01163_20250114121357_33f,0,0,0,162.235382,543.000671,0.701224,0.5,0.8,41.544094,1,57.14,55.04,32.38,30.73,30.73,100.68,79.9,79.3,0.8,148,3.754,12:11:53,14/01/2025,-1.39,1,0,0,0.003,-0.025,0.365,0.922,1,75,0.001,2,0.058905,0,0.02923,0,0,-0.000068,standard,0,rectangular,7000,500,1,2,55537,55537,55537,0,-9999,0,0,0,0,2.447902,2.492016,1.074188,0.761344,0.203664,-0.016878,0.917955,0.236174,162.235382,0.001144,2.363673,0.000005,1,2.399535,0.000012,1,0.601056,0.600294,0.107352,0,PSF-01163_20250114121357_33f,PFA-00994,PSA-00994,PSF-01163,RHS-01998,3.0.0,2025-01-13T08:33:48.201Z
260,12:15:17,14/01/2025,K_lowfl_medbth,Karina Guo,,,368,Mid,0.171587,1.906,0.157416,2.472261,2.78928,2.65563,4.314641,1.525361,26.377983,27.705507,42.856697,0.441786,7.5,PSF-01163_20250114121517_021,0,0,0,169.238449,560.439331,0.698025,0.5,0.8,47.61945,1,57.26,54.52,32.35,30.22,30.22,100.68,80,70.7,11.6,171,3.752,12:11:53,14/01/2025,-1.39,1,0,0.001,-0.001,0.415,0.753,1.959,1,75,0.001,2,0.058905,0,0.02923,0,0,-0.000068,standard,0,rectangular,7000,500,1,2,55537,55537,55537,0,-9999,0,0,0,0,2.447227,2.492195,1.075135,0.742777,0.20391,-0.022641,0.920468,0.255689,169.238449,0.001134,2.363673,0.000005,1,2.399535,0.000012,1,0.601056,0.600294,0.107352,0,PSF-01163_20250114121517_021,PFA-00994,PSA-00994,PSF-01163,RHS-01998,3.0.0,2025-01-13T08:33:48.201Z
261,12:15:55,14/01/2025,K_lowfl_medbth,Karina Guo,,,368,Mid,0.112068,1.902384,0.105833,1.806197,2.743052,2.645122,4.400294,1.657243,26.273348,27.246059,43.707047,0.441786,7.5,PSF-01163_20250114121555_624,0,0,0,174.910782,552.644836,0.683502,0.5,0.8,43.298759,1,56.37,54.36,32.33,30.56,30.56,100.68,79.8,73,8.6,158,3.752,12:11:53,14/01/2025,-1.39,1,-0.001,-0.001,0,0.395,0.643,2.543,1,75,0.001,2,0.058905,0,0.02923,0,0,-0.000068,standard,0,rectangular,7000,500,1,2,55537,55537,55537,0,-9999,0,0,0,0,2.447018,2.490981,1.073791,0.747629,0.204051,-0.018347,0.921807,0.245096,174.910782,0.001152,2.363673,0.000005,1,2.399535,0.000012,1,0.601056,0.600294,0.107352,0,PSF-01163_20250114121555_624,PFA-00994,PSA-00994,PSF-01163,RHS-01998,3.0.0,2025-01-13T08:33:48.201Z
262,12:17:01,14/01/2025,K_lowfl_medbth,Karina Guo,,,595,Mid,0.041856,1.907169,0.040957,0.718784,2.72908,2.690229,4.433088,1.704008,26.721119,27.107014,44.032337,0.441786,7.5,PSF-01163_20250114121701_357,0,0,0,156.327728,570.587036,0.726023,0.5,0.8,42.116276,1,56.08,55.28,32.34,30.69,30.69,100.68,80.1,78.6,1.9,145,3.751,12:11:53,14/01/2025,-1.39,1,0.001,-0.001,-9999,0.009,-0.195,-9999,1,75,0.001,2,0.058905,0,0.02923,0,0,-0.000068,standard,0,rectangular,7000,500,1,2,55537,55537,55537,0,-9999,0,0,0,0,2.44823,2.490584,1.07557,0.759835,0.204042,-0.016811,0.924488,0.233487,156.327728,0.00114,2.363673,0.000005,1,2.399535,0.000012,1,0.601056,0.600294,0.107352,0,PSF-01163_20250114121701_357,PFA-00994,PSA-00994,PSF-01163,RHS-01998,3.0.0,2025-01-13T08:33:48.201Z
263,12:17:34,14/01/2025,K_lowfl_medbth,Karina Guo,,,595,Mid,0.073174,1.903301,0.070465,1.227043,2.754882,2.688404,4.445313,1.690431,26.703726,27.36405,44.15498,0.441786,7.5,PSF-01163_20250114121734_122,0,0,0,127.953529,463.738556,0.724083,0.5,0.8,51.166908,1,56.61,55.25,32.33,30.74,30.74,100.68,79.8,74.5,6.7,177,3.752,12:11:53,14/01/2025,-1.39,1,0,0,-0.001,-0.05,0.141,-2.362,1,75,0.001,2,0.058905,0,0.02923,0,0,-0.000068,standard,0,rectangular,7000,500,1,2,55537,55537,55537,0,-9999,0,0,0,0,2.448183,2.49131,1.074131,0.750981,0.204046,-0.01623,0.925517,0.261004,127.953529,0.001166,2.363673,0.000005,1,2.399535,0.000012,1,0.601056,0.600294,0.107352,0,PSF-01163_20250114121734_122,PFA-00994,PSA-00994,PSF-01163,RHS-01998,3.0.0,2025-01-13T08:33:48.201Z
264,12:18:23,14/01/2025,K_lowfl_medbth,Karina Guo,,,595,Mid,0.084567,1.906611,0.080975,1.334237,2.764796,2.692676,4.364974,1.600178,26.744898,27.461224,43.354923,0.441786,7.5,PSF-01163_20250114121823_01d,0,0,0,178.430206,606.670288,0.705886,0.5,0.8,33.519634,1,56.82,55.34,32.33,30.42,30.42,100.68,80,69.3,13.5,119,3.75,12:11:53,14/01/2025,-1.39,1,0.001,0,0.004,0.467,0.889,1.692,1,75,0.001,2,0.058905,0,0.02923,0,0,-0.000068,standard,0,rectangular,7000,500,1,2,55537,55537,55537,0,-9999,0,0,0,0,2.4483,2.49159,1.075363,0.739652,0.20405,-0.020026,0.927293,0.210605,178.430206,0.001134,2.363673,0.000005,1,2.399535,0.000012,1,0.601056,0.600294,0.107352,0,PSF-01163_20250114121823_01d,PFA-00994,PSA-00994,PSF-01163,RHS-01998,3.0.0,2025-01-13T08:33:48.201Z
265,12:19:11,14/01/2025,K_lowfl_medbth,Karina Guo,,,141,Mid,0.157302,1.908721,0.145325,2.208652,2.809383,2.690224,4.285593,1.47621,26.720678,27.904224,42.566692,0.441786,7.5,PSF-01163_20250114121911_089,0,0,0,146.835205,545.039185,0.730597,0.5,0.8,66.92984,1,57.73,55.28,32.34,30.1,30.1,100.68,80.1,77.4,3.5,229,3.749,12:11:53,14/01/2025,-1.39,1,0.001,0.001,-0.001,0.013,0.114,-0.07,1,75,0.001,2,0.058905,0,0.02923,0,0,-0.000068,standard,0,rectangular,7000,500,1,2,55537,55537,55537,0,-9999,0,0,0,0,2.448229,2.492833,1.076149,0.757223,0.204041,-0.023843,0.929063,0.306547,146.835205,0.001135,2.363673,0.000005,1,2.399535,0.000012,1,0.601056,0.600294,0.107352,0,PSF-01163_20250114121911_089,PFA-00994,PSA-00994,PSF-01163,RHS-01998,3.0.0,2025-01-13T08:33:48.201Z
266,12:20:15,14/01/2025,K_lowfl_medbth,Karina Guo,,,141,Mid,0.209728,1.903455,0.188913,2.713799,2.84445,2.697567,4.239852,1.395402,26.793745,28.252665,42.112576,0.441786,7.5,PSF-01163_20250114122015_738,0,0,0,145.425797,539.827454,0.730607,0.5,0.8,60.48521,1,58.42,55.41,32.34,29.92,29.92,100.68,79.9,70,12.4,207,3.748,12:11:53,14/01/2025,-1.39,1,0,0.001,-0.002,-0.179,-0.067,-0.059,1,75,0.001,2,0.058905,0,0.02923,0,0,-0.000068,standard,0,rectangular,7000,500,1,2,55537,55537,55537,0,-9999,0,0,0,0,2.448391,2.493776,1.074188,0.74116,0.203975,-0.026155,0.93147,0.287364,145.425797,0.00114,2.363673,0.000005,1,2.399535,0.000012,1,0.601056,0.600294,0.107352,0,PSF-01163_20250114122015_738,PFA-00994,PSA-00994,PSF-01163,RHS-01998,3.0.0,2025-01-13T08:33:48.201Z
267,12:21:17,14/01/2025,K_lowfl_medbth,Karina Guo,,,141,Mid,0.238958,1.902729,0.212296,3.135719,2.855275,2.685484,4.289649,1.434375,26.672596,28.358984,42.605392,0.441786,7.5,PSF-01163_20250114122117_86b,0,0,0,151.522995,558.841797,0.728862,0.5,0.8,69.514481,1,58.58,55.1,32.36,30.12,30.12,100.68,79.8,65.8,17.5,238,3.748,12:11:53,14/01/2025,-1.39,1,0.001,0.001,-0.002,0.045,0.139,0.509,1,75,0.001,2,0.058905,0,0.02923,0,0,-0.000068,standard,0,rectangular,7000,500,1,2,55537,55537,55537,0,-9999,0,0,0,0,2.447985,2.49399,1.073919,0.732333,0.203824,-0.023971,0.933613,0.314731,151.522995,0.00114,2.363673,0.000005,1,2.399535,0.000012,1,0.601056,0.600294,0.107352,0,PSF-01163_20250114122117_86b,PFA-00994,PSA-00994,PSF-01163,RHS-01998,3.0.0,2025-01-13T08:33:48.201Z
268,12:22:01,14/01/2025,K_lowfl_medbth,Karina Guo,,,138,Low,0.174909,1.906609,0.160211,2.652148,2.858205,2.714979,4.464322,1.606117,26.96542,28.387949,44.34005,0.441786,7.5,PSF-01163_20250114122201_157,0,0,0,206.562637,618.762024,0.666168,0.5,0.8,70.875259,1,58.58,55.65,32.38,30.82,30.82,100.68,80,65.4,18.2,266,3.746,12:11:53,14/01/2025,-1.39,1,0,-0.001,0.003,-0.149,0.322,1.909,1,75,0.001,2,0.058905,0,0.02923,0,0,-0.000068,standard,0,rectangular,7000,500,1,2,55537,55537,55537,0,-9999,0,0,0,0,2.448697,2.493983,1.075362,0.731499,0.203673,-0.015894,0.935228,0.33869,206.562637,0.001123,2.363673,0.000005,1,2.399535,0.000012,1,0.601056,0.600294,0.107352,0,PSF-01163_20250114122201_157,PFA-00994,PSA-00994,PSF-01163,RHS-01998,3.0.0,2025-01-13T08:33:48.201Z
269,12:22:54,14/01/2025,K_lowfl_medbth,Karina Guo,,,138,Low,0.17273,1.905129,0.158371,2.505754,2.85172,2.716257,4.387453,1.535733,26.978441,28.323889,43.577114,0.441786,7.5,PSF-01163_20250114122254_b00,0,0,0,166.750427,587.361938,0.716103,0.5,0.8,55.927013,1,58.27,55.5,32.43,30.51,30.51,100.68,79.9,66.2,17.2,195,3.745,12:22:19,14/01/2025,-1.37,1,0.001,0,0,0.337,0.779,1.356,1,75,0.001,2,0.058905,0,0.02923,0,0,-0.000068,standard,0,rectangular,7000,500,1,2,55537,55537,55537,0,-9999,0,0,0,0,2.448501,2.493524,1.074811,0.733136,0.203246,-0.02016,0.937216,0.277169,166.750427,0.001158,2.363673,0.000005,1,2.399535,0.000012,1,0.601056,0.600294,0.107352,0,PSF-01163_20250114122254_b00,PFA-00994,PSA-00994,PSF-01163,RHS-01998,3.0.0,2025-01-13T08:33:48.201Z
270,12:23:44,14/01/2025,K_lowfl_medbth,Karina Guo,,,138,Low,0.104583,1.905932,0.099143,1.813057,2.818872,2.720872,4.592414,1.773542,27.022942,27.996248,45.610565,0.441786,7.5,PSF-01163_20250114122344_f0d,0,0,0,179.239151,577.499634,0.689629,0.5,0.8,55.569782,1,57.5,55.5,32.47,31.31,31.31,100.69,80,79.3,0.9,201,3.744,12:22:19,14/01/2025,-1.37,1,0,-0.001,0.003,0.127,0.517,2.781,1,75,0.001,2,0.058905,0,0.02923,0,0,-0.000068,standard,0,rectangular,7000,500,1,2,55537,55537,55537,0,-9999,0,0,0,0,2.448488,2.492464,1.07511,0.761451,0.202993,-0.010961,0.939208,0.282562,179.239151,0.001146,2.363673,0.000005,1,2.399535,0.000012,1,0.601056,0.600294,0.107352,0,PSF-01163_20250114122344_f0d,PFA-00994,PSA-00994,PSF-01163,RHS-01998,3.0.0,2025-01-13T08:33:48.201Z
271,12:24:11,14/01/2025,K_lowfl_medbth,Karina Guo,,,218,Mid,0.113888,1.903769,0.10746,1.76351,2.818122,2.722659,4.411185,1.593063,27.040482,27.988588,43.810322,0.441786,7.5,PSF-01163_20250114122411_aea,0,0,0,179.28064,533.317566,0.663839,0.5,0.8,59.043732,1,57.45,55.5,32.48,30.61,30.61,100.69,79.9,79.5,0.4,222,3.744,12:22:19,14/01/2025,-1.37,1,-0.002,0,-9999,-0.359,-0.481,-9999,1,75,0.001,2,0.058905,0,0.02923,0,0,-0.000068,standard,0,rectangular,7000,500,1,2,55537,55537,55537,0,-9999,0,0,0,0,2.448487,2.492392,1.074305,0.761973,0.202904,-0.019549,0.940086,0.300748,179.28064,0.001157,2.363673,0.000005,1,2.399535,0.000012,1,0.601056,0.600294,0.107352,0,PSF-01163_20250114122411_aea,PFA-00994,PSA-00994,PSF-01163,RHS-01998,3.0.0,2025-01-13T08:33:48.201Z
272,12:25:00,14/01/2025,K_lowfl_medbth,Karina Guo,,,218,Mid,0.156733,1.904428,0.144815,2.538903,2.828235,2.690868,4.52908,1.700845,26.723751,28.087978,44.979546,0.441786,7.5,PSF-01163_20250114122500_cdc,0,0,0,266.930939,508.098724,0.474647,0.5,0.8,77.001907,1,57.57,54.77,32.5,31.07,31.07,100.69,79.9,79.3,0.8,406,3.743,12:22:19,14/01/2025,-1.37,1,-0.001,-0.001,0,-0.5,-0.028,2.466,1,75,0.001,2,0.058905,0,0.02923,0,0,-0.000068,standard,0,rectangular,7000,500,1,2,55537,55537,55537,0,-9999,0,0,0,0,2.447532,2.492558,1.07455,0.761434,0.202707,-0.014319,0.941591,0.460101,266.930939,0.001134,2.363673,0.000005,1,2.399535,0.000012,1,0.601056,0.600294,0.107352,0,PSF-01163_20250114122500_cdc,PFA-00994,PSA-00994,PSF-01163,RHS-01998,3.0.0,2025-01-13T08:33:48.201Z
273,12:25:30,14/01/2025,K_lowfl_medbth,Karina Guo,,,218,Mid,0.093537,1.904665,0.089158,1.68374,2.79108,2.699961,4.622638,1.831558,26.813929,27.718849,45.908466,0.441786,7.5,PSF-01163_20250114122530_da2,0,0,0,187.518234,431.799164,0.565728,0.5,0.8,68.367508,1,56.76,54.91,32.52,31.43,31.43,100.69,79.9,79.5,0.5,302,3.743,12:22:19,14/01/2025,-1.37,1,0,-0.001,0,-0.148,0.199,2.558,1,75,0.001,2,0.058905,0,0.02923,0,0,-0.000068,standard,0,rectangular,7000,500,1,2,55537,55537,55537,0,-9999,0,0,0,0,2.447704,2.491453,1.074638,0.761927,0.202575,-0.010201,0.942717,0.370123,187.518234,0.00114,2.363673,0.000005,1,2.399535,0.000012,1,0.601056,0.600294,0.107352,0,PSF-01163_20250114122530_da2,PFA-00994,PSA-00994,PSF-01163,RHS-01998,3.0.0,2025-01-13T08:33:48.201Z
274,12:25:57,14/01/2025,K_lowfl_medbth,Karina Guo,,,222,High,0.205523,1.904029,0.1855,2.905104,2.848695,2.691499,4.369171,1.520476,26.728954,28.290051,43.389717,0.441786,7.5,PSF-01163_20250114122557_f60,0,0,0,192.602997,485.185516,0.603032,0.5,0.8,57.729286,1,57.89,54.7,32.53,30.44,30.44,100.7,79.9,78.8,1.4,239,3.741,12:22:19,14/01/2025,-1.37,1,0.002,0.001,0.002,-0.015,-0.435,-2.375,1,75,0.001,2,0.058905,0,0.02923,0,0,-0.000068,standard,0,rectangular,7000,500,1,2,55537,55537,55537,0,-9999,0,0,0,0,2.447423,2.492989,1.074402,0.760293,0.202473,-0.02219,0.943609,0.315509,192.602997,0.001153,2.363673,0.000005,1,2.399535,0.000012,1,0.601056,0.600294,0.107352,0,PSF-01163_20250114122557_f60,PFA-00994,PSA-00994,PSF-01163,RHS-01998,3.0.0,2025-01-13T08:33:48.201Z
275,12:26:29,14/01/2025,K_lowfl_medbth,Karina Guo,,,222,High,0.246807,1.903247,0.218476,3.219602,2.898206,2.723995,4.328816,1.43061,27.052746,28.782883,42.990669,0.441786,7.5,PSF-01163_20250114122629_48a,0,0,0,207.5522,591.083069,0.648861,0.5,0.8,51.496937,1,58.85,55.32,32.55,30.28,30.28,100.69,79.8,79.2,0.9,198,3.714,12:22:19,14/01/2025,-1.37,1,0,-0.001,0,-0.23,0.068,2.501,1,75,0.001,2,0.058905,0,0.02923,0,0,-0.000068,standard,0,rectangular,7000,500,1,2,55537,55537,55537,0,-9999,0,0,0,0,2.448232,2.494296,1.074111,0.761124,0.202367,-0.024277,0.944767,0.279922,207.5522,0.001162,2.363673,0.000005,1,2.399535,0.000012,1,0.601056,0.600294,0.107352,0,PSF-01163_20250114122629_48a,PFA-00994,PSA-00994,PSF-01163,RHS-01998,3.0.0,2025-01-13T08:33:48.201Z
276,12:26:51,14/01/2025,K_lowfl_medbth,Karina Guo,,,222,High,0.284911,1.903152,0.247812,3.404595,2.912534,2.72833,4.246705,1.334171,27.096138,28.925535,42.17572,0.441786,7.5,PSF-01163_20250114122651_29e,0,0,0,177.879456,558.980591,0.681779,0.5,0.8,65.223984,1,59.12,55.38,32.55,29.94,29.94,100.69,79.8,79.6,0.2,239,3.742,12:22:19,14/01/2025,-1.37,1,-0.002,0,0.006,0.246,0.523,0.48,1,75,0.001,2,0.058905,0,0.02923,0,0,-0.000068,standard,0,rectangular,7000,500,1,2,55537,55537,55537,0,-9999,0,0,0,0,2.448311,2.494651,1.074076,0.762212,0.202299,-0.028336,0.945543,0.315369,177.879456,0.001126,2.363673,0.000005,1,2.399535,0.000012,1,0.601056,0.600294,0.107352,0,PSF-01163_20250114122651_29e,PFA-00994,PSA-00994,PSF-01163,RHS-01998,3.0.0,2025-01-13T08:33:48.201Z
277,12:27:12,14/01/2025,K_lowfl_medbth,Karina Guo,,,598,High,0.144442,1.90358,0.134255,1.96676,2.814691,2.708201,4.238154,1.423463,26.895088,27.952642,42.089027,0.441786,7.5,PSF-01163_20250114122712_d18,0,0,0,175.473328,611.367371,0.712982,0.5,0.8,56.5438,1,57.1,54.94,32.56,29.91,29.91,100.69,79.9,74.2,7.1,198,3.74,12:22:19,14/01/2025,-1.37,1,0,0,0.007,0.109,-0.008,-0.034,1,75,0.001,2,0.058905,0,0.02923,0,0,-0.000068,standard,0,rectangular,7000,500,1,2,55537,55537,55537,0,-9999,0,0,0,0,2.447732,2.491902,1.074235,0.750338,0.20222,-0.028871,0.946161,0.279794,175.473328,0.001154,2.363673,0.000005,1,2.399535,0.000012,1,0.601056,0.600294,0.107352,0,PSF-01163_20250114122712_d18,PFA-00994,PSA-00994,PSF-01163,RHS-01998,3.0.0,2025-01-13T08:33:48.201Z
278,12:27:42,14/01/2025,K_lowfl_medbth,Karina Guo,,,598,High,0.133531,1.906223,0.124789,1.962894,2.827295,2.72122,4.35468,1.527385,27.024845,28.078291,43.246986,0.441786,7.5,PSF-01163_20250114122742_dc3,0,0,0,160.258408,561.939209,0.714812,0.5,0.8,50.073616,1,57.31,55.16,32.58,30.38,30.38,100.69,80,79.4,0.8,175,3.741,12:22:19,14/01/2025,-1.37,1,0,-0.001,0.002,-0.367,-0.662,-1.115,1,75,0.001,2,0.058905,0,0.02923,0,0,-0.000068,standard,0,rectangular,7000,500,1,2,55537,55537,55537,0,-9999,0,0,0,0,2.448019,2.492186,1.075218,0.761599,0.202109,-0.02343,0.947093,0.259671,160.258408,0.001143,2.363673,0.000005,1,2.399535,0.000012,1,0.601056,0.600294,0.107352,0,PSF-01163_20250114122742_dc3,PFA-00994,PSA-00994,PSF-01163,RHS-01998,3.0.0,2025-01-13T08:33:48.201Z
