SYS,SYS,SYS,SYS,SYS,USERDEF,USERDEF,USERDEF,USERDEF,PORO,PORO,PORO,PORO,PORO,PORO,PORO,PORO,PORO,PORO,PORO,PORO,PORO,FLUORO,FLUORO,FLUORO,FLUORO,FLUORO,FLUORO,FLUORO,FLUORO,FLUORO,FLUORO,FLUORO,SENSOR,SENSOR,SENSOR,SENSOR,SENSOR,SENSOR,SENSOR,SENSOR,SENSOR,SENSOR,SENSOR,MATCH,MATCH,MATCH,MATCH,STABILITY,STABILITY,STABILITY,STABILITY,STABILITY,STABILITY,P_CONFIG,P_CONFIG,P_CONFIG,P_CONFIG,P_CONFIG,P_CONFIG,P_CONFIG,P_CONFIG,P_CONFIG,P_CONFIG,P_CONFIG,FL_CONFIG,FL_CONFIG,FL_CONFIG,FL_CONFIG,FL_CONFIG,FL_CONFIG,FL_CONFIG,FL_CONFIG,FL_CONFIG,FL_CONFIG,FL_CONFIG,FL_CONFIG,FL_CONFIG,FL_CONFIG,FL_CONFIG,SENSOR_V,SENSOR_V,SENSOR_V,SENSOR_V,SENSOR_V,SENSOR_V,SENSOR_V,SENSOR_V,SENSOR_V,SENSOR_V,USERCAL,USERCAL,USERCAL,USERCAL,USERCAL,USERCAL,USERCAL,USERCAL,USERCAL,USERCAL,META,META,META,META,META,META,META
Obs#,Time,Date,configName,configAuthor,remark,NSWID,IID,Drought,gsw,gbw,gtw,E_apparent,VPcham,VPref,VPleaf,VPDleaf,H2O_r,H2O_s,H2O_leaf,leaf_area,leaf_width,flashID,Fo,Fm,Fv/Fm,Fs,Fm',PhiPS2,PS2/1,abs,ETR,TRANS,rh_s,rh_r,Tref,Tmeas,Tleaf,P_atm,flow,flow_s,leak_pct,Qamb,batt,match_time,match_date,rh_adj,type,gsw1sec,gsw2sec,gsw4sec,flr1sec,flr2sec,flr4sec,auto,flow_set,gsw_limit,gsw_period,aw,Bla,Blb,Blc,Bld,Ble,chamber,dark,flash_type,flash_intensity,modrate,flr_limit,flr_period,P1_dur,P2_dur,P3_dur,P1_Fmax,P2_ramp,P2_slp,P3_Fmax,P3_Pred,P3_DeltaF,v_humA,v_humB,v_flowIn,v_flowOut,v_temp,v_irt,v_pres,v_par,v_F,i_LED,b_rhr,m_rhr,span_rhr,b_rhs,m_rhs,span_rhs,z_flowIn,z_flowOut,z_quantum,z_flr,flashId,lciSerNum,lcpSerNum,lcfSerNum,lcrhSerNum,version,configUpdatedAt
,HHMMSS,YYYYMMDD,,,,,,,mol+1m-2s-1,mol+1m-2s-1,mol+1m-2s-1,mmol+1m-2s-1,kPa,kPa,kPa,kPa,mmol+1mol-1,mmol+1mol-1,mmol+1mol-1,cm+2,mm,,,,,,,,,,umol+1m-2s-1,,%,%,C,C,C,kPa,umol+1sec-1,umol+1sec-1,%,umol+1m-2s-1,V,HHMMSS,YYYYMMDD,%,,,,,,,,,umol+1sec-1,(umol+1m-2s-1)s-1,s,,,,,,,,,,umol+1m-2s-1,Hz,s-1,s,ms,ms,ms,,%,,,,,V,V,V,V,V,V,V,V,V,A,,,,,,,,,,,,,,,,,
1,8:34:52,27/02/2025,K_lowfl_medbth,Karina Guo,,,167,Low,0.078936,1.90364,0.075793,0.671384,2.001047,1.964061,2.879329,0.878283,19.333168,19.697231,28.342577,0.441786,7.5,PSF-01163_20250227083452_9a1,0,0,0,126.276611,549.788818,0.770318,0.5,0.8,11.776844,1,67.27,66.03,23.89,23.35,23.35,101.59,79.9,78.8,1.4,38,4.126,8:32:57,27/02/2025,-2.71,1,0,0,-0.003,0.078,0.078,0.338,1,75,0.001,2,0.058905,0,0.02923,0,0,-0.000068,standard,0,rectangular,7000,500,1,2,55537,55537,55537,0,-9999,0,0,0,0,2.463985,2.509097,1.074257,0.760323,0.285133,-0.004193,0.084744,0.140595,126.276611,0.001142,2.363673,0.000005,1,2.399535,0.000012,1,0.601056,0.600294,0.107352,0,PSF-01163_20250227083452_9a1,PFA-00994,PSA-00994,PSF-01163,RHS-01998,3.0.0,2025-01-13T08:33:48.201Z
2,8:35:50,27/02/2025,K_lowfl_medbth,Karina Guo,,,167,Low,0.122564,1.898506,0.115132,0.962048,2.058455,2.0053,2.886724,0.82827,19.738276,20.261477,28.414181,0.441786,7.5,PSF-01163_20250227083550_ede,0,0,0,117.941025,552.903076,0.786688,0.5,0.8,11.952711,1,68.49,66.72,24.06,23.39,23.39,101.59,79.6,79.1,0.6,38,4.126,8:32:57,27/02/2025,-2.71,1,0,0,-0.003,0.066,0.205,0.481,1,75,0.001,2,0.058905,0,0.02923,0,0,-0.000068,standard,0,rectangular,7000,500,1,2,55537,55537,55537,0,-9999,0,0,0,0,2.46485,2.510706,1.072351,0.760982,0.283166,-0.005646,0.091951,0.140389,117.941025,0.001152,2.363673,0.000005,1,2.399535,0.000012,1,0.601056,0.600294,0.107352,0,PSF-01163_20250227083550_ede,PFA-00994,PSA-00994,PSF-01163,RHS-01998,3.0.0,2025-01-13T08:33:48.201Z
3,8:36:29,27/02/2025,K_lowfl_medbth,Karina Guo,,,167,Low,0.090984,1.904241,0.086835,0.748013,2.084035,2.042881,2.937494,0.853459,20.109669,20.51478,28.916044,0.441786,7.5,PSF-01163_20250227083629_dd7,0,0,0,128.365158,604.090332,0.787507,0.5,0.8,12.13211,1,68.82,67.46,24.18,23.68,23.68,101.59,79.9,79.5,0.5,39,4.123,8:32:57,27/02/2025,-2.71,1,0,0,-0.002,0.252,0.415,0.573,1,75,0.001,2,0.058905,0,0.02923,0,0,-0.000068,standard,0,rectangular,7000,500,1,2,55537,55537,55537,0,-9999,0,0,0,0,2.465798,2.511138,1.074481,0.761874,0.281763,-0.003811,0.096739,0.14085,128.365158,0.001145,2.363673,0.000005,1,2.399535,0.000012,1,0.601056,0.600294,0.107352,0,PSF-01163_20250227083629_dd7,PFA-00994,PSA-00994,PSF-01163,RHS-01998,3.0.0,2025-01-13T08:33:48.201Z
4,8:37:17,27/02/2025,K_lowfl_medbth,Karina Guo,,,434,High,0.04035,1.909085,0.039515,0.36573,2.069455,2.049395,2.986383,0.916928,20.17205,20.369503,29.394764,0.441786,7.5,PSF-01163_20250227083717_df0,0,0,0,119.324684,534.84967,0.776901,0.5,0.8,12.287396,1,67.74,67.08,24.33,23.95,23.95,101.6,80.2,79.1,1.3,40,4.123,8:32:57,27/02/2025,-2.71,1,-0.001,-0.001,-0.002,0.136,0.46,0.764,1,75,0.001,2,0.058905,0,0.02923,0,0,-0.000068,standard,0,rectangular,7000,500,1,2,55537,55537,55537,0,-9999,0,0,0,0,2.465273,2.509649,1.076285,0.761081,0.280107,-0.002393,0.102484,0.141742,119.324684,0.001155,2.363673,0.000005,1,2.399535,0.000012,1,0.601056,0.600294,0.107352,0,PSF-01163_20250227083717_df0,PFA-00994,PSA-00994,PSF-01163,RHS-01998,3.0.0,2025-01-13T08:33:48.201Z
6,8:39:08,27/02/2025,K_lowfl_medbth,Karina Guo,,,434,High,0.018457,1.903304,0.018279,0.178187,2.118339,2.108532,3.083363,0.965023,20.753675,20.850208,30.348656,0.441786,7.5,PSF-01163_20250227083908_d1a,0,0,0,171.073441,560.940002,0.695024,0.5,0.8,16.717909,1,67.87,67.56,24.69,24.49,24.49,101.6,79.8,79.7,0.2,60,4.12,8:32:57,27/02/2025,-2.71,1,0,0,-0.002,-0.53,-0.85,-1.507,1,75,0.001,2,0.058905,0,0.02923,0,0,-0.000068,standard,0,rectangular,7000,500,1,2,55537,55537,55537,0,-9999,0,0,0,0,2.465827,2.509769,1.074132,0.762357,0.276142,-0.000409,0.115657,0.159654,171.073441,0.001135,2.363673,0.000005,1,2.399535,0.000012,1,0.601056,0.600294,0.107352,0,PSF-01163_20250227083908_d1a,PFA-00994,PSA-00994,PSF-01163,RHS-01998,3.0.0,2025-01-13T08:33:48.201Z
7,8:39:34,27/02/2025,K_lowfl_medbth,Karina Guo,,,434,High,0.013936,1.900973,0.013834,0.134051,2.128947,2.121558,3.088136,0.959189,20.88168,20.954409,30.395336,0.441786,7.5,PSF-01163_20250227083934_58e,0,0,0,123.996735,511.407501,0.757538,0.5,0.8,13.986643,1,67.89,67.66,24.77,24.51,24.51,101.6,79.7,79.8,-0.1,46,4.12,8:32:57,27/02/2025,-2.71,1,-0.001,-0.001,-0.002,-0.05,-0.007,-0.082,1,75,0.001,2,0.058905,0,0.02923,0,0,-0.000068,standard,0,rectangular,7000,500,1,2,55537,55537,55537,0,-9999,0,0,0,0,2.465939,2.509781,1.073266,0.762491,0.275273,-0.001002,0.118662,0.147498,123.996735,0.001143,2.363673,0.000005,1,2.399535,0.000012,1,0.601056,0.600294,0.107352,0,PSF-01163_20250227083934_58e,PFA-00994,PSA-00994,PSF-01163,RHS-01998,3.0.0,2025-01-13T08:33:48.201Z
8,8:39:56,27/02/2025,K_lowfl_medbth,Karina Guo,,,434,High,0.020596,1.901457,0.020375,0.20003,2.147682,2.136662,3.119274,0.971592,21.030241,21.13871,30.70167,0.441786,7.5,PSF-01163_20250227083956_3c1,0,0,0,122.55442,523.131958,0.765729,0.5,0.8,12.793825,1,68.23,67.88,24.83,24.68,24.68,101.6,79.7,79.4,0.5,42,4.119,8:32:57,27/02/2025,-2.71,1,-0.001,0,-0.002,0.05,0.019,-0.036,1,75,0.001,2,0.058905,0,0.02923,0,0,-0.000068,standard,0,rectangular,7000,500,1,2,55537,55537,55537,0,-9999,0,0,0,0,2.466213,2.510221,1.073446,0.761598,0.274564,0.000162,0.121116,0.143682,122.55442,0.001166,2.363673,0.000005,1,2.399535,0.000012,1,0.601056,0.600294,0.107352,0,PSF-01163_20250227083956_3c1,PFA-00994,PSA-00994,PSF-01163,RHS-01998,3.0.0,2025-01-13T08:33:48.201Z
12,8:42:07,27/02/2025,K_lowfl_medbth,Karina Guo,,,504,High,0.0151,1.90229,0.014981,0.161357,2.229743,2.220866,3.294289,1.064546,21.859619,21.946997,32.425148,0.441786,7.5,PSF-01163_20250227084207_1d3,0,0,0,121.465446,573.330017,0.78814,0.5,0.8,13.437765,1,69.15,68.88,25.23,25.6,25.6,101.6,79.8,78.3,1.9,43,4.115,8:32:57,27/02/2025,-2.71,1,-0.002,-0.001,-0.003,0.158,0.226,0.362,1,75,0.001,2,0.058905,0,0.02923,0,0,-0.000068,standard,0,rectangular,7000,500,1,2,55537,55537,55537,0,-9999,0,0,0,0,2.467448,2.511408,1.073756,0.759192,0.270195,0.00602,0.135821,0.144425,121.465446,0.001139,2.363673,0.000005,1,2.399535,0.000012,1,0.601056,0.600294,0.107352,0,PSF-01163_20250227084207_1d3,PFA-00994,PSA-00994,PSF-01163,RHS-01998,3.0.0,2025-01-13T08:33:48.201Z
13,8:42:49,27/02/2025,K_lowfl_medbth,Karina Guo,,,504,High,-0.008662,1.903846,-0.008701,-0.086389,2.21222,2.216969,3.194095,0.981875,21.820505,21.773766,31.43787,0.441786,7.5,PSF-01163_20250227084249_41b,0,0,0,143.712753,580.932129,0.752617,0.5,0.8,13.202827,1,68.07,68.22,25.37,25.08,25.08,101.6,79.9,79.5,0.5,44,4.114,8:32:57,27/02/2025,-2.71,1,0,0,-0.001,0.073,0.366,1.882,1,75,0.001,2,0.058905,0,0.02923,0,0,-0.000068,standard,0,rectangular,7000,500,1,2,55537,55537,55537,0,-9999,0,0,0,0,2.46656,2.509923,1.074334,0.761908,0.268774,-0.001357,0.140437,0.145496,143.712753,0.001155,2.363673,0.000005,1,2.399535,0.000012,1,0.601056,0.600294,0.107352,0,PSF-01163_20250227084249_41b,PFA-00994,PSA-00994,PSF-01163,RHS-01998,3.0.0,2025-01-13T08:33:48.201Z
14,8:43:37,27/02/2025,K_lowfl_medbth,Karina Guo,,,504,High,0.046584,1.902372,0.045471,0.497882,2.266717,2.239335,3.348505,1.081788,22.039509,22.309002,32.955944,0.441786,7.5,PSF-01163_20250227084337_a2d,0,0,0,119.283913,553.19342,0.784372,0.5,0.8,14.164723,1,69.07,68.24,25.53,25.87,25.87,101.61,79.8,68.4,14.3,45,4.113,8:43:13,27/02/2025,-1.8,1,0,0,-0.002,0.117,0.178,0.469,1,75,0.001,2,0.058905,0,0.02923,0,0,-0.000068,standard,0,rectangular,7000,500,1,2,55537,55537,55537,0,-9999,0,0,0,0,2.466554,2.510022,1.073786,0.737863,0.267021,0.005816,0.145766,0.146618,119.283913,0.001148,2.363673,0.000005,1,2.399535,0.000012,1,0.601056,0.600294,0.107352,0,PSF-01163_20250227084337_a2d,PFA-00994,PSA-00994,PSF-01163,RHS-01998,3.0.0,2025-01-13T08:33:48.201Z
15,8:44:03,27/02/2025,K_lowfl_medbth,Karina Guo,,,536,Low,0.108937,1.897698,0.103023,0.866993,2.28809,2.240268,3.120373,0.832283,22.049339,22.520018,30.711576,0.441786,7.5,PSF-01163_20250227084403_8cf,0,0,0,126.497986,587.496033,0.784683,0.5,0.8,11.843006,1,69.42,67.97,25.6,24.68,24.68,101.6,79.5,79.7,-0.2,38,4.111,8:43:13,27/02/2025,-1.8,1,0.001,0.001,-0.004,0.168,0.46,1.059,1,75,0.001,2,0.058905,0,0.02923,0,0,-0.000068,standard,0,rectangular,7000,500,1,2,55537,55537,55537,0,-9999,0,0,0,0,2.46619,2.510481,1.072052,0.762323,0.266243,-0.008439,0.148589,0.140169,126.497986,0.001128,2.363673,0.000005,1,2.399535,0.000012,1,0.601056,0.600294,0.107352,0,PSF-01163_20250227084403_8cf,PFA-00994,PSA-00994,PSF-01163,RHS-01998,3.0.0,2025-01-13T08:33:48.201Z
16,8:44:32,27/02/2025,K_lowfl_medbth,Karina Guo,,,536,Low,0.105874,1.901853,0.100291,0.896798,2.299949,2.250625,3.18402,0.884071,22.149637,22.635065,31.335693,0.441786,7.5,PSF-01163_20250227084432_140,0,0,0,121.866699,574.72052,0.787955,0.5,0.8,13.442118,1,69.49,68,25.67,25.02,25.02,101.61,79.8,79.5,0.4,43,4.111,8:43:13,27/02/2025,-1.8,1,0,0.001,0.001,0.185,0.123,0.225,1,75,0.001,2,0.058905,0,0.02923,0,0,-0.000068,standard,0,rectangular,7000,500,1,2,55537,55537,55537,0,-9999,0,0,0,0,2.466217,2.510564,1.073593,0.761857,0.265501,-0.005417,0.151684,0.144446,121.866699,0.001174,2.363673,0.000005,1,2.399535,0.000012,1,0.601056,0.600294,0.107352,0,PSF-01163_20250227084432_140,PFA-00994,PSA-00994,PSF-01163,RHS-01998,3.0.0,2025-01-13T08:33:48.201Z
17,8:45:12,27/02/2025,K_lowfl_medbth,Karina Guo,,,536,Low,0.087565,1.901131,0.083709,0.778781,2.30686,2.26401,3.226412,0.919552,22.282028,22.703753,31.753834,0.441786,7.5,PSF-01163_20250227084512_733,0,0,0,121.38176,578.887207,0.790319,0.5,0.8,12.942221,1,69.31,68.03,25.77,25.24,25.24,101.61,79.7,76.8,3.7,41,4.11,8:43:13,27/02/2025,-1.8,1,-0.001,0,-0.003,0.129,0.325,0.671,1,75,0.001,2,0.058905,0,0.02923,0,0,-0.000068,standard,0,rectangular,7000,500,1,2,55537,55537,55537,0,-9999,0,0,0,0,2.466229,2.510305,1.073325,0.755933,0.264507,-0.003969,0.156036,0.14296,121.38176,0.001129,2.363673,0.000005,1,2.399535,0.000012,1,0.601056,0.600294,0.107352,0,PSF-01163_20250227084512_733,PFA-00994,PSA-00994,PSF-01163,RHS-01998,3.0.0,2025-01-13T08:33:48.201Z
18,8:46:17,27/02/2025,K_lowfl_medbth,Karina Guo,,,556,Mid,0.116385,1.902444,0.109675,0.979952,2.316461,2.262602,3.19957,0.883109,22.270857,22.800991,31.49346,0.441786,7.5,PSF-01163_20250227084617_6c2,0,0,0,138.300781,574.374329,0.759215,0.5,0.8,17.018488,1,69.02,67.42,25.91,25.1,25.1,101.59,79.8,79.2,0.7,56,4.108,8:43:13,27/02/2025,-1.8,1,0.001,-0.001,-0.003,-0.114,-0.107,0.571,1,75,0.001,2,0.058905,0,0.02923,0,0,-0.000068,standard,0,rectangular,7000,500,1,2,55537,55537,55537,0,-9999,0,0,0,0,2.465407,2.509887,1.073813,0.761293,0.263025,-0.007147,0.162977,0.156093,138.300781,0.001155,2.363673,0.000005,1,2.399535,0.000012,1,0.601056,0.600294,0.107352,0,PSF-01163_20250227084617_6c2,PFA-00994,PSA-00994,PSF-01163,RHS-01998,3.0.0,2025-01-13T08:33:48.201Z
19,8:46:41,27/02/2025,K_lowfl_medbth,Karina Guo,,,556,Mid,0.140009,1.905857,0.130428,1.108165,2.340591,2.27984,3.180335,0.839744,22.440256,23.038219,31.303745,0.441786,7.5,PSF-01163_20250227084641_cac,0,0,0,122.83802,535.838867,0.770756,0.5,0.8,19.253256,1,69.54,67.74,25.96,25,25,101.6,80,78.9,1.3,62,4.108,8:43:13,27/02/2025,-1.8,1,0,0,0.002,0.042,-0.057,-0.242,1,75,0.001,2,0.058905,0,0.02923,0,0,-0.000068,standard,0,rectangular,7000,500,1,2,55537,55537,55537,0,-9999,0,0,0,0,2.465814,2.510581,1.075082,0.760633,0.262516,-0.008838,0.165529,0.161667,122.83802,0.001143,2.363673,0.000005,1,2.399535,0.000012,1,0.601056,0.600294,0.107352,0,PSF-01163_20250227084641_cac,PFA-00994,PSA-00994,PSF-01163,RHS-01998,3.0.0,2025-01-13T08:33:48.201Z
20,8:47:03,27/02/2025,K_lowfl_medbth,Karina Guo,,,556,Mid,0.127912,1.905428,0.119866,1.009427,2.341629,2.286278,3.173927,0.832298,22.504957,23.049793,31.242514,0.441786,7.5,PSF-01163_20250227084703_81c,0,0,0,123.395561,541.467163,0.772109,0.5,0.8,20.919783,1,69.4,67.76,26,24.97,24.97,101.59,80,79.2,0.9,68,4.107,8:43:13,27/02/2025,-1.8,1,0.001,0.001,-9999,-0.238,-0.642,-9999,1,75,0.001,2,0.058905,0,0.02923,0,0,-0.000068,standard,0,rectangular,7000,500,1,2,55537,55537,55537,0,-9999,0,0,0,0,2.465835,2.510381,1.074922,0.76131,0.262076,-0.009695,0.167727,0.166265,123.395561,0.001162,2.363673,0.000005,1,2.399535,0.000012,1,0.601056,0.600294,0.107352,0,PSF-01163_20250227084703_81c,PFA-00994,PSA-00994,PSF-01163,RHS-01998,3.0.0,2025-01-13T08:33:48.201Z
21,8:47:56,27/02/2025,K_lowfl_medbth,Karina Guo,,,556,Mid,0.140306,1.905948,0.130686,1.111552,2.364723,2.303813,3.205051,0.840328,22.67918,23.278786,31.551138,0.441786,7.5,PSF-01163_20250227084756_337,0,0,0,112.220047,525.18512,0.786323,0.5,0.8,13.249769,1,69.67,67.87,26.1,25.13,25.13,101.58,80,64.9,18.8,42,4.105,8:43:13,27/02/2025,-1.8,1,0,0,0.003,-0.029,-0.12,-0.167,1,75,0.001,2,0.058905,0,0.02923,0,0,-0.000068,standard,0,rectangular,7000,500,1,2,55537,55537,55537,0,-9999,0,0,0,0,2.465968,2.51073,1.075116,0.73041,0.261033,-0.008979,0.173413,0.143991,112.220047,0.001122,2.363673,0.000005,1,2.399535,0.000012,1,0.601056,0.600294,0.107352,0,PSF-01163_20250227084756_337,PFA-00994,PSA-00994,PSF-01163,RHS-01998,3.0.0,2025-01-13T08:33:48.201Z
22,8:49:07,27/02/2025,K_lowfl_medbth,Karina Guo,,,244,Low,0.061212,1.903361,0.059305,0.582781,2.36186,2.329866,3.332179,0.970319,22.934294,23.249226,32.800667,0.441786,7.5,PSF-01163_20250227084907_f7e,0,0,0,123.764633,546.881348,0.77369,0.5,0.8,12.649042,1,69.05,68.11,26.23,25.79,25.79,101.59,79.9,71.8,10,41,4.104,8:43:13,27/02/2025,-1.8,1,0.002,0.001,0.002,0.082,0.183,0.352,1,75,0.001,2,0.058905,0,0.02923,0,0,-0.000068,standard,0,rectangular,7000,500,1,2,55537,55537,55537,0,-9999,0,0,0,0,2.466253,2.509864,1.074154,0.745229,0.259673,-0.003044,0.180842,0.142901,123.764633,0.001147,2.363673,0.000005,1,2.399535,0.000012,1,0.601056,0.600294,0.107352,0,PSF-01163_20250227084907_f7e,PFA-00994,PSA-00994,PSF-01163,RHS-01998,3.0.0,2025-01-13T08:33:48.201Z
23,8:49:40,27/02/2025,K_lowfl_medbth,Karina Guo,,,244,Low,0.101098,1.905679,0.096004,0.834864,2.375743,2.329993,3.234711,0.858968,22.937178,23.38756,31.84351,0.441786,7.5,PSF-01163_20250227084940_f4d,0,0,0,68.692802,304.294098,0.774255,0.5,0.8,12.563919,1,69.2,67.87,26.29,25.29,25.29,101.58,80,79.4,0.8,41,4.103,8:43:13,27/02/2025,-1.8,1,0,-0.001,0.002,0.022,0.076,0.409,1,75,0.001,2,0.058905,0,0.02923,0,0,-0.000068,standard,0,rectangular,7000,500,1,2,55537,55537,55537,0,-9999,0,0,0,0,2.465922,2.510062,1.075016,0.761598,0.259037,-0.009412,0.184179,0.142636,68.692802,0.001151,2.363673,0.000005,1,2.399535,0.000012,1,0.601056,0.600294,0.107352,0,PSF-01163_20250227084940_f4d,PFA-00994,PSA-00994,PSF-01163,RHS-01998,3.0.0,2025-01-13T08:33:48.201Z
24,8:50:31,27/02/2025,K_lowfl_medbth,Karina Guo,,,244,Low,0.0921,1.898426,0.087839,0.796648,2.382437,2.338565,3.278107,0.895671,23.020205,23.452066,32.268806,0.441786,7.5,PSF-01163_20250227085031_bad,0,0,0,136.710403,566.471069,0.758663,0.5,0.8,12.665777,1,69.03,67.76,26.38,25.51,25.51,101.59,79.6,79.4,0.2,42,4.103,8:43:13,27/02/2025,-1.8,1,0,0,0.003,0.079,0.124,0.131,1,75,0.001,2,0.058905,0,0.02923,0,0,-0.000068,standard,0,rectangular,7000,500,1,2,55537,55537,55537,0,-9999,0,0,0,0,2.465765,2.509818,1.072322,0.761758,0.258121,-0.007882,0.189434,0.143653,136.710403,0.001131,2.363673,0.000005,1,2.399535,0.000012,1,0.601056,0.600294,0.107352,0,PSF-01163_20250227085031_bad,PFA-00994,PSA-00994,PSF-01163,RHS-01998,3.0.0,2025-01-13T08:33:48.201Z
25,8:51:07,27/02/2025,K_lowfl_medbth,Karina Guo,,,390,Low,0.05534,1.906912,0.053779,0.472414,2.364695,2.338824,3.232483,0.867789,23.022923,23.27759,31.819933,0.441786,7.5,PSF-01163_20250227085107_a8e,0,0,0,121.673225,541.382446,0.775255,0.5,0.8,13.725801,1,68.29,67.54,26.44,25.28,25.28,101.59,80,79.2,1.1,44,4.101,8:43:13,27/02/2025,-1.8,1,0,0.001,0.003,0.111,0.281,0.6,1,75,0.001,2,0.058905,0,0.02923,0,0,-0.000068,standard,0,rectangular,7000,500,1,2,55537,55537,55537,0,-9999,0,0,0,0,2.465464,2.508799,1.075475,0.761201,0.257535,-0.011199,0.193105,0.145849,121.673225,0.001137,2.363673,0.000005,1,2.399535,0.000012,1,0.601056,0.600294,0.107352,0,PSF-01163_20250227085107_a8e,PFA-00994,PSA-00994,PSF-01163,RHS-01998,3.0.0,2025-01-13T08:33:48.201Z
26,8:51:40,27/02/2025,K_lowfl_medbth,Karina Guo,,,390,Low,0.042584,1.906183,0.041653,0.390195,2.36614,2.34476,3.291339,0.925199,23.079824,23.290272,32.397144,0.441786,7.5,PSF-01163_20250227085140_664,0,0,0,117.414597,528.655884,0.7779,0.5,0.8,13.761502,1,68.12,67.5,26.49,25.58,25.58,101.59,80,75.1,6.2,44,4.101,8:43:13,27/02/2025,-1.8,1,0.001,0.001,0.002,0.121,0.195,0.502,1,75,0.001,2,0.058905,0,0.02923,0,0,-0.000068,standard,0,rectangular,7000,500,1,2,55537,55537,55537,0,-9999,0,0,0,0,2.465409,2.508564,1.075203,0.752192,0.257005,-0.008348,0.196397,0.145818,117.414597,0.001127,2.363673,0.000005,1,2.399535,0.000012,1,0.601056,0.600294,0.107352,0,PSF-01163_20250227085140_664,PFA-00994,PSA-00994,PSF-01163,RHS-01998,3.0.0,2025-01-13T08:33:48.201Z
27,8:52:42,27/02/2025,K_lowfl_medbth,Karina Guo,,,390,Low,0.047579,1.901394,0.046417,0.423592,2.383889,2.360607,3.285159,0.90127,23.235405,23.464567,32.335754,0.441786,7.5,PSF-01163_20250227085242_ee3,0,0,0,111.086014,518.695923,0.785836,0.5,0.8,14.033475,1,68.24,67.58,26.59,25.55,25.55,101.6,79.7,79.3,0.5,45,4.099,8:43:13,27/02/2025,-1.8,1,0.001,0,-9999,0.269,0.607,-9999,1,75,0.001,2,0.058905,0,0.02923,0,0,-0.000068,standard,0,rectangular,7000,500,1,2,55537,55537,55537,0,-9999,0,0,0,0,2.465485,2.508714,1.073423,0.76154,0.256025,-0.009797,0.20265,0.146182,111.086014,0.00115,2.363673,0.000005,1,2.399535,0.000012,1,0.601056,0.600294,0.107352,0,PSF-01163_20250227085242_ee3,PFA-00994,PSA-00994,PSF-01163,RHS-01998,3.0.0,2025-01-13T08:33:48.201Z
28,8:53:15,27/02/2025,K_lowfl_medbth,Karina Guo,,,92,Low,0.042641,1.900006,0.041705,0.41135,2.378933,2.356302,3.352727,0.973794,23.193262,23.416023,33.001152,0.441786,7.5,PSF-01163_20250227085315_49e,0,0,0,174.271347,587.186707,0.70321,0.5,0.8,12.300706,1,67.91,67.26,26.63,25.89,25.89,101.59,79.7,79.7,0,44,4.098,8:43:13,27/02/2025,-1.8,1,0.001,0,0.001,0.007,-0.002,-0.228,1,75,0.001,2,0.058905,0,0.02923,0,0,-0.000068,standard,0,rectangular,7000,500,1,2,55537,55537,55537,0,-9999,0,0,0,0,2.465067,2.508255,1.072908,0.762342,0.25554,-0.006438,0.205866,0.145387,174.271347,0.001141,2.363673,0.000005,1,2.399535,0.000012,1,0.601056,0.600294,0.107352,0,PSF-01163_20250227085315_49e,PFA-00994,PSA-00994,PSF-01163,RHS-01998,3.0.0,2025-01-13T08:33:48.201Z
29,8:54:10,27/02/2025,K_lowfl_medbth,Karina Guo,,,92,Low,0.06081,1.903253,0.058927,0.572601,2.400298,2.36887,3.359567,0.959269,23.315704,23.625038,33.066685,0.441786,7.5,PSF-01163_20250227085410_32e,0,0,0,164.532425,606.031555,0.728509,0.5,0.8,13.898666,1,68.11,67.22,26.74,25.93,25.93,101.6,79.8,79.1,1,48,4.097,8:53:46,27/02/2025,-1.66,1,0.001,0,0.002,0.067,0.176,0.292,1,75,0.001,2,0.058905,0,0.02923,0,0,-0.000068,standard,0,rectangular,7000,500,1,2,55537,55537,55537,0,-9999,0,0,0,0,2.464988,2.508316,1.074113,0.760917,0.254508,-0.007203,0.211405,0.148835,164.532425,0.001136,2.363673,0.000005,1,2.399535,0.000012,1,0.601056,0.600294,0.107352,0,PSF-01163_20250227085410_32e,PFA-00994,PSA-00994,PSF-01163,RHS-01998,3.0.0,2025-01-13T08:33:48.201Z
30,8:55:52,27/02/2025,K_lowfl_medbth,Karina Guo,,,92,Low,0.057482,1.900857,0.055795,0.544959,2.423559,2.393606,3.387529,0.96397,23.55912,23.853931,33.34182,0.441786,7.5,PSF-01163_20250227085552_ec4,0,0,0,164.628632,585.541626,0.718844,0.5,0.8,14.297038,1,68.2,67.36,26.88,26.07,26.07,101.6,79.7,79.7,0,50,4.094,8:53:46,27/02/2025,-1.66,1,0.001,0.001,0.004,0.087,0.134,0.395,1,75,0.001,2,0.058905,0,0.02923,0,0,-0.000068,standard,0,rectangular,7000,500,1,2,55537,55537,55537,0,-9999,0,0,0,0,2.465147,2.508418,1.073223,0.762352,0.253089,-0.007208,0.221455,0.150598,164.628632,0.001142,2.363673,0.000005,1,2.399535,0.000012,1,0.601056,0.600294,0.107352,0,PSF-01163_20250227085552_ec4,PFA-00994,PSA-00994,PSF-01163,RHS-01998,3.0.0,2025-01-13T08:33:48.201Z
31,8:56:15,27/02/2025,K_lowfl_medbth,Karina Guo,,,111,High,0.024056,1.903821,0.023756,0.239415,2.403595,2.390459,3.398347,0.994752,23.526865,23.656149,33.446487,0.441786,7.5,PSF-01163_20250227085615_40b,0,0,0,174.572464,561.458618,0.689073,0.5,0.8,13.984869,1,67.52,67.15,26.91,26.12,26.12,101.61,79.9,77.7,2.7,51,4.094,8:53:46,27/02/2025,-1.66,1,0,0,0.002,0.113,0.139,0.252,1,75,0.001,2,0.058905,0,0.02923,0,0,-0.000068,standard,0,rectangular,7000,500,1,2,55537,55537,55537,0,-9999,0,0,0,0,2.46486,2.50748,1.074324,0.758018,0.252771,-0.006953,0.223617,0.151482,174.572464,0.001149,2.363673,0.000005,1,2.399535,0.000012,1,0.601056,0.600294,0.107352,0,PSF-01163_20250227085615_40b,PFA-00994,PSA-00994,PSF-01163,RHS-01998,3.0.0,2025-01-13T08:33:48.201Z
32,8:56:33,27/02/2025,K_lowfl_medbth,Karina Guo,,,111,High,0.021995,1.903422,0.021744,0.207999,2.411174,2.39976,3.355527,0.944353,23.618755,23.731098,33.025543,0.441786,7.5,PSF-01163_20250227085633_ffc,0,0,0,156.112076,536.159607,0.708833,0.5,0.8,19.240103,1,67.62,67.3,26.94,25.91,25.91,101.6,79.9,79.7,0.3,68,4.068,8:53:46,27/02/2025,-1.66,1,0,0,-9999,0.08,0.385,-9999,1,75,0.001,2,0.058905,0,0.02923,0,0,-0.000068,standard,0,rectangular,7000,500,1,2,55537,55537,55537,0,-9999,0,0,0,0,2.465057,2.507618,1.074176,0.762214,0.252499,-0.009702,0.225323,0.166372,156.112076,0.001158,2.363673,0.000005,1,2.399535,0.000012,1,0.601056,0.600294,0.107352,0,PSF-01163_20250227085633_ffc,PFA-00994,PSA-00994,PSF-01163,RHS-01998,3.0.0,2025-01-13T08:33:48.201Z
33,8:56:54,27/02/2025,K_lowfl_medbth,Karina Guo,,,111,High,0.038188,1.902516,0.037436,0.419677,2.424873,2.401831,3.530543,1.10567,23.638617,23.865396,34.747307,0.441786,7.5,PSF-01163_20250227085654_c90,0,0,0,172.448151,590.137451,0.707783,0.5,0.8,16.883148,1,67.88,67.23,26.97,26.77,26.77,101.61,79.8,70.1,12.2,60,4.093,8:53:46,27/02/2025,-1.66,1,0.001,0.001,-9999,0.104,-0.062,-9999,1,75,0.001,2,0.058905,0,0.02923,0,0,-0.000068,standard,0,rectangular,7000,500,1,2,55537,55537,55537,0,-9999,0,0,0,0,2.464962,2.50796,1.07384,0.741464,0.252178,-0.000217,0.227289,0.159219,172.448151,0.001162,2.363673,0.000005,1,2.399535,0.000012,1,0.601056,0.600294,0.107352,0,PSF-01163_20250227085654_c90,PFA-00994,PSA-00994,PSF-01163,RHS-01998,3.0.0,2025-01-13T08:33:48.201Z
34,8:57:29,27/02/2025,K_lowfl_medbth,Karina Guo,,,238,Low,0.077559,1.908718,0.07453,0.795365,2.454449,2.410975,3.506993,1.052544,23.727674,24.155529,34.514168,0.441786,7.5,PSF-01163_20250227085729_6ca,0,0,0,148.163437,536.607056,0.723888,0.5,0.8,16.215061,1,68.49,67.28,27.02,26.65,26.65,101.61,80.1,78.4,2.2,56,4.092,8:53:46,27/02/2025,-1.66,1,0,0.001,0.002,-0.103,-0.032,-0.056,1,75,0.001,2,0.058905,0,0.02923,0,0,-0.000068,standard,0,rectangular,7000,500,1,2,55537,55537,55537,0,-9999,0,0,0,0,2.465008,2.50878,1.076148,0.75937,0.25164,-0.002136,0.23067,0.156058,148.163437,0.001131,2.363673,0.000005,1,2.399535,0.000012,1,0.601056,0.600294,0.107352,0,PSF-01163_20250227085729_6ca,PFA-00994,PSA-00994,PSF-01163,RHS-01998,3.0.0,2025-01-13T08:33:48.201Z
35,8:58:11,27/02/2025,K_lowfl_medbth,Karina Guo,,,238,Low,0.086279,1.902367,0.082535,0.897531,2.46868,2.419416,3.540966,1.072286,23.810751,24.295582,34.848515,0.441786,7.5,PSF-01163_20250227085811_3e2,0,0,0,151.110657,549.244141,0.724875,0.5,0.8,14.165318,1,68.64,67.27,27.08,26.82,26.82,101.61,79.8,79.7,0.2,49,4.091,8:53:46,27/02/2025,-1.66,1,0.001,0,0.003,0.04,0.091,0.362,1,75,0.001,2,0.058905,0,0.02923,0,0,-0.000068,standard,0,rectangular,7000,500,1,2,55537,55537,55537,0,-9999,0,0,0,0,2.464994,2.508979,1.073784,0.762215,0.251042,-0.000939,0.234639,0.149843,151.110657,0.001153,2.363673,0.000005,1,2.399535,0.000012,1,0.601056,0.600294,0.107352,0,PSF-01163_20250227085811_3e2,PFA-00994,PSA-00994,PSF-01163,RHS-01998,3.0.0,2025-01-13T08:33:48.201Z
36,8:59:09,27/02/2025,K_lowfl_medbth,Karina Guo,,,238,Low,0.056024,1.901913,0.054421,0.552642,2.443295,2.412943,3.445265,1.00197,23.74658,24.045275,33.905998,0.441786,7.5,PSF-01163_20250227085909_a87,0,0,0,166.159637,547.397034,0.696455,0.5,0.8,21.783527,1,67.64,66.8,27.16,26.35,26.35,101.61,79.8,66.7,16.3,78,4.089,8:53:46,27/02/2025,-1.66,1,0,-0.001,0,0.213,0.66,2.226,1,75,0.001,2,0.058905,0,0.02923,0,0,-0.000068,standard,0,rectangular,7000,500,1,2,55537,55537,55537,0,-9999,0,0,0,0,2.464354,2.5076,1.073615,0.734255,0.250288,-0.007134,0.240116,0.175362,166.159637,0.001168,2.363673,0.000005,1,2.399535,0.000012,1,0.601056,0.600294,0.107352,0,PSF-01163_20250227085909_a87,PFA-00994,PSA-00994,PSF-01163,RHS-01998,3.0.0,2025-01-13T08:33:48.201Z
37,8:59:39,27/02/2025,K_lowfl_medbth,Karina Guo,,,484,Mid,0.063644,1.903176,0.061584,0.643395,2.444803,2.409499,3.475462,1.030659,23.712679,24.060123,34.203178,0.441786,7.5,PSF-01163_20250227085939_06f,0,0,0,119.247078,476.876007,0.749941,0.5,0.8,17.864223,1,67.54,66.56,27.19,26.5,26.5,101.61,79.8,79.4,0.6,60,4.088,8:53:46,27/02/2025,-1.66,1,0,0,0.002,-0.117,-0.131,-0.27,1,75,0.001,2,0.058905,0,0.02923,0,0,-0.000068,standard,0,rectangular,7000,500,1,2,55537,55537,55537,0,-9999,0,0,0,0,2.46404,2.50746,1.074085,0.761651,0.249936,-0.005845,0.242932,0.159148,119.247078,0.001125,2.363673,0.000005,1,2.399535,0.000012,1,0.601056,0.600294,0.107352,0,PSF-01163_20250227085939_06f,PFA-00994,PSA-00994,PSF-01163,RHS-01998,3.0.0,2025-01-13T08:33:48.201Z
38,9:00:18,27/02/2025,K_lowfl_medbth,Karina Guo,,,484,Mid,0.045102,1.901857,0.044057,0.463442,2.463934,2.438486,3.501432,1.037498,23.997772,24.248215,34.458504,0.441786,7.5,PSF-01163_20250227090018_ceb,0,0,0,109.152313,461.790924,0.763633,0.5,0.8,22.473856,1,67.88,67.18,27.24,26.63,26.63,101.61,79.8,79.7,0.1,74,4.088,8:53:46,27/02/2025,-1.66,1,0,0,-9999,0.159,0.295,-9999,1,75,0.001,2,0.058905,0,0.02923,0,0,-0.000068,standard,0,rectangular,7000,500,1,2,55537,55537,55537,0,-9999,0,0,0,0,2.464832,2.507909,1.073595,0.76223,0.24946,-0.004945,0.246628,0.171345,109.152313,0.001132,2.363673,0.000005,1,2.399535,0.000012,1,0.601056,0.600294,0.107352,0,PSF-01163_20250227090018_ceb,PFA-00994,PSA-00994,PSF-01163,RHS-01998,3.0.0,2025-01-13T08:33:48.201Z
39,9:00:46,27/02/2025,K_lowfl_medbth,Karina Guo,,,484,Mid,0.088262,1.905579,0.084354,0.903396,2.474139,2.424662,3.530231,1.056092,23.861378,24.348288,34.741405,0.441786,7.5,PSF-01163_20250227090046_7ba,0,0,0,116.053101,491.994019,0.764117,0.5,0.8,24.828962,1,68.02,66.66,27.27,26.77,26.77,101.61,80,79.3,0.9,81,4.087,8:53:46,27/02/2025,-1.66,1,0,0.001,0.003,0.375,0.626,1.045,1,75,0.001,2,0.058905,0,0.02923,0,0,-0.000068,standard,0,rectangular,7000,500,1,2,55537,55537,55537,0,-9999,0,0,0,0,2.464157,2.508105,1.074979,0.761347,0.249132,-0.003727,0.249121,0.178006,116.053101,0.00115,2.363673,0.000005,1,2.399535,0.000012,1,0.601056,0.600294,0.107352,0,PSF-01163_20250227090046_7ba,PFA-00994,PSA-00994,PSF-01163,RHS-01998,3.0.0,2025-01-13T08:33:48.201Z
40,9:01:22,27/02/2025,K_lowfl_medbth,Karina Guo,,,314,Low,0.109065,1.901729,0.103149,1.008566,2.476106,2.420726,3.440736,0.964631,23.822756,24.367762,33.860851,0.441786,7.5,PSF-01163_20250227090122_39d,0,0,0,154.760956,544.694763,0.715876,0.5,0.8,25.429895,1,67.91,66.39,27.32,26.33,26.33,101.61,79.8,77.9,2.3,89,4.086,8:53:46,27/02/2025,-1.66,1,0,0,0.001,0.075,0.531,2.474,1,75,0.001,2,0.058905,0,0.02923,0,0,-0.000068,standard,0,rectangular,7000,500,1,2,55537,55537,55537,0,-9999,0,0,0,0,2.463789,2.507941,1.073547,0.758443,0.248712,-0.009205,0.252519,0.184592,154.760956,0.001164,2.363673,0.000005,1,2.399535,0.000012,1,0.601056,0.600294,0.107352,0,PSF-01163_20250227090122_39d,PFA-00994,PSA-00994,PSF-01163,RHS-01998,3.0.0,2025-01-13T08:33:48.201Z
41,9:02:17,27/02/2025,K_lowfl_medbth,Karina Guo,,,314,Low,0.084695,1.899809,0.08108,0.834752,2.478423,2.432527,3.493856,1.015433,23.938368,24.390024,34.382847,0.441786,7.5,PSF-01163_20250227090217_586,0,0,0,126.996521,532.027222,0.761297,0.5,0.8,19.501175,1,67.72,66.46,27.38,26.59,26.59,101.62,79.7,76.8,3.6,64,4.084,8:53:46,27/02/2025,-1.66,1,0,0,0.002,0.347,0.829,2.351,1,75,0.001,2,0.058905,0,0.02923,0,0,-0.000068,standard,0,rectangular,7000,500,1,2,55537,55537,55537,0,-9999,0,0,0,0,2.463871,2.507667,1.072835,0.755995,0.248074,-0.006971,0.257586,0.16305,126.996521,0.001135,2.363673,0.000005,1,2.399535,0.000012,1,0.601056,0.600294,0.107352,0,PSF-01163_20250227090217_586,PFA-00994,PSA-00994,PSF-01163,RHS-01998,3.0.0,2025-01-13T08:33:48.201Z
42,9:02:48,27/02/2025,K_lowfl_medbth,Karina Guo,,,314,Low,0.109037,1.906368,0.103138,1.010303,2.488829,2.433534,3.455122,0.966293,23.948156,24.492313,34.001499,0.441786,7.5,PSF-01163_20250227090248_17b,0,0,0,120.213387,526.975403,0.77188,0.5,0.8,16.792805,1,67.86,66.35,27.42,26.4,26.4,101.62,80,75.6,5.5,54,4.083,8:53:46,27/02/2025,-1.66,1,0,0,0.002,0.217,0.573,1.001,1,75,0.001,2,0.058905,0,0.02923,0,0,-0.000068,standard,0,rectangular,7000,500,1,2,55537,55537,55537,0,-9999,0,0,0,0,2.463715,2.507851,1.075272,0.753397,0.247717,-0.00955,0.26047,0.154657,120.213387,0.001143,2.363673,0.000005,1,2.399535,0.000012,1,0.601056,0.600294,0.107352,0,PSF-01163_20250227090248_17b,PFA-00994,PSA-00994,PSF-01163,RHS-01998,3.0.0,2025-01-13T08:33:48.201Z
44,9:05:07,27/02/2025,K_lowfl_medbth,Karina Guo,,,186,Mid,0.089822,1.906472,0.08578,0.869258,2.475931,2.428353,3.475509,0.999578,23.89735,24.365566,34.202381,0.441786,7.5,PSF-01163_20250227090507_029,0,0,0,130.365723,434.749969,0.700136,0.5,0.8,26.039135,1,66.86,65.58,27.58,26.5,26.5,101.62,80,77,3.8,93,4.079,9:04:22,27/02/2025,-1.64,1,0,-0.001,0,0.347,0.892,2.183,1,75,0.001,2,0.058905,0,0.02923,0,0,-0.000068,standard,0,rectangular,7000,500,1,2,55537,55537,55537,0,-9999,0,0,0,0,2.462673,2.506448,1.075311,0.756423,0.246119,-0.010274,0.273172,0.188221,130.365723,0.001154,2.363673,0.000005,1,2.399535,0.000012,1,0.601056,0.600294,0.107352,0,PSF-01163_20250227090507_029,PFA-00994,PSA-00994,PSF-01163,RHS-01998,3.0.0,2025-01-13T08:33:48.201Z
45,9:05:42,27/02/2025,K_lowfl_medbth,Karina Guo,,,186,Mid,0.08179,1.906906,0.078426,0.898159,2.493878,2.444743,3.622556,1.128678,24.05929,24.542845,35.650433,0.441786,7.5,PSF-01163_20250227090542_5d4,0,0,0,103.181007,406.913269,0.74643,0.5,0.8,25.483646,1,67.21,65.89,27.62,27.21,27.21,101.61,80,79.5,0.7,85,4.079,9:04:22,27/02/2025,-1.64,1,0,0,0.002,0.224,0.499,0.944,1,75,0.001,2,0.058905,0,0.02923,0,0,-0.000068,standard,0,rectangular,7000,500,1,2,55537,55537,55537,0,-9999,0,0,0,0,2.463071,2.506914,1.075472,0.761831,0.24578,-0.002573,0.276397,0.181587,103.181007,0.001135,2.363673,0.000005,1,2.399535,0.000012,1,0.601056,0.600294,0.107352,0,PSF-01163_20250227090542_5d4,PFA-00994,PSA-00994,PSF-01163,RHS-01998,3.0.0,2025-01-13T08:33:48.201Z
46,9:06:26,27/02/2025,K_lowfl_medbth,Karina Guo,,,186,Mid,0.109599,1.90365,0.103633,1.052786,2.502583,2.444867,3.504339,1.001756,24.060629,24.628635,34.487198,0.441786,7.5,PSF-01163_20250227090626_f9c,0,0,0,132.621292,382.641785,0.653406,0.5,0.8,17.455683,1,67.29,65.74,27.65,26.64,26.64,101.61,79.9,79.4,0.5,67,4.078,9:04:22,27/02/2025,-1.64,1,-0.001,0,0.002,0.322,0.549,1.78,1,75,0.001,2,0.058905,0,0.02923,0,0,-0.000068,standard,0,rectangular,7000,500,1,2,55537,55537,55537,0,-9999,0,0,0,0,2.462869,2.507015,1.074261,0.761731,0.245397,-0.009517,0.280359,0.16544,132.621292,0.001155,2.363673,0.000005,1,2.399535,0.000012,1,0.601056,0.600294,0.107352,0,PSF-01163_20250227090626_f9c,PFA-00994,PSA-00994,PSF-01163,RHS-01998,3.0.0,2025-01-13T08:33:48.201Z
47,9:07:41,27/02/2025,K_lowfl_medbth,Karina Guo,,,331,Mid,0.067258,1.902841,0.064962,0.700179,2.500568,2.462159,3.563153,1.062585,24.229671,24.607653,35.064365,0.441786,7.5,PSF-01163_20250227090741_71e,0,0,0,115.08429,502.314087,0.770892,0.5,0.8,20.22724,1,66.97,65.94,27.72,26.92,26.92,101.62,79.8,77.4,3,66,4.077,9:04:22,27/02/2025,-1.64,1,0.001,0,-9999,0.126,0.462,-9999,1,75,0.001,2,0.058905,0,0.02923,0,0,-0.000068,standard,0,rectangular,7000,500,1,2,55537,55537,55537,0,-9999,0,0,0,0,2.463123,2.50657,1.07396,0.75736,0.24474,-0.007043,0.287085,0.164405,115.08429,0.00114,2.363673,0.000005,1,2.399535,0.000012,1,0.601056,0.600294,0.107352,0,PSF-01163_20250227090741_71e,PFA-00994,PSA-00994,PSF-01163,RHS-01998,3.0.0,2025-01-13T08:33:48.201Z
48,9:08:11,27/02/2025,K_lowfl_medbth,Karina Guo,,,331,Mid,0.072272,1.904383,0.06963,0.732314,2.499876,2.459744,3.536916,1.037039,24.204777,24.599695,34.804539,0.441786,7.5,PSF-01163_20250227090811_5e5,0,0,0,114.464165,486.879578,0.764902,0.5,0.8,14.652756,1,66.83,65.76,27.75,26.8,26.8,101.62,79.9,75.3,5.8,48,4.076,9:04:22,27/02/2025,-1.64,1,0.001,0.001,0.003,0.267,0.065,-0.438,1,75,0.001,2,0.058905,0,0.02923,0,0,-0.000068,standard,0,rectangular,7000,500,1,2,55537,55537,55537,0,-9999,0,0,0,0,2.462875,2.506373,1.074533,0.752625,0.244437,-0.008846,0.289722,0.149005,114.464165,0.001159,2.363673,0.000005,1,2.399535,0.000012,1,0.601056,0.600294,0.107352,0,PSF-01163_20250227090811_5e5,PFA-00994,PSA-00994,PSF-01163,RHS-01998,3.0.0,2025-01-13T08:33:48.201Z
49,9:08:39,27/02/2025,K_lowfl_medbth,Karina Guo,,,331,Mid,0.101771,1.903612,0.096606,0.994907,2.5194,2.464861,3.534752,1.015352,24.256029,24.79273,34.784534,0.441786,7.5,PSF-01163_20250227090839_2fd,0,0,0,114.578606,526.628845,0.78243,0.5,0.8,16.512453,1,67.24,65.79,27.78,26.79,26.79,101.62,79.9,65.9,17.5,53,4.076,9:04:22,27/02/2025,-1.64,1,0.001,0.001,0.003,-0.095,0.005,0.247,1,75,0.001,2,0.058905,0,0.02923,0,0,-0.000068,standard,0,rectangular,7000,500,1,2,55537,55537,55537,0,-9999,0,0,0,0,2.462908,2.506928,1.074247,0.732367,0.244166,-0.009285,0.292144,0.15324,114.578606,0.001112,2.363673,0.000005,1,2.399535,0.000012,1,0.601056,0.600294,0.107352,0,PSF-01163_20250227090839_2fd,PFA-00994,PSA-00994,PSF-01163,RHS-01998,3.0.0,2025-01-13T08:33:48.201Z
50,9:09:33,27/02/2025,K_lowfl_medbth,Karina Guo,,,356,High,0.079414,1.905841,0.076238,0.814448,2.515568,2.470985,3.568704,1.053136,24.315273,24.753981,35.117176,0.441786,7.5,PSF-01163_20250227090933_c22,0,0,0,114.866493,512.949951,0.776067,0.5,0.8,21.42412,1,66.93,65.74,27.84,26.95,26.95,101.62,80,66.5,16.9,69,4.074,9:04:22,27/02/2025,-1.64,1,0,0,0.002,0.235,0.435,0.85,1,75,0.001,2,0.058905,0,0.02923,0,0,-0.000068,standard,0,rectangular,7000,500,1,2,55537,55537,55537,0,-9999,0,0,0,0,2.462835,2.506488,1.075076,0.733735,0.243635,-0.008047,0.29688,0.167378,114.866493,0.001142,2.363673,0.000005,1,2.399535,0.000012,1,0.601056,0.600294,0.107352,0,PSF-01163_20250227090933_c22,PFA-00994,PSA-00994,PSF-01163,RHS-01998,3.0.0,2025-01-13T08:33:48.201Z
52,9:11:39,27/02/2025,K_lowfl_medbth,Karina Guo,,,356,High,0.052377,1.901873,0.050973,0.560005,2.500802,2.47006,3.583827,1.083026,24.306234,24.608742,35.266083,0.441786,7.5,PSF-01163_20250227091139_19a,0,0,0,113.18457,494.612213,0.771165,0.5,0.8,17.35891,1,66.01,65.2,27.97,27.02,27.02,101.62,79.8,74.2,7,56,4.071,9:04:22,27/02/2025,-1.64,1,0.001,0,0.003,0.217,0.225,0.284,1,75,0.001,2,0.058905,0,0.02923,0,0,-0.000068,standard,0,rectangular,7000,500,1,2,55537,55537,55537,0,-9999,0,0,0,0,2.462097,2.505218,1.073601,0.750242,0.242328,-0.008776,0.307948,0.156297,113.18457,0.001149,2.363673,0.000005,1,2.399535,0.000012,1,0.601056,0.600294,0.107352,0,PSF-01163_20250227091139_19a,PFA-00994,PSA-00994,PSF-01163,RHS-01998,3.0.0,2025-01-13T08:33:48.201Z
53,9:13:13,27/02/2025,K_lowfl_medbth,Karina Guo,,,356,High,0.035171,1.906347,0.034533,0.403405,2.506173,2.484097,3.657273,1.151099,24.444601,24.661842,35.989162,0.441786,7.5,PSF-01163_20250227091313_d7b,0,0,0,128.82579,551.94281,0.766596,0.5,0.8,13.971933,1,65.75,65.17,28.08,27.37,27.37,101.62,80,73.7,7.8,46,4.07,9:04:22,27/02/2025,-1.64,1,-0.001,-0.001,0.001,0.84,-0.743,0.818,1,75,0.001,2,0.058905,0,0.02923,0,0,-0.000068,standard,0,rectangular,7000,500,1,2,55537,55537,55537,0,-9999,0,0,0,0,2.462041,2.504848,1.075264,0.749319,0.241328,-0.005987,0.316081,0.146982,128.82579,0.001158,2.363673,0.000005,1,2.399535,0.000012,1,0.601056,0.600294,0.107352,0,PSF-01163_20250227091313_d7b,PFA-00994,PSA-00994,PSF-01163,RHS-01998,3.0.0,2025-01-13T08:33:48.201Z
54,9:14:03,27/02/2025,K_lowfl_medbth,Karina Guo,,,708,Mid,0.095623,1.898746,0.091038,0.98719,2.52256,2.468264,3.591382,1.068822,24.288443,24.822729,35.340248,0.441786,7.5,PSF-01163_20250227091403_ff9,0,0,0,149.410126,572.526428,0.739034,0.5,0.8,18.604277,1,65.97,64.55,28.13,27.06,27.06,101.62,79.6,79.4,0.3,63,4.068,9:04:22,27/02/2025,-1.64,1,-0.001,0,0,0.288,0.745,2.528,1,75,0.001,2,0.058905,0,0.02923,0,0,-0.000068,standard,0,rectangular,7000,500,1,2,55537,55537,55537,0,-9999,0,0,0,0,2.461211,2.505131,1.07244,0.76165,0.240798,-0.0102,0.320358,0.162089,149.410126,0.001133,2.363673,0.000005,1,2.399535,0.000012,1,0.601056,0.600294,0.107352,0,PSF-01163_20250227091403_ff9,PFA-00994,PSA-00994,PSF-01163,RHS-01998,3.0.0,2025-01-13T08:33:48.201Z
55,9:14:39,27/02/2025,K_lowfl_medbth,Karina Guo,,,708,Mid,0.107164,1.901052,0.101446,1.103406,2.52922,2.468628,3.60127,1.07205,24.290829,24.887039,35.435802,0.441786,7.5,PSF-01163_20250227091439_76e,0,0,0,121.577385,538.24176,0.774121,0.5,0.8,20.904535,1,66.02,64.44,28.16,27.1,27.1,101.63,79.7,79.5,0.3,68,4.068,9:04:22,27/02/2025,-1.64,1,0,0,0.003,0.37,0.76,1.112,1,75,0.001,2,0.058905,0,0.02923,0,0,-0.000068,standard,0,rectangular,7000,500,1,2,55537,55537,55537,0,-9999,0,0,0,0,2.46107,2.505205,1.073296,0.761854,0.240511,-0.010007,0.323338,0.16607,121.577385,0.001147,2.363673,0.000005,1,2.399535,0.000012,1,0.601056,0.600294,0.107352,0,PSF-01163_20250227091439_76e,PFA-00994,PSA-00994,PSF-01163,RHS-01998,3.0.0,2025-01-13T08:33:48.201Z
56,9:15:21,27/02/2025,K_lowfl_medbth,Karina Guo,,,708,Mid,0.092424,1.903777,0.088145,1.004683,2.51565,2.460577,3.638863,1.123213,24.213219,24.755156,35.808094,0.441786,7.5,PSF-01163_20250227091521_208,0,0,0,123.214249,545.698669,0.774208,0.5,0.8,21.467548,1,65.46,64.03,28.22,27.28,27.28,101.62,79.9,79.5,0.4,69,4.065,9:14:57,27/02/2025,-1.53,1,0.001,0,0.002,0.203,0.259,0.266,1,75,0.001,2,0.058905,0,0.02923,0,0,-0.000068,standard,0,rectangular,7000,500,1,2,55537,55537,55537,0,-9999,0,0,0,0,2.460517,2.504276,1.074308,0.761932,0.239992,-0.008593,0.326982,0.167644,123.214249,0.001141,2.363673,0.000005,1,2.399535,0.000012,1,0.601056,0.600294,0.107352,0,PSF-01163_20250227091521_208,PFA-00994,PSA-00994,PSF-01163,RHS-01998,3.0.0,2025-01-13T08:33:48.201Z
57,9:15:56,27/02/2025,K_lowfl_medbth,Karina Guo,,,85,Low,0.097843,1.906195,0.093066,0.974857,2.519109,2.465758,3.551847,1.032738,24.262766,24.787733,34.949753,0.441786,7.5,PSF-01163_20250227091556_e1a,0,0,0,147.005432,564.755188,0.739701,0.5,0.8,30.160732,1,65.47,64.08,28.24,26.87,26.87,101.63,80,79.2,1,102,4.066,9:14:57,27/02/2025,-1.53,1,-0.001,0.001,0.003,0.066,0.263,0.55,1,75,0.001,2,0.058905,0,0.02923,0,0,-0.000068,standard,0,rectangular,7000,500,1,2,55537,55537,55537,0,-9999,0,0,0,0,2.460585,2.504284,1.075208,0.761164,0.239789,-0.013585,0.329935,0.196011,147.005432,0.001143,2.363673,0.000005,1,2.399535,0.000012,1,0.601056,0.600294,0.107352,0,PSF-01163_20250227091556_e1a,PFA-00994,PSA-00994,PSF-01163,RHS-01998,3.0.0,2025-01-13T08:33:48.201Z
58,9:16:32,27/02/2025,K_lowfl_medbth,Karina Guo,,,85,Low,0.074633,1.900741,0.071814,0.801902,2.509739,2.465688,3.610347,1.100609,24.262846,24.696318,35.52652,0.441786,7.5,PSF-01163_20250227091632_6bf,0,0,0,149.251343,552.534363,0.729879,0.5,0.8,34.270359,1,65.16,64.01,28.26,27.15,27.15,101.62,79.7,79.5,0.3,117,4.063,9:14:57,27/02/2025,-1.53,1,0,0.001,0.004,-0.107,-0.033,-0.078,1,75,0.001,2,0.058905,0,0.02923,0,0,-0.000068,standard,0,rectangular,7000,500,1,2,55537,55537,55537,0,-9999,0,0,0,0,2.460488,2.503854,1.07318,0.761836,0.239612,-0.010601,0.332932,0.209447,149.251343,0.001151,2.363673,0.000005,1,2.399535,0.000012,1,0.601056,0.600294,0.107352,0,PSF-01163_20250227091632_6bf,PFA-00994,PSA-00994,PSF-01163,RHS-01998,3.0.0,2025-01-13T08:33:48.201Z
59,9:16:58,27/02/2025,K_lowfl_medbth,Karina Guo,,,85,Low,0.042445,1.899234,0.041517,0.505399,2.489295,2.461498,3.688791,1.199496,24.221378,24.494911,36.298069,0.441786,7.5,PSF-01163_20250227091658_06a,0,0,0,150.523422,568.158752,0.735068,0.5,0.8,33.002785,1,64.57,63.85,28.27,27.51,27.51,101.62,79.6,67.5,15.2,112,4.064,9:14:57,27/02/2025,-1.53,1,0.001,0.001,0.003,-0.291,-0.479,-1.29,1,75,0.001,2,0.058905,0,0.02923,0,0,-0.000068,standard,0,rectangular,7000,500,1,2,55537,55537,55537,0,-9999,0,0,0,0,2.460276,2.503061,1.072621,0.735947,0.239482,-0.006523,0.335055,0.204977,150.523422,0.001135,2.363673,0.000005,1,2.399535,0.000012,1,0.601056,0.600294,0.107352,0,PSF-01163_20250227091658_06a,PFA-00994,PSA-00994,PSF-01163,RHS-01998,3.0.0,2025-01-13T08:33:48.201Z
60,9:17:34,27/02/2025,K_lowfl_medbth,Karina Guo,,,261,Mid,0.060004,1.900061,0.058167,0.759916,2.508628,2.466861,3.795167,1.286539,24.273321,24.684294,37.343529,0.441786,7.5,PSF-01163_20250227091734_205,0,0,0,142.577652,557.224243,0.744129,0.5,0.8,34.900902,1,64.99,63.91,28.29,28,28,101.63,79.7,79.4,0.4,117,4.063,9:14:57,27/02/2025,-1.53,1,0.001,0.001,0.003,-0.165,-0.526,-1.407,1,75,0.001,2,0.058905,0,0.02923,0,0,-0.000068,standard,0,rectangular,7000,500,1,2,55537,55537,55537,0,-9999,0,0,0,0,2.460348,2.503626,1.072928,0.761594,0.239276,-0.001127,0.338095,0.209334,142.577652,0.001141,2.363673,0.000005,1,2.399535,0.000012,1,0.601056,0.600294,0.107352,0,PSF-01163_20250227091734_205,PFA-00994,PSA-00994,PSF-01163,RHS-01998,3.0.0,2025-01-13T08:33:48.201Z
61,9:18:05,27/02/2025,K_lowfl_medbth,Karina Guo,,,261,Mid,0.104457,1.903917,0.099025,1.066498,2.526914,2.468462,3.588509,1.061595,24.289431,24.864592,35.310585,0.441786,7.5,PSF-01163_20250227091805_676,0,0,0,139.660828,551.653137,0.746832,0.5,0.8,31.492413,1,65.39,63.88,28.31,27.04,27.04,101.63,79.9,79.4,0.5,105,4.063,9:14:57,27/02/2025,-1.53,1,0.001,0.001,0.003,0.205,0.297,0.454,1,75,0.001,2,0.058905,0,0.02923,0,0,-0.000068,standard,0,rectangular,7000,500,1,2,55537,55537,55537,0,-9999,0,0,0,0,2.460302,2.504164,1.07436,0.761767,0.239089,-0.012426,0.340623,0.199041,139.660828,0.001156,2.363673,0.000005,1,2.399535,0.000012,1,0.601056,0.600294,0.107352,0,PSF-01163_20250227091805_676,PFA-00994,PSA-00994,PSF-01163,RHS-01998,3.0.0,2025-01-13T08:33:48.201Z
62,9:18:34,27/02/2025,K_lowfl_medbth,Karina Guo,,,261,Mid,0.058962,1.909016,0.057196,0.663193,2.502149,2.465914,3.645007,1.142857,24.262035,24.618549,35.863079,0.441786,7.5,PSF-01163_20250227091834_c95,0,0,0,136.280182,556.942078,0.755306,0.5,0.8,31.017426,1,64.69,63.75,28.33,27.31,27.31,101.64,80.2,79.6,0.7,103,4.062,9:14:57,27/02/2025,-1.53,1,0.001,0,0.002,0.211,0.341,0.609,1,75,0.001,2,0.058905,0,0.02923,0,0,-0.000068,standard,0,rectangular,7000,500,1,2,55537,55537,55537,0,-9999,0,0,0,0,2.46013,2.503204,1.076259,0.762062,0.238929,-0.009552,0.343049,0.196645,136.280182,0.001138,2.363673,0.000005,1,2.399535,0.000012,1,0.601056,0.600294,0.107352,0,PSF-01163_20250227091834_c95,PFA-00994,PSA-00994,PSF-01163,RHS-01998,3.0.0,2025-01-13T08:33:48.201Z
63,9:19:47,27/02/2025,K_lowfl_medbth,Karina Guo,,,502,High,0.008453,1.90285,0.008416,0.106177,2.47949,2.473663,3.722636,1.243146,24.339113,24.396444,36.628132,0.441786,7.5,PSF-01163_20250227091947_977,0,0,0,120.003105,502.727875,0.761296,0.5,0.8,19.457333,1,63.93,63.78,28.37,27.67,27.67,101.63,79.8,79.4,0.5,64,4.059,9:14:57,27/02/2025,-1.53,1,0.001,0,0.003,-0.009,0.188,0.105,1,75,0.001,2,0.058905,0,0.02923,0,0,-0.000068,standard,0,rectangular,7000,500,1,2,55537,55537,55537,0,-9999,0,0,0,0,2.460161,2.50217,1.073964,0.761768,0.238498,-0.005914,0.349169,0.162925,120.003105,0.001157,2.363673,0.000005,1,2.399535,0.000012,1,0.601056,0.600294,0.107352,0,PSF-01163_20250227091947_977,PFA-00994,PSA-00994,PSF-01163,RHS-01998,3.0.0,2025-01-13T08:33:48.201Z
64,9:20:51,27/02/2025,K_lowfl_medbth,Karina Guo,,,502,High,0.002784,1.904473,0.002779,0.03747,2.488279,2.486225,3.815913,1.327634,24.462593,24.482801,37.545723,0.441786,7.5,PSF-01163_20250227092051_135,0,0,0,119.458076,488.852631,0.755636,0.5,0.8,17.079567,1,63.99,63.94,28.42,28.1,28.1,101.63,79.9,73.2,8.4,57,4.058,9:14:57,27/02/2025,-1.53,1,0,0.001,-9999,0.053,0.679,-9999,1,75,0.001,2,0.058905,0,0.02923,0,0,-0.000068,standard,0,rectangular,7000,500,1,2,55537,55537,55537,0,-9999,0,0,0,0,2.460356,2.50224,1.074567,0.748152,0.238071,-0.00151,0.354425,0.156499,119.458076,0.001144,2.363673,0.000005,1,2.399535,0.000012,1,0.601056,0.600294,0.107352,0,PSF-01163_20250227092051_135,PFA-00994,PSA-00994,PSF-01163,RHS-01998,3.0.0,2025-01-13T08:33:48.201Z
65,9:21:33,27/02/2025,K_lowfl_medbth,Karina Guo,,,502,High,0.003143,1.905043,0.003138,0.039747,2.486814,2.484636,3.734833,1.248019,24.445576,24.467005,36.74588,0.441786,7.5,PSF-01163_20250227092133_482,0,0,0,115.136864,468.502533,0.754245,0.5,0.8,17.201832,1,63.84,63.78,28.45,27.73,27.73,101.64,79.9,79.4,0.6,57,4.057,9:14:57,27/02/2025,-1.53,1,-0.001,-0.001,0.002,0.128,0.116,0.356,1,75,0.001,2,0.058905,0,0.02923,0,0,-0.000068,standard,0,rectangular,7000,500,1,2,55537,55537,55537,0,-9999,0,0,0,0,2.460147,2.502028,1.074779,0.761753,0.237781,-0.006142,0.357812,0.156942,115.136864,0.001138,2.363673,0.000005,1,2.399535,0.000012,1,0.601056,0.600294,0.107352,0,PSF-01163_20250227092133_482,PFA-00994,PSA-00994,PSF-01163,RHS-01998,3.0.0,2025-01-13T08:33:48.201Z
66,9:22:25,27/02/2025,K_lowfl_medbth,Karina Guo,,,32,Mid,0.036227,1.907334,0.035552,0.404785,2.480207,2.458059,3.602852,1.122645,24.183258,24.401155,35.44614,0.441786,7.5,PSF-01163_20250227092225_7dd,0,0,0,172.277206,575.51123,0.700654,0.5,0.8,16.155214,1,63.55,62.99,28.48,27.11,27.11,101.64,80.1,79.4,0.8,58,4.055,9:14:57,27/02/2025,-1.53,1,0.001,0.001,0.004,-0.005,-0.139,0.064,1,75,0.001,2,0.058905,0,0.02923,0,0,-0.000068,standard,0,rectangular,7000,500,1,2,55537,55537,55537,0,-9999,0,0,0,0,2.459097,2.501636,1.075632,0.761733,0.237489,-0.013598,0.361983,0.157488,172.277206,0.001138,2.363673,0.000005,1,2.399535,0.000012,1,0.601056,0.600294,0.107352,0,PSF-01163_20250227092225_7dd,PFA-00994,PSA-00994,PSF-01163,RHS-01998,3.0.0,2025-01-13T08:33:48.201Z
67,9:22:50,27/02/2025,K_lowfl_medbth,Karina Guo,,,32,Mid,0.011451,1.904521,0.011383,0.141003,2.467356,2.459625,3.688329,1.220972,24.198671,24.274729,36.287086,0.441786,7.5,PSF-01163_20250227092250_6dd,0,0,0,171.505447,586.250427,0.707454,0.5,0.8,14.942945,1,63.18,62.98,28.49,27.51,27.51,101.64,79.9,79.4,0.6,53,4.055,9:14:57,27/02/2025,-1.53,1,0.001,0.001,0.002,-0.069,0.017,0.082,1,75,0.001,2,0.058905,0,0.02923,0,0,-0.000068,standard,0,rectangular,7000,500,1,2,55537,55537,55537,0,-9999,0,0,0,0,2.459087,2.501123,1.074585,0.761726,0.23737,-0.009127,0.364025,0.15328,171.505447,0.001141,2.363673,0.000005,1,2.399535,0.000012,1,0.601056,0.600294,0.107352,0,PSF-01163_20250227092250_6dd,PFA-00994,PSA-00994,PSF-01163,RHS-01998,3.0.0,2025-01-13T08:33:48.201Z
68,9:23:29,27/02/2025,K_lowfl_medbth,Karina Guo,,,32,Mid,0.036167,1.90075,0.035492,0.447437,2.48155,2.456959,3.723832,1.242282,24.172318,24.414251,36.636204,0.441786,7.5,PSF-01163_20250227092329_920,0,0,0,178.785324,593.484497,0.698753,0.5,0.8,15.543429,1,63.48,62.85,28.51,27.68,27.68,101.64,79.7,79.3,0.5,56,4.054,9:14:57,27/02/2025,-1.53,1,0,0,0.001,0.44,0.89,2.088,1,75,0.001,2,0.058905,0,0.02923,0,0,-0.000068,standard,0,rectangular,7000,500,1,2,55537,55537,55537,0,-9999,0,0,0,0,2.45891,2.501526,1.073184,0.761454,0.237205,-0.007434,0.367058,0.15572,178.785324,0.001146,2.363673,0.000005,1,2.399535,0.000012,1,0.601056,0.600294,0.107352,0,PSF-01163_20250227092329_920,PFA-00994,PSA-00994,PSF-01163,RHS-01998,3.0.0,2025-01-13T08:33:48.201Z
69,9:24:02,27/02/2025,K_lowfl_medbth,Karina Guo,,,32,Mid,0.023757,1.904048,0.023464,0.287135,2.485457,2.469712,3.691494,1.206037,24.298151,24.453053,36.318592,0.441786,7.5,PSF-01163_20250227092402_072,0,0,0,167.733551,583.733459,0.712654,0.5,0.8,14.005493,1,63.53,63.12,28.52,27.53,27.53,101.64,79.9,79.3,0.8,49,4.054,9:14:57,27/02/2025,-1.53,1,0.001,0.001,-9999,-0.083,-0.184,-9999,1,75,0.001,2,0.058905,0,0.02923,0,0,-0.000068,standard,0,rectangular,7000,500,1,2,55537,55537,55537,0,-9999,0,0,0,0,2.45927,2.501592,1.074409,0.761337,0.237079,-0.009315,0.369761,0.150084,167.733551,0.001118,2.363673,0.000005,1,2.399535,0.000012,1,0.601056,0.600294,0.107352,0,PSF-01163_20250227092402_072,PFA-00994,PSA-00994,PSF-01163,RHS-01998,3.0.0,2025-01-13T08:33:48.201Z
70,9:24:31,27/02/2025,K_lowfl_medbth,Karina Guo,,,620,Low,0.124381,1.90241,0.116748,1.213456,2.528365,2.461777,3.553284,1.024919,24.218288,24.873369,34.956234,0.441786,7.5,PSF-01163_20250227092431_834,0,0,0,159.299606,639.112488,0.750749,0.5,0.8,15.389079,1,64.59,62.88,28.53,26.88,26.88,101.65,79.8,79.2,0.7,51,4.053,9:14:57,27/02/2025,-1.53,1,0.001,0,0.003,-0.136,-0.073,-0.196,1,75,0.001,2,0.058905,0,0.02923,0,0,-0.000068,standard,0,rectangular,7000,500,1,2,55537,55537,55537,0,-9999,0,0,0,0,2.458954,2.503029,1.0738,0.76133,0.236984,-0.016928,0.372072,0.151923,159.299606,0.001139,2.363673,0.000005,1,2.399535,0.000012,1,0.601056,0.600294,0.107352,0,PSF-01163_20250227092431_834,PFA-00994,PSA-00994,PSF-01163,RHS-01998,3.0.0,2025-01-13T08:33:48.201Z
71,9:25:37,27/02/2025,K_lowfl_medbth,Karina Guo,,,620,Low,0.071019,1.904232,0.068465,0.808142,2.514446,2.470148,3.677746,1.163299,24.300522,24.736315,36.180481,0.441786,7.5,PSF-01163_20250227092537_d25,0,0,0,154.584641,649.254456,0.761904,0.5,0.8,15.907976,1,64.08,62.95,28.57,27.46,27.46,101.65,79.9,79.3,0.7,52,4.052,9:14:57,27/02/2025,-1.53,1,0.001,0,0.002,0.24,0.474,0.958,1,75,0.001,2,0.058905,0,0.02923,0,0,-0.000068,standard,0,rectangular,7000,500,1,2,55537,55537,55537,0,-9999,0,0,0,0,2.459034,2.502336,1.074477,0.761446,0.236609,-0.010631,0.377465,0.152751,154.584641,0.001166,2.363673,0.000005,1,2.399535,0.000012,1,0.601056,0.600294,0.107352,0,PSF-01163_20250227092537_d25,PFA-00994,PSA-00994,PSF-01163,RHS-01998,3.0.0,2025-01-13T08:33:48.201Z
72,9:27:09,27/02/2025,K_lowfl_medbth,Karina Guo,,,620,Low,0.107547,1.901497,0.101789,1.040494,2.525743,2.468608,3.533856,1.008113,24.285011,24.84708,34.764427,0.441786,7.5,PSF-01163_20250227092709_651,0,0,0,147.689575,620.158569,0.761852,0.5,0.8,15.704389,1,64.1,62.65,28.65,26.78,26.78,101.65,79.8,79.4,0.4,52,4.05,9:26:51,27/02/2025,-1.45,1,0.001,0.001,0.004,0.081,-0.005,0.307,1,75,0.001,2,0.058905,0,0.02923,0,0,-0.000068,standard,0,rectangular,7000,500,1,2,55537,55537,55537,0,-9999,0,0,0,0,2.458622,2.502242,1.073461,0.761762,0.235931,-0.019295,0.384737,0.152174,147.689575,0.001141,2.363673,0.000005,1,2.399535,0.000012,1,0.601056,0.600294,0.107352,0,PSF-01163_20250227092709_651,PFA-00994,PSA-00994,PSF-01163,RHS-01998,3.0.0,2025-01-13T08:33:48.201Z
73,9:27:35,27/02/2025,K_lowfl_medbth,Karina Guo,,,15,Low,0.075981,1.898145,0.073057,0.821676,2.514956,2.469728,3.623742,1.108786,24.295429,24.740355,35.6478,0.441786,7.5,PSF-01163_20250227092735_b5a,0,0,0,129.798172,548.110474,0.76319,0.5,0.8,16.071384,1,63.76,62.61,28.67,27.21,27.21,101.65,79.6,79.3,0.3,53,4.049,9:26:51,27/02/2025,-1.45,1,0.001,0,0.003,0.076,0.045,0.185,1,75,0.001,2,0.058905,0,0.02923,0,0,-0.000068,standard,0,rectangular,7000,500,1,2,55537,55537,55537,0,-9999,0,0,0,0,2.458572,2.501779,1.072218,0.761495,0.235767,-0.014584,0.386806,0.153141,129.798172,0.001139,2.363673,0.000005,1,2.399535,0.000012,1,0.601056,0.600294,0.107352,0,PSF-01163_20250227092735_b5a,PFA-00994,PSA-00994,PSF-01163,RHS-01998,3.0.0,2025-01-13T08:33:48.201Z
74,9:28:09,27/02/2025,K_lowfl_medbth,Karina Guo,,,15,Low,0.063288,1.902085,0.06125,0.681243,2.507618,2.470218,3.604219,1.096601,24.301092,24.669018,35.45697,0.441786,7.5,PSF-01163_20250227092809_368,0,0,0,133.050446,547.849426,0.75714,0.5,0.8,15.594568,1,63.52,62.58,28.68,27.12,27.12,101.65,79.8,79.4,0.5,51,4.048,9:26:51,27/02/2025,-1.45,1,0.001,0,0.003,-0.358,-0.303,0.282,1,75,0.001,2,0.058905,0,0.02923,0,0,-0.000068,standard,0,rectangular,7000,500,1,2,55537,55537,55537,0,-9999,0,0,0,0,2.458522,2.501457,1.073679,0.761694,0.235643,-0.015797,0.389435,0.152137,133.050446,0.00114,2.363673,0.000005,1,2.399535,0.000012,1,0.601056,0.600294,0.107352,0,PSF-01163_20250227092809_368,PFA-00994,PSA-00994,PSF-01163,RHS-01998,3.0.0,2025-01-13T08:33:48.201Z
75,9:28:29,27/02/2025,K_lowfl_medbth,Karina Guo,,,15,Low,0.043874,1.899398,0.042883,0.475338,2.494216,2.468068,3.5873,1.093084,24.278923,24.536148,35.289051,0.441786,7.5,PSF-01163_20250227092829_aba,0,0,0,136.737579,552.075867,0.752321,0.5,0.8,14.722445,1,63.16,62.5,28.68,27.04,27.04,101.65,79.6,79.6,0.1,49,4.047,9:26:51,27/02/2025,-1.45,1,0.001,0,0.004,0.166,-0.028,0.35,1,75,0.001,2,0.058905,0,0.02923,0,0,-0.000068,standard,0,rectangular,7000,500,1,2,55537,55537,55537,0,-9999,0,0,0,0,2.458422,2.500965,1.072682,0.762064,0.235588,-0.016787,0.390921,0.149903,136.737579,0.001147,2.363673,0.000005,1,2.399535,0.000012,1,0.601056,0.600294,0.107352,0,PSF-01163_20250227092829_aba,PFA-00994,PSA-00994,PSF-01163,RHS-01998,3.0.0,2025-01-13T08:33:48.201Z
76,9:29:01,27/02/2025,K_lowfl_medbth,Karina Guo,,,414,Mid,0.036385,1.90465,0.035703,0.483737,2.501802,2.475288,3.836223,1.334421,24.34935,24.610167,37.736835,0.441786,7.5,PSF-01163_20250227092901_ffa,0,0,0,116.752983,469.61795,0.751387,0.5,0.8,14.609632,1,63.32,62.65,28.69,28.19,28.19,101.66,79.9,79.7,0.3,49,4.047,9:26:51,27/02/2025,-1.45,1,0.001,0,0.003,0.149,0.025,0.041,1,75,0.001,2,0.058905,0,0.02923,0,0,-0.000068,standard,0,rectangular,7000,500,1,2,55537,55537,55537,0,-9999,0,0,0,0,2.458614,2.501176,1.074633,0.762279,0.235498,-0.003619,0.393457,0.14963,116.752983,0.001131,2.363673,0.000005,1,2.399535,0.000012,1,0.601056,0.600294,0.107352,0,PSF-01163_20250227092901_ffa,PFA-00994,PSA-00994,PSF-01163,RHS-01998,3.0.0,2025-01-13T08:33:48.201Z
77,9:29:44,27/02/2025,K_lowfl_medbth,Karina Guo,,,414,Mid,0.048323,1.905587,0.047128,0.604925,2.501029,2.467893,3.765725,1.264696,24.275587,24.601542,37.041801,0.441786,7.5,PSF-01163_20250227092944_137,0,0,0,136.556625,478.822937,0.714808,0.5,0.8,13.747319,1,63.24,62.41,28.71,27.87,27.87,101.66,80,79.8,0.2,48,4.047,9:26:51,27/02/2025,-1.45,1,0,0,0,-0.77,-0.62,2.688,1,75,0.001,2,0.058905,0,0.02923,0,0,-0.000068,standard,0,rectangular,7000,500,1,2,55537,55537,55537,0,-9999,0,0,0,0,2.458293,2.501071,1.074981,0.76255,0.235356,-0.007496,0.39678,0.14917,136.556625,0.001144,2.363673,0.000005,1,2.399535,0.000012,1,0.601056,0.600294,0.107352,0,PSF-01163_20250227092944_137,PFA-00994,PSA-00994,PSF-01163,RHS-01998,3.0.0,2025-01-13T08:33:48.201Z
78,9:30:06,27/02/2025,K_lowfl_medbth,Karina Guo,,,414,Mid,0.080979,1.911292,0.077688,0.943825,2.515996,2.464508,3.713109,1.197113,24.244854,24.751377,36.528107,0.441786,7.5,PSF-01163_20250227093006_ee5,0,0,0,116.178276,501.861694,0.768505,0.5,0.8,15.156334,1,63.6,62.3,28.72,27.63,27.63,101.65,80.3,79.4,1.1,49,4.046,9:26:51,27/02/2025,-1.45,1,0,0,0.002,0.209,0.495,0.95,1,75,0.001,2,0.058905,0,0.02923,0,0,-0.000068,standard,0,rectangular,7000,500,1,2,55537,55537,55537,0,-9999,0,0,0,0,2.45815,2.501553,1.077109,0.761687,0.235298,-0.01036,0.398456,0.150235,116.178276,0.00112,2.363673,0.000005,1,2.399535,0.000012,1,0.601056,0.600294,0.107352,0,PSF-01163_20250227093006_ee5,PFA-00994,PSA-00994,PSF-01163,RHS-01998,3.0.0,2025-01-13T08:33:48.201Z
79,9:30:25,27/02/2025,K_lowfl_medbth,Karina Guo,,,580,High,0.028399,1.905632,0.027982,0.352419,2.495971,2.476668,3.736992,1.241021,24.364119,24.554018,36.762512,0.441786,7.5,PSF-01163_20250227093025_fb6,0,0,0,132.71106,450.65976,0.705518,0.5,0.8,13.768832,1,63.08,62.59,28.72,27.74,27.74,101.65,80,79.4,0.7,49,4.045,9:26:51,27/02/2025,-1.45,1,0,0,-9999,0.196,-0.006,-9999,1,75,0.001,2,0.058905,0,0.02923,0,0,-0.000068,standard,0,rectangular,7000,500,1,2,55537,55537,55537,0,-9999,0,0,0,0,2.458533,2.500844,1.074998,0.761768,0.235261,-0.009136,0.399867,0.149787,132.71106,0.001141,2.363673,0.000005,1,2.399535,0.000012,1,0.601056,0.600294,0.107352,0,PSF-01163_20250227093025_fb6,PFA-00994,PSA-00994,PSF-01163,RHS-01998,3.0.0,2025-01-13T08:33:48.201Z
80,9:31:01,27/02/2025,K_lowfl_medbth,Karina Guo,,,580,High,0.028453,1.910532,0.028036,0.359946,2.484398,2.464745,3.749499,1.265101,24.246416,24.439751,36.884914,0.441786,7.5,PSF-01163_20250227093101_e4a,0,0,0,129.017822,450.499542,0.713612,0.5,0.8,12.727729,1,62.74,62.25,28.73,27.79,27.79,101.65,80.2,79.6,0.8,45,4.019,9:26:51,27/02/2025,-1.45,1,0,0,0.002,-0.024,0.091,0.635,1,75,0.001,2,0.058905,0,0.02923,0,0,-0.000068,standard,0,rectangular,7000,500,1,2,55537,55537,55537,0,-9999,0,0,0,0,2.458078,2.500385,1.076825,0.762057,0.235148,-0.008613,0.402631,0.146134,129.017822,0.001147,2.363673,0.000005,1,2.399535,0.000012,1,0.601056,0.600294,0.107352,0,PSF-01163_20250227093101_e4a,PFA-00994,PSA-00994,PSF-01163,RHS-01998,3.0.0,2025-01-13T08:33:48.201Z
81,9:31:22,27/02/2025,K_lowfl_medbth,Karina Guo,,,580,High,0.017556,1.904353,0.017396,0.242675,2.475002,2.461696,3.848917,1.373915,24.21743,24.348335,37.864498,0.441786,7.5,PSF-01163_20250227093122_297,0,0,0,143.589737,500.764832,0.713259,0.5,0.8,13.142357,1,62.48,62.14,28.74,28.24,28.24,101.65,79.9,79.4,0.7,46,4.044,9:26:51,27/02/2025,-1.45,1,0.001,0.001,0.003,0.104,0.159,0.346,1,75,0.001,2,0.058905,0,0.02923,0,0,-0.000068,standard,0,rectangular,7000,500,1,2,55537,55537,55537,0,-9999,0,0,0,0,2.457938,2.500021,1.074522,0.761594,0.235073,-0.003486,0.404235,0.147417,143.589737,0.001147,2.363673,0.000005,1,2.399535,0.000012,1,0.601056,0.600294,0.107352,0,PSF-01163_20250227093122_297,PFA-00994,PSA-00994,PSF-01163,RHS-01998,3.0.0,2025-01-13T08:33:48.201Z
82,9:32:18,27/02/2025,K_lowfl_medbth,Karina Guo,,,660,High,0.014559,1.901448,0.014448,0.200746,2.473308,2.462278,3.841823,1.368515,24.222683,24.331186,37.793964,0.441786,7.5,PSF-01163_20250227093218_067,0,0,0,104.935165,380.51535,0.724229,0.5,0.8,12.74247,1,62.36,62.08,28.76,28.21,28.21,101.65,79.7,79.1,0.8,44,4.043,9:26:51,27/02/2025,-1.45,1,0,0,0.004,0.317,0.431,0.972,1,75,0.001,2,0.058905,0,0.02923,0,0,-0.000068,standard,0,rectangular,7000,500,1,2,55537,55537,55537,0,-9999,0,0,0,0,2.457861,2.499863,1.073443,0.760967,0.234892,-0.004081,0.408562,0.145609,104.935165,0.001155,2.363673,0.000005,1,2.399535,0.000012,1,0.601056,0.600294,0.107352,0,PSF-01163_20250227093218_067,PFA-00994,PSA-00994,PSF-01163,RHS-01998,3.0.0,2025-01-13T08:33:48.201Z
83,9:32:45,27/02/2025,K_lowfl_medbth,Karina Guo,,,660,High,0.011411,1.901525,0.011343,0.150823,2.485455,2.477169,3.795346,1.309892,24.368336,24.449842,37.335472,0.441786,7.5,PSF-01163_20250227093245_4c6,0,0,0,112.914917,442.600952,0.744883,0.5,0.8,12.625132,1,62.63,62.42,28.77,28,28,101.66,79.8,79.5,0.3,42,4.043,9:26:51,27/02/2025,-1.45,1,0.001,0,-9999,0.339,0.879,-9999,1,75,0.001,2,0.058905,0,0.02923,0,0,-0.000068,standard,0,rectangular,7000,500,1,2,55537,55537,55537,0,-9999,0,0,0,0,2.458295,2.500219,1.073472,0.7619,0.234782,-0.006649,0.410655,0.144206,112.914917,0.001149,2.363673,0.000005,1,2.399535,0.000012,1,0.601056,0.600294,0.107352,0,PSF-01163_20250227093245_4c6,PFA-00994,PSA-00994,PSF-01163,RHS-01998,3.0.0,2025-01-13T08:33:48.201Z
84,9:33:03,27/02/2025,K_lowfl_medbth,Karina Guo,,,660,High,0.01024,1.904762,0.010185,0.133304,2.483338,2.476031,3.772855,1.289517,24.357738,24.429619,37.115131,0.441786,7.5,PSF-01163_20250227093303_e38,0,0,0,117.541908,457.444672,0.743047,0.5,0.8,12.431219,1,62.54,62.36,28.78,27.9,27.9,101.65,79.9,79.5,0.5,42,4.042,9:26:51,27/02/2025,-1.45,1,0.001,0.001,-9999,0.243,0.163,-9999,1,75,0.001,2,0.058905,0,0.02923,0,0,-0.000068,standard,0,rectangular,7000,500,1,2,55537,55537,55537,0,-9999,0,0,0,0,2.458215,2.500103,1.074674,0.761964,0.234702,-0.007934,0.411965,0.14373,117.541908,0.001136,2.363673,0.000005,1,2.399535,0.000012,1,0.601056,0.600294,0.107352,0,PSF-01163_20250227093303_e38,PFA-00994,PSA-00994,PSF-01163,RHS-01998,3.0.0,2025-01-13T08:33:48.201Z
85,9:34:00,27/02/2025,K_lowfl_medbth,Karina Guo,,,709,Mid,0.090614,1.904358,0.086499,1.001805,2.500343,2.445425,3.642076,1.141733,24.05695,24.597208,35.829041,0.441786,7.5,PSF-01163_20250227093400_2b2,0,0,0,122.201447,521.196106,0.765537,0.5,0.8,13.002887,1,62.91,61.53,28.79,27.3,27.3,101.65,79.9,79.2,0.8,42,4.041,9:26:51,27/02/2025,-1.45,1,-0.001,0,0.002,0.134,0.243,0.403,1,75,0.001,2,0.058905,0,0.02923,0,0,-0.000068,standard,0,rectangular,7000,500,1,2,55537,55537,55537,0,-9999,0,0,0,0,2.45713,2.500607,1.074524,0.761299,0.234561,-0.015089,0.416255,0.144285,122.201447,0.001129,2.363673,0.000005,1,2.399535,0.000012,1,0.601056,0.600294,0.107352,0,PSF-01163_20250227093400_2b2,PFA-00994,PSA-00994,PSF-01163,RHS-01998,3.0.0,2025-01-13T08:33:48.201Z
86,9:34:42,27/02/2025,K_lowfl_medbth,Karina Guo,,,709,Mid,0.079174,1.901859,0.07601,0.835561,2.503216,2.457333,3.58723,1.084014,24.172962,24.624319,35.287846,0.441786,7.5,PSF-01163_20250227093442_e82,0,0,0,136.460068,597.341919,0.771554,0.5,0.8,13.486691,1,62.96,61.8,28.8,27.04,27.04,101.66,79.8,79.4,0.5,44,4.04,9:26:51,27/02/2025,-1.45,1,0,0.001,0.002,-0.002,0.096,0.042,1,75,0.001,2,0.058905,0,0.02923,0,0,-0.000068,standard,0,rectangular,7000,500,1,2,55537,55537,55537,0,-9999,0,0,0,0,2.457483,2.500664,1.073595,0.761604,0.234486,-0.01816,0.419441,0.14536,136.460068,0.001142,2.363673,0.000005,1,2.399535,0.000012,1,0.601056,0.600294,0.107352,0,PSF-01163_20250227093442_e82,PFA-00994,PSA-00994,PSF-01163,RHS-01998,3.0.0,2025-01-13T08:33:48.201Z
87,9:35:23,27/02/2025,K_lowfl_medbth,Karina Guo,,,709,Mid,0.083142,1.898957,0.079655,0.906561,2.491939,2.442052,3.614183,1.122244,24.022053,24.512787,35.552113,0.441786,7.5,PSF-01163_20250227093523_7c8,0,0,0,141.296265,517.392395,0.726907,0.5,0.8,12.5977,1,62.66,61.4,28.81,27.17,27.17,101.66,79.6,79.3,0.4,43,4.038,9:26:51,27/02/2025,-1.45,1,0.001,0,-0.002,0.362,0.777,1.9,1,75,0.001,2,0.058905,0,0.02923,0,0,-0.000068,standard,0,rectangular,7000,500,1,2,55537,55537,55537,0,-9999,0,0,0,0,2.45696,2.500257,1.072518,0.761352,0.234449,-0.016739,0.422458,0.145035,141.296265,0.001152,2.363673,0.000005,1,2.399535,0.000012,1,0.601056,0.600294,0.107352,0,PSF-01163_20250227093523_7c8,PFA-00994,PSA-00994,PSF-01163,RHS-01998,3.0.0,2025-01-13T08:33:48.201Z
88,9:36:34,27/02/2025,K_lowfl_medbth,Karina Guo,,,338,Mid,0.069559,1.902505,0.067106,0.848685,2.503748,2.457164,3.749871,1.246123,24.170824,24.629068,36.887032,0.441786,7.5,PSF-01163_20250227093634_9f9,0,0,0,116.427902,483.229645,0.759063,0.5,0.8,16.400717,1,62.95,61.78,28.81,27.8,27.8,101.66,79.8,72.6,9.1,54,4.037,9:26:51,27/02/2025,-1.45,1,0.001,0.001,0.002,0.157,0.66,0.594,1,75,0.001,2,0.058905,0,0.02923,0,0,-0.000068,standard,0,rectangular,7000,500,1,2,55537,55537,55537,0,-9999,0,0,0,0,2.457456,2.500659,1.073835,0.746816,0.234446,-0.009467,0.427859,0.154333,116.427902,0.001151,2.363673,0.000005,1,2.399535,0.000012,1,0.601056,0.600294,0.107352,0,PSF-01163_20250227093634_9f9,PFA-00994,PSA-00994,PSF-01163,RHS-01998,3.0.0,2025-01-13T08:33:48.201Z
89,9:37:38,27/02/2025,K_lowfl_medbth,Karina Guo,,,338,Mid,0.064954,1.903206,0.062811,0.81011,2.484403,2.439946,3.755384,1.270981,24.000217,24.437511,36.939354,0.441786,7.5,PSF-01163_20250227093738_5b5,0,0,0,112.252594,469.337219,0.760827,0.5,0.8,9.941416,1,62.47,61.35,28.81,27.82,27.82,101.66,79.8,65.1,18.5,33,4.034,9:26:51,27/02/2025,-1.45,1,0,0,-9999,0.085,0.185,-9999,1,75,0.001,2,0.058905,0,0.02923,0,0,-0.000068,standard,0,rectangular,7000,500,1,2,55537,55537,55537,0,-9999,0,0,0,0,2.456888,2.499997,1.074096,0.730718,0.234444,-0.009178,0.432701,0.135764,112.252594,0.001128,2.363673,0.000005,1,2.399535,0.000012,1,0.601056,0.600294,0.107352,0,PSF-01163_20250227093738_5b5,PFA-00994,PSA-00994,PSF-01163,RHS-01998,3.0.0,2025-01-13T08:33:48.201Z
90,9:39:00,27/02/2025,K_lowfl_medbth,Karina Guo,,,338,Mid,0.075702,1.904484,0.072808,0.943721,2.478793,2.427046,3.756131,1.277339,23.873264,24.382267,36.946613,0.441786,7.5,PSF-01163_20250227093900_1ae,0,0,0,136.141418,463.11377,0.70603,0.5,0.8,8.968076,1,62.25,60.95,28.83,27.82,27.82,101.66,79.9,73.2,8.4,32,4.033,9:38:19,27/02/2025,-1.39,1,0,0,0.001,0.245,0.692,2.613,1,75,0.001,2,0.058905,0,0.02923,0,0,-0.000068,standard,0,rectangular,7000,500,1,2,55537,55537,55537,0,-9999,0,0,0,0,2.456367,2.499623,1.074571,0.748239,0.234259,-0.009368,0.438801,0.134971,136.141418,0.001148,2.363673,0.000005,1,2.399535,0.000012,1,0.601056,0.600294,0.107352,0,PSF-01163_20250227093900_1ae,PFA-00994,PSA-00994,PSF-01163,RHS-01998,3.0.0,2025-01-13T08:33:48.201Z
91,9:39:38,27/02/2025,K_lowfl_medbth,Karina Guo,,,657,High,0.131334,1.899737,0.122841,1.392495,2.49386,2.417273,3.611652,1.117792,23.777836,24.531199,35.526512,0.441786,7.5,PSF-01163_20250227093938_498,0,0,0,99.640129,432.896362,0.769829,0.5,0.8,11.449031,1,62.67,60.75,28.82,27.15,27.15,101.66,79.7,70.6,11.4,37,4.032,9:38:19,27/02/2025,-1.39,1,0.001,0,0.003,0.039,0.183,0.19,1,75,0.001,2,0.058905,0,0.02923,0,0,-0.000068,standard,0,rectangular,7000,500,1,2,55537,55537,55537,0,-9999,0,0,0,0,2.456097,2.500193,1.072808,0.742472,0.23436,-0.016987,0.44152,0.13969,99.640129,0.001154,2.363673,0.000005,1,2.399535,0.000012,1,0.601056,0.600294,0.107352,0,PSF-01163_20250227093938_498,PFA-00994,PSA-00994,PSF-01163,RHS-01998,3.0.0,2025-01-13T08:33:48.201Z
92,9:40:28,27/02/2025,K_lowfl_medbth,Karina Guo,,,657,High,0.113135,1.904477,0.106791,1.22912,2.48778,2.42039,3.622711,1.134932,23.807968,24.470846,35.63451,0.441786,7.5,PSF-01163_20250227094028_e65,0,0,0,112.747551,443.293335,0.745659,0.5,0.8,11.522005,1,62.6,60.9,28.79,27.21,27.21,101.66,79.9,77.3,3.3,39,4.031,9:38:19,27/02/2025,-1.39,1,-0.001,0,0.002,0.342,0.754,1.854,1,75,0.001,2,0.058905,0,0.02923,0,0,-0.000068,standard,0,rectangular,7000,500,1,2,55537,55537,55537,0,-9999,0,0,0,0,2.456306,2.500098,1.074568,0.75704,0.234565,-0.016132,0.445113,0.140951,112.747551,0.001149,2.363673,0.000005,1,2.399535,0.000012,1,0.601056,0.600294,0.107352,0,PSF-01163_20250227094028_e65,PFA-00994,PSA-00994,PSF-01163,RHS-01998,3.0.0,2025-01-13T08:33:48.201Z
93,9:41:01,27/02/2025,K_lowfl_medbth,Karina Guo,,,657,High,0.086951,1.904245,0.083154,1.013887,2.467126,2.411513,3.669347,1.202222,23.719313,24.266314,36.091202,0.441786,7.5,PSF-01163_20250227094101_ae3,0,0,0,80.831764,338.151093,0.76096,0.5,0.8,11.84341,1,62.14,60.74,28.78,27.42,27.42,101.67,79.9,67.5,15.5,39,4.03,9:38:19,27/02/2025,-1.39,1,0,0.001,0.002,0.053,0.106,0.357,1,75,0.001,2,0.058905,0,0.02923,0,0,-0.000068,standard,0,rectangular,7000,500,1,2,55537,55537,55537,0,-9999,0,0,0,0,2.456091,2.499474,1.074482,0.735838,0.234715,-0.013427,0.447515,0.141194,80.831764,0.001123,2.363673,0.000005,1,2.399535,0.000012,1,0.601056,0.600294,0.107352,0,PSF-01163_20250227094101_ae3,PFA-00994,PSA-00994,PSF-01163,RHS-01998,3.0.0,2025-01-13T08:33:48.201Z
94,9:41:51,27/02/2025,K_lowfl_medbth,Karina Guo,,,657,High,0.109281,1.904858,0.103352,1.18728,2.472324,2.407235,3.605285,1.132961,23.678692,24.318939,35.463268,0.441786,7.5,PSF-01163_20250227094151_b9e,0,0,0,95.523117,410.192383,0.767126,0.5,0.8,11.071952,1,62.37,60.72,28.75,27.12,27.12,101.66,79.9,77.5,3.1,36,4.029,9:38:19,27/02/2025,-1.39,1,0.002,0.001,0.002,0.082,0.132,0.277,1,75,0.001,2,0.058905,0,0.02923,0,0,-0.000068,standard,0,rectangular,7000,500,1,2,55537,55537,55537,0,-9999,0,0,0,0,2.45608,2.49979,1.07471,0.757405,0.234967,-0.016579,0.451196,0.138735,95.523117,0.001115,2.363673,0.000005,1,2.399535,0.000012,1,0.601056,0.600294,0.107352,0,PSF-01163_20250227094151_b9e,PFA-00994,PSA-00994,PSF-01163,RHS-01998,3.0.0,2025-01-13T08:33:48.201Z
95,9:43:03,27/02/2025,K_lowfl_medbth,Karina Guo,,,129,High,0.079845,1.899544,0.076624,0.79753,2.437796,2.3939,3.465214,1.027419,23.547403,23.979181,34.085308,0.441786,7.5,PSF-01163_20250227094303_2f9,0,0,0,168.013931,594.117188,0.717204,0.5,0.8,10.94418,1,61.64,60.53,28.71,26.45,26.45,101.66,79.6,79.3,0.4,38,4.028,9:38:19,27/02/2025,-1.39,1,0.001,0,0.007,-0.063,0.164,1.767,1,75,0.001,2,0.058905,0,0.02923,0,0,-0.000068,standard,0,rectangular,7000,500,1,2,55537,55537,55537,0,-9999,0,0,0,0,2.455828,2.498804,1.072736,0.761485,0.235334,-0.023843,0.456354,0.140532,168.013931,0.001136,2.363673,0.000005,1,2.399535,0.000012,1,0.601056,0.600294,0.107352,0,PSF-01163_20250227094303_2f9,PFA-00994,PSA-00994,PSF-01163,RHS-01998,3.0.0,2025-01-13T08:33:48.201Z
96,9:43:28,27/02/2025,K_lowfl_medbth,Karina Guo,,,129,High,0.023121,1.901642,0.022843,0.286278,2.413474,2.397735,3.649615,1.236141,23.584143,23.738949,35.897648,0.441786,7.5,PSF-01163_20250227094328_829,0,0,0,157.327652,580.555176,0.729005,0.5,0.8,12.002295,1,61.07,60.67,28.7,27.33,27.33,101.67,79.8,79.2,0.7,41,4.028,9:38:19,27/02/2025,-1.39,1,0.001,-0.001,-0.001,0.14,0.325,0.581,1,75,0.001,2,0.058905,0,0.02923,0,0,-0.000068,standard,0,rectangular,7000,500,1,2,55537,55537,55537,0,-9999,0,0,0,0,2.456022,2.498036,1.073515,0.761247,0.235462,-0.013562,0.458086,0.143151,157.327652,0.001136,2.363673,0.000005,1,2.399535,0.000012,1,0.601056,0.600294,0.107352,0,PSF-01163_20250227094328_829,PFA-00994,PSA-00994,PSF-01163,RHS-01998,3.0.0,2025-01-13T08:33:48.201Z
97,9:44:20,27/02/2025,K_lowfl_medbth,Karina Guo,,,129,High,0.051065,1.899706,0.049728,0.604296,2.431503,2.398242,3.630155,1.198652,23.588608,23.915754,35.705448,0.441786,7.5,PSF-01163_20250227094420_58a,0,0,0,168.155548,590.383911,0.715176,0.5,0.8,12.103032,1,61.63,60.78,28.67,27.24,27.24,101.67,79.7,79.4,0.3,42,4.027,9:38:19,27/02/2025,-1.39,1,0,0,0.003,0.104,0.418,0.983,1,75,0.001,2,0.058905,0,0.02923,0,0,-0.000068,standard,0,rectangular,7000,500,1,2,55537,55537,55537,0,-9999,0,0,0,0,2.456172,2.498796,1.072796,0.76173,0.23572,-0.014294,0.461871,0.144149,168.155548,0.00114,2.363673,0.000005,1,2.399535,0.000012,1,0.601056,0.600294,0.107352,0,PSF-01163_20250227094420_58a,PFA-00994,PSA-00994,PSF-01163,RHS-01998,3.0.0,2025-01-13T08:33:48.201Z
98,9:45:51,27/02/2025,K_lowfl_medbth,Karina Guo,,,462,Low,0.074727,1.903939,0.071905,0.845066,2.451649,2.405276,3.610984,1.159335,23.656101,24.112188,35.514351,0.441786,7.5,PSF-01163_20250227094551_d48,0,0,0,121.181488,536.800476,0.774252,0.5,0.8,13.535505,1,62.23,61.06,28.64,27.15,27.15,101.68,79.9,79.4,0.6,44,4.024,9:38:19,27/02/2025,-1.39,1,0,0.001,0.004,0.156,0.449,0.845,1,75,0.001,2,0.058905,0,0.02923,0,0,-0.000068,standard,0,rectangular,7000,500,1,2,55537,55537,55537,0,-9999,0,0,0,0,2.456537,2.499629,1.074368,0.761679,0.235974,-0.01502,0.468603,0.145365,121.181488,0.001143,2.363673,0.000005,1,2.399535,0.000012,1,0.601056,0.600294,0.107352,0,PSF-01163_20250227094551_d48,PFA-00994,PSA-00994,PSF-01163,RHS-01998,3.0.0,2025-01-13T08:33:48.201Z
99,9:47:32,27/02/2025,K_lowfl_medbth,Karina Guo,,,462,Low,0.082116,1.905328,0.078723,0.983457,2.440967,2.38704,3.673086,1.232119,23.474964,24.005299,36.122379,0.441786,7.5,PSF-01163_20250227094732_cc4,0,0,0,149.294617,540.729065,0.723901,0.5,0.8,25.985611,1,62.02,60.65,28.63,27.44,27.44,101.68,80,79.6,0.5,90,4.022,9:38:19,27/02/2025,-1.39,1,-0.001,0,0,-0.44,-0.156,3.68,1,75,0.001,2,0.058905,0,0.02923,0,0,-0.000068,standard,0,rectangular,7000,500,1,2,55537,55537,55537,0,-9999,0,0,0,0,2.456006,2.49934,1.074885,0.762066,0.236121,-0.011484,0.475767,0.185405,149.294617,0.001138,2.363673,0.000005,1,2.399535,0.000012,1,0.601056,0.600294,0.107352,0,PSF-01163_20250227094732_cc4,PFA-00994,PSA-00994,PSF-01163,RHS-01998,3.0.0,2025-01-13T08:33:48.201Z
100,9:48:04,27/02/2025,K_lowfl_medbth,Karina Guo,,,462,Low,0.065483,1.906591,0.063308,0.797308,2.433138,2.389453,3.675268,1.24213,23.499104,23.928722,36.144466,0.441786,7.5,PSF-01163_20250227094804_de4,0,0,0,132.271164,538.354065,0.754304,0.5,0.8,28.264017,1,61.83,60.72,28.62,27.45,27.45,101.68,80,79.2,1,94,4.021,9:38:19,27/02/2025,-1.39,1,0,0,0.002,0.381,0.814,1.621,1,75,0.001,2,0.058905,0,0.02923,0,0,-0.000068,standard,0,rectangular,7000,500,1,2,55537,55537,55537,0,-9999,0,0,0,0,2.456104,2.499088,1.075355,0.761288,0.236155,-0.011324,0.478014,0.188827,132.271164,0.001132,2.363673,0.000005,1,2.399535,0.000012,1,0.601056,0.600294,0.107352,0,PSF-01163_20250227094804_de4,PFA-00994,PSA-00994,PSF-01163,RHS-01998,3.0.0,2025-01-13T08:33:48.201Z
101,9:52:34,27/02/2025,K_lowfl_medbth,Karina Guo,,,39,Mid,0.092656,1.905645,0.088359,1.070649,2.434895,2.376192,3.630339,1.195445,23.366726,23.943993,35.699619,0.441786,7.5,PSF-01163_20250227095234_9df,0,0,0,122.609856,555.225464,0.779171,0.5,0.8,20.753967,1,61.78,60.29,28.65,27.24,27.24,101.69,80,69.9,12.6,67,4.016,9:48:56,27/02/2025,-1.37,1,-0.001,0,-9999,-0.099,0.214,-9999,1,75,0.001,2,0.058905,0,0.02923,0,0,-0.000068,standard,0,rectangular,7000,500,1,2,55537,55537,55537,0,-9999,0,0,0,0,2.455535,2.498991,1.075003,0.74111,0.235908,-0.014052,0.497458,0.165269,122.609856,0.001145,2.363673,0.000005,1,2.399535,0.000012,1,0.601056,0.600294,0.107352,0,PSF-01163_20250227095234_9df,PFA-00994,PSA-00994,PSF-01163,RHS-01998,3.0.0,2025-01-13T08:33:48.201Z
102,9:53:52,27/02/2025,K_lowfl_medbth,Karina Guo,,,39,Mid,0.104392,1.903408,0.098965,1.206784,2.438509,2.372247,3.641404,1.202895,23.329201,23.980831,35.810364,0.441786,7.5,PSF-01163_20250227095352_f80,0,0,0,105.205536,521.092041,0.798106,0.5,0.8,17.318327,1,61.8,60.12,28.67,27.29,27.29,101.69,79.9,67.5,15.5,54,4.014,9:48:56,27/02/2025,-1.37,1,0,0.001,0.003,0.058,0.143,0.114,1,75,0.001,2,0.058905,0,0.02923,0,0,-0.000068,standard,0,rectangular,7000,500,1,2,55537,55537,55537,0,-9999,0,0,0,0,2.455299,2.499004,1.074171,0.735924,0.235703,-0.013707,0.502962,0.154535,105.205536,0.001141,2.363673,0.000005,1,2.399535,0.000012,1,0.601056,0.600294,0.107352,0,PSF-01163_20250227095352_f80,PFA-00994,PSA-00994,PSF-01163,RHS-01998,3.0.0,2025-01-13T08:33:48.201Z
103,9:55:01,27/02/2025,K_lowfl_medbth,Karina Guo,,,39,Mid,0.083591,1.907599,0.080082,1.033511,2.41664,2.360039,3.689599,1.272959,23.208405,23.765011,36.283169,0.441786,7.5,PSF-01163_20250227095501_1c8,0,0,0,134.215958,569.932556,0.764506,0.5,0.8,22.791515,1,61.2,59.77,28.68,27.52,27.52,101.69,80.1,71.6,10.7,75,4.012,9:48:56,27/02/2025,-1.37,1,0.001,0,0.001,0.165,0.564,2.353,1,75,0.001,2,0.058905,0,0.02923,0,0,-0.000068,standard,0,rectangular,7000,500,1,2,55537,55537,55537,0,-9999,0,0,0,0,2.454843,2.498197,1.075731,0.744592,0.235604,-0.011238,0.507544,0.172175,134.215958,0.00114,2.363673,0.000005,1,2.399535,0.000012,1,0.601056,0.600294,0.107352,0,PSF-01163_20250227095501_1c8,PFA-00994,PSA-00994,PSF-01163,RHS-01998,3.0.0,2025-01-13T08:33:48.201Z
104,9:55:33,27/02/2025,K_lowfl_medbth,Karina Guo,,,207,High,0.044357,1.902022,0.043346,0.607614,2.392514,2.359101,3.774798,1.382285,23.198154,23.526711,37.11937,0.441786,7.5,PSF-01163_20250227095533_023,0,0,0,164.222366,485.184784,0.661526,0.5,0.8,22.751873,1,60.57,59.72,28.69,27.91,27.91,101.69,79.8,79.3,0.7,86,4.012,9:48:56,27/02/2025,-1.37,1,0,0,0.003,0.278,0.499,0.574,1,75,0.001,2,0.058905,0,0.02923,0,0,-0.000068,standard,0,rectangular,7000,500,1,2,55537,55537,55537,0,-9999,0,0,0,0,2.454781,2.497334,1.073656,0.761354,0.235544,-0.006785,0.509693,0.182136,164.222366,0.001137,2.363673,0.000005,1,2.399535,0.000012,1,0.601056,0.600294,0.107352,0,PSF-01163_20250227095533_023,PFA-00994,PSA-00994,PSF-01163,RHS-01998,3.0.0,2025-01-13T08:33:48.201Z
105,9:56:36,27/02/2025,K_lowfl_medbth,Karina Guo,,,207,High,0.073201,1.900436,0.070486,0.925163,2.411847,2.360929,3.706481,1.294634,23.216063,23.716772,36.447483,0.441786,7.5,PSF-01163_20250227095636_dcc,0,0,0,138.136261,557.135254,0.75206,0.5,0.8,10.686524,1,61.01,59.72,28.7,27.6,27.6,101.69,79.7,77.5,2.7,36,4.011,9:48:56,27/02/2025,-1.37,1,0,0.001,0.002,0.004,-0.12,-0.185,1,75,0.001,2,0.058905,0,0.02923,0,0,-0.000068,standard,0,rectangular,7000,500,1,2,55537,55537,55537,0,-9999,0,0,0,0,2.454771,2.497925,1.073067,0.757548,0.235404,-0.010583,0.513971,0.138249,138.136261,0.001152,2.363673,0.000005,1,2.399535,0.000012,1,0.601056,0.600294,0.107352,0,PSF-01163_20250227095636_dcc,PFA-00994,PSA-00994,PSF-01163,RHS-01998,3.0.0,2025-01-13T08:33:48.201Z
106,9:56:58,27/02/2025,K_lowfl_medbth,Karina Guo,,,207,High,0.051664,1.905741,0.050301,0.695082,2.39598,2.357859,3.758609,1.362629,23.18759,23.562481,36.962807,0.441786,7.5,PSF-01163_20250227095658_e45,0,0,0,139.709824,520.0224,0.731339,0.5,0.8,21.511896,1,60.59,59.63,28.71,27.84,27.84,101.69,80,79.4,0.7,74,4.01,9:48:56,27/02/2025,-1.37,1,0,0,0.002,0.497,0.848,1.397,1,75,0.001,2,0.058905,0,0.02923,0,0,-0.000068,standard,0,rectangular,7000,500,1,2,55537,55537,55537,0,-9999,0,0,0,0,2.454648,2.497357,1.075039,0.761711,0.235363,-0.007863,0.515398,0.17131,139.709824,0.001125,2.363673,0.000005,1,2.399535,0.000012,1,0.601056,0.600294,0.107352,0,PSF-01163_20250227095658_e45,PFA-00994,PSA-00994,PSF-01163,RHS-01998,3.0.0,2025-01-13T08:33:48.201Z
107,9:57:59,27/02/2025,K_lowfl_medbth,Karina Guo,,,638,Mid,0.065666,1.900658,0.063473,0.886987,2.392494,2.343674,3.770541,1.378047,23.046278,23.526346,37.077229,0.441786,7.5,PSF-01163_20250227095759_661,0,0,0,173.197388,575.008423,0.698792,0.5,0.8,29.22723,1,60.47,59.23,28.72,27.89,27.89,101.69,79.7,79.3,0.5,105,4.009,9:48:56,27/02/2025,-1.37,1,0,0,0,-0.1,0.238,2.068,1,75,0.001,2,0.058905,0,0.02923,0,0,-0.000068,standard,0,rectangular,7000,500,1,2,55537,55537,55537,0,-9999,0,0,0,0,2.454131,2.497188,1.07315,0.761446,0.235271,-0.007347,0.519476,0.198296,173.197388,0.001154,2.363673,0.000005,1,2.399535,0.000012,1,0.601056,0.600294,0.107352,0,PSF-01163_20250227095759_661,PFA-00994,PSA-00994,PSF-01163,RHS-01998,3.0.0,2025-01-13T08:33:48.201Z
108,9:58:55,27/02/2025,K_lowfl_medbth,Karina Guo,,,638,Mid,0.084464,1.898992,0.080867,1.06148,2.409031,2.350551,3.703745,1.294714,23.114414,23.68948,36.4212,0.441786,7.5,PSF-01163_20250227095855_2bb,0,0,0,170.392517,599.230896,0.715648,0.5,0.8,29.072775,1,60.84,59.36,28.73,27.58,27.58,101.69,79.6,79.3,0.4,102,4.007,9:48:56,27/02/2025,-1.37,1,0,0.001,0.002,0.219,0.399,0.636,1,75,0.001,2,0.058905,0,0.02923,0,0,-0.000068,standard,0,rectangular,7000,500,1,2,55537,55537,55537,0,-9999,0,0,0,0,2.454296,2.49769,1.072531,0.761499,0.235147,-0.011047,0.523219,0.195685,170.392517,0.001141,2.363673,0.000005,1,2.399535,0.000012,1,0.601056,0.600294,0.107352,0,PSF-01163_20250227095855_2bb,PFA-00994,PSA-00994,PSF-01163,RHS-01998,3.0.0,2025-01-13T08:33:48.201Z
109,9:59:36,27/02/2025,K_lowfl_medbth,Karina Guo,,,638,Mid,0.060415,1.902727,0.058555,0.804722,2.393987,2.349758,3.749345,1.355358,23.106157,23.541084,36.868885,0.441786,7.5,PSF-01163_20250227095936_cc7,0,0,0,153.249985,597.76355,0.743628,0.5,0.8,29.354511,1,60.34,59.23,28.77,27.79,27.79,101.69,79.8,77.3,3.2,99,4.005,9:59:11,27/02/2025,-1.38,1,-0.001,-0.001,0.002,0.489,0.853,1.188,1,75,0.001,2,0.058905,0,0.02923,0,0,-0.000068,standard,0,rectangular,7000,500,1,2,55537,55537,55537,0,-9999,0,0,0,0,2.45411,2.497018,1.073918,0.75696,0.234832,-0.009014,0.526031,0.193185,153.249985,0.001132,2.363673,0.000005,1,2.399535,0.000012,1,0.601056,0.600294,0.107352,0,PSF-01163_20250227095936_cc7,PFA-00994,PSA-00994,PSF-01163,RHS-01998,3.0.0,2025-01-13T08:33:48.201Z
110,10:00:10,27/02/2025,K_lowfl_medbth,Karina Guo,,,60,High,0.018643,1.90486,0.018462,0.263828,2.361372,2.346887,3.770769,1.409398,23.078161,23.220591,37.079926,0.441786,7.5,PSF-01163_20250227100010_7a5,0,0,0,138.35907,489.15802,0.717149,0.5,0.8,28.819275,1,59.48,59.12,28.78,27.89,27.89,101.69,79.9,79.3,0.7,100,4.005,9:59:11,27/02/2025,-1.38,1,0,0.001,-9999,-0.306,-0.668,-9999,1,75,0.001,2,0.058905,0,0.02923,0,0,-0.000068,standard,0,rectangular,7000,500,1,2,55537,55537,55537,0,-9999,0,0,0,0,2.453963,2.495845,1.074711,0.761551,0.23473,-0.008009,0.528287,0.194732,138.35907,0.001132,2.363673,0.000005,1,2.399535,0.000012,1,0.601056,0.600294,0.107352,0,PSF-01163_20250227100010_7a5,PFA-00994,PSA-00994,PSF-01163,RHS-01998,3.0.0,2025-01-13T08:33:48.201Z
111,10:00:50,27/02/2025,K_lowfl_medbth,Karina Guo,,,60,High,0.017119,1.900774,0.016966,0.243989,2.374402,2.36097,3.792596,1.418194,23.215332,23.347401,37.29245,0.441786,7.5,PSF-01163_20250227100050_efc,0,0,0,120.632172,391.942627,0.69222,0.5,0.8,27.000265,1,59.77,59.43,28.79,27.99,27.99,101.7,79.7,79.3,0.5,98,4.004,9:59:11,27/02/2025,-1.38,1,0.001,0,0.002,0.015,0.209,0.461,1,75,0.001,2,0.058905,0,0.02923,0,0,-0.000068,standard,0,rectangular,7000,500,1,2,55537,55537,55537,0,-9999,0,0,0,0,2.454376,2.496237,1.073193,0.761472,0.234625,-0.006989,0.530995,0.192165,120.632172,0.001126,2.363673,0.000005,1,2.399535,0.000012,1,0.601056,0.600294,0.107352,0,PSF-01163_20250227100050_efc,PFA-00994,PSA-00994,PSF-01163,RHS-01998,3.0.0,2025-01-13T08:33:48.201Z
112,10:01:19,27/02/2025,K_lowfl_medbth,Karina Guo,,,60,High,0.018791,1.909193,0.018608,0.273226,2.362931,2.347975,3.810809,1.447878,23.088461,23.235529,37.473019,0.441786,7.5,PSF-01163_20250227100119_ed8,0,0,0,120.771645,416.634308,0.710126,0.5,0.8,28.611099,1,59.45,59.08,28.8,28.07,28.07,101.69,80.2,79.4,1,101,4.003,9:59:11,27/02/2025,-1.38,1,0,0,0.002,0.108,0.18,0.144,1,75,0.001,2,0.058905,0,0.02923,0,0,-0.000068,standard,0,rectangular,7000,500,1,2,55537,55537,55537,0,-9999,0,0,0,0,2.453907,2.495803,1.076325,0.7616,0.234548,-0.00613,0.532864,0.194958,120.771645,0.00116,2.363673,0.000005,1,2.399535,0.000012,1,0.601056,0.600294,0.107352,0,PSF-01163_20250227100119_ed8,PFA-00994,PSA-00994,PSF-01163,RHS-01998,3.0.0,2025-01-13T08:33:48.201Z
113,10:02:12,27/02/2025,K_lowfl_medbth,Karina Guo,,,169,Low,0.053523,1.902866,0.052059,0.703165,2.3701,2.331445,3.702731,1.332631,22.92524,23.305332,36.409168,0.441786,7.5,PSF-01163_20250227100212_785,0,0,0,133.922699,463.176025,0.71086,0.5,0.8,29.213938,1,59.58,58.61,28.81,27.58,27.58,101.7,79.8,79.5,0.4,103,4.002,9:59:11,27/02/2025,-1.38,1,0.001,0,0.002,-0.164,-0.384,-0.979,1,75,0.001,2,0.058905,0,0.02923,0,0,-0.000068,standard,0,rectangular,7000,500,1,2,55537,55537,55537,0,-9999,0,0,0,0,2.453291,2.495975,1.073969,0.761872,0.234408,-0.012021,0.536255,0.196712,133.922699,0.001133,2.363673,0.000005,1,2.399535,0.000012,1,0.601056,0.600294,0.107352,0,PSF-01163_20250227100212_785,PFA-00994,PSA-00994,PSF-01163,RHS-01998,3.0.0,2025-01-13T08:33:48.201Z
114,10:02:39,27/02/2025,K_lowfl_medbth,Karina Guo,,,169,Low,0.066434,1.900674,0.06419,0.847945,2.385297,2.33862,3.688643,1.303346,22.994995,23.453962,36.269402,0.441786,7.5,PSF-01163_20250227100239_411,0,0,0,134.804962,484.460236,0.721742,0.5,0.8,29.996735,1,59.94,58.77,28.82,27.51,27.51,101.7,79.7,79.4,0.4,104,3.98,9:59:11,27/02/2025,-1.38,1,0,0,0.002,-0.145,-0.204,-0.186,1,75,0.001,2,0.058905,0,0.02923,0,0,-0.000068,standard,0,rectangular,7000,500,1,2,55537,55537,55537,0,-9999,0,0,0,0,2.453499,2.496465,1.073155,0.761614,0.234351,-0.012846,0.538028,0.197723,134.804962,0.001135,2.363673,0.000005,1,2.399535,0.000012,1,0.601056,0.600294,0.107352,0,PSF-01163_20250227100239_411,PFA-00994,PSA-00994,PSF-01163,RHS-01998,3.0.0,2025-01-13T08:33:48.201Z
115,10:03:16,27/02/2025,K_lowfl_medbth,Karina Guo,,,169,Low,0.064988,1.90294,0.062842,0.850046,2.385925,2.339204,3.720328,1.334403,23.00034,23.459732,36.580322,0.441786,7.5,PSF-01163_20250227100316_27e,0,0,0,138.41629,471.805206,0.706624,0.5,0.8,30.848598,1,59.92,58.75,28.83,27.66,27.66,101.7,79.8,79.5,0.4,109,4.001,9:59:11,27/02/2025,-1.38,1,0,0,0.002,0.001,0.207,0.538,1,75,0.001,2,0.058905,0,0.02923,0,0,-0.000068,standard,0,rectangular,7000,500,1,2,55537,55537,55537,0,-9999,0,0,0,0,2.453473,2.496438,1.073997,0.76195,0.23426,-0.011268,0.540432,0.202278,138.41629,0.001144,2.363673,0.000005,1,2.399535,0.000012,1,0.601056,0.600294,0.107352,0,PSF-01163_20250227100316_27e,PFA-00994,PSA-00994,PSF-01163,RHS-01998,3.0.0,2025-01-13T08:33:48.201Z
116,10:03:47,27/02/2025,K_lowfl_medbth,Karina Guo,,,732,High,0.017585,1.908932,0.017425,0.252704,2.35437,2.340533,3.784667,1.430297,23.015566,23.151625,37.216408,0.441786,7.5,PSF-01163_20250227100347_f33,0,0,0,166.286942,601.111633,0.723368,0.5,0.8,29.028625,1,59.09,58.74,28.84,27.95,27.95,101.69,80.2,77.1,3.8,100,4,9:59:11,27/02/2025,-1.38,1,0,0.001,0.003,-0.183,-0.473,-1.04,1,75,0.001,2,0.058905,0,0.02923,0,0,-0.000068,standard,0,rectangular,7000,500,1,2,55537,55537,55537,0,-9999,0,0,0,0,2.453462,2.495302,1.076228,0.75662,0.234152,-0.007997,0.542461,0.19461,166.286942,0.001153,2.363673,0.000005,1,2.399535,0.000012,1,0.601056,0.600294,0.107352,0,PSF-01163_20250227100347_f33,PFA-00994,PSA-00994,PSF-01163,RHS-01998,3.0.0,2025-01-13T08:33:48.201Z
117,10:04:37,27/02/2025,K_lowfl_medbth,Karina Guo,,,732,High,0.030672,1.90323,0.030186,0.463287,2.359967,2.334503,3.873007,1.513039,22.955021,23.205412,38.083035,0.441786,7.5,PSF-01163_20250227100437_f57,0,0,0,209.853531,632.855042,0.668402,0.5,0.8,27.000952,1,59.16,58.52,28.86,28.35,28.35,101.7,79.8,79.5,0.4,101,4,9:59:11,27/02/2025,-1.38,1,0,0,0,0.425,0.57,2.454,1,75,0.001,2,0.058905,0,0.02923,0,0,-0.000068,standard,0,rectangular,7000,500,1,2,55537,55537,55537,0,-9999,0,0,0,0,2.453162,2.495388,1.074105,0.761945,0.23395,-0.003637,0.545758,0.195189,209.853531,0.001128,2.363673,0.000005,1,2.399535,0.000012,1,0.601056,0.600294,0.107352,0,PSF-01163_20250227100437_f57,PFA-00994,PSA-00994,PSF-01163,RHS-01998,3.0.0,2025-01-13T08:33:48.201Z
118,10:05:06,27/02/2025,K_lowfl_medbth,Karina Guo,,,732,High,0.017224,1.905041,0.01707,0.258428,2.353199,2.339011,3.846,1.492801,22.998785,23.138296,37.816555,0.441786,7.5,PSF-01163_20250227100506_2e1,0,0,0,141.852737,575.823425,0.753652,0.5,0.8,30.86286,1,58.94,58.58,28.87,28.23,28.23,101.7,79.9,79.2,0.9,102,4,9:59:11,27/02/2025,-1.38,1,0.001,0.001,0.004,-0.247,-0.706,-1.261,1,75,0.001,2,0.058905,0,0.02923,0,0,-0.000068,standard,0,rectangular,7000,500,1,2,55537,55537,55537,0,-9999,0,0,0,0,2.453244,2.495087,1.074778,0.761209,0.233817,-0.005205,0.547639,0.196395,141.852737,0.001163,2.363673,0.000005,1,2.399535,0.000012,1,0.601056,0.600294,0.107352,0,PSF-01163_20250227100506_2e1,PFA-00994,PSA-00994,PSF-01163,RHS-01998,3.0.0,2025-01-13T08:33:48.201Z
119,10:06:04,27/02/2025,K_lowfl_medbth,Karina Guo,,,692,Low,0.087152,1.905605,0.08334,1.103294,2.396422,2.335897,3.702443,1.306021,22.967829,23.562946,36.404461,0.441786,7.5,PSF-01163_20250227100604_8b8,0,0,0,155.634995,565.865662,0.724961,0.5,0.8,31.281643,1,59.91,58.39,28.91,27.58,27.58,101.7,80,76.6,4.2,108,3.997,9:59:11,27/02/2025,-1.38,1,0.001,-0.001,0.002,-0.016,-0.013,0.04,1,75,0.001,2,0.058905,0,0.02923,0,0,-0.000068,standard,0,rectangular,7000,500,1,2,55537,55537,55537,0,-9999,0,0,0,0,2.45299,2.496402,1.074988,0.755587,0.233517,-0.013151,0.551329,0.201175,155.634995,0.001134,2.363673,0.000005,1,2.399535,0.000012,1,0.601056,0.600294,0.107352,0,PSF-01163_20250227100604_8b8,PFA-00994,PSA-00994,PSF-01163,RHS-01998,3.0.0,2025-01-13T08:33:48.201Z
120,10:07:18,27/02/2025,K_lowfl_medbth,Karina Guo,,,692,Low,0.098739,1.902089,0.093867,1.210959,2.405252,2.338661,3.678175,1.272924,22.993088,23.647783,36.162827,0.441786,7.5,PSF-01163_20250227100718_289,0,0,0,151.20256,543.888,0.721997,0.5,0.8,32.088764,1,60,58.34,28.94,27.47,27.47,101.71,79.8,79.6,0.2,111,3.997,9:59:11,27/02/2025,-1.38,1,0.001,0,0.002,0.25,0.223,0.402,1,75,0.001,2,0.058905,0,0.02923,0,0,-0.000068,standard,0,rectangular,7000,500,1,2,55537,55537,55537,0,-9999,0,0,0,0,2.45291,2.496522,1.073681,0.762101,0.233178,-0.014876,0.556103,0.203991,151.20256,0.001147,2.363673,0.000005,1,2.399535,0.000012,1,0.601056,0.600294,0.107352,0,PSF-01163_20250227100718_289,PFA-00994,PSA-00994,PSF-01163,RHS-01998,3.0.0,2025-01-13T08:33:48.201Z
121,10:08:01,27/02/2025,K_lowfl_medbth,Karina Guo,,,692,Low,0.108885,1.906548,0.103002,1.319152,2.41175,2.339436,3.67536,1.263611,23.001209,23.712196,36.135948,0.441786,7.5,PSF-01163_20250227100801_077,0,0,0,156.374939,582.240723,0.731426,0.5,0.8,32.824333,1,60.09,58.29,28.96,27.45,27.45,101.71,80,79.4,0.7,112,3.995,9:59:11,27/02/2025,-1.38,1,0.001,0,0.003,-0.036,-0.121,-0.5,1,75,0.001,2,0.058905,0,0.02923,0,0,-0.000068,standard,0,rectangular,7000,500,1,2,55537,55537,55537,0,-9999,0,0,0,0,2.452841,2.496642,1.075339,0.761724,0.23299,-0.015262,0.558821,0.204932,156.374939,0.001116,2.363673,0.000005,1,2.399535,0.000012,1,0.601056,0.600294,0.107352,0,PSF-01163_20250227100801_077,PFA-00994,PSA-00994,PSF-01163,RHS-01998,3.0.0,2025-01-13T08:33:48.201Z
122,10:08:42,27/02/2025,K_lowfl_medbth,Karina Guo,,,351,High,0.015908,1.903969,0.015776,0.236521,2.355734,2.342738,3.834299,1.478565,23.032545,23.160318,37.696774,0.441786,7.5,PSF-01163_20250227100842_28c,0,0,0,147.691727,575.717224,0.743465,0.5,0.8,35.857048,1,58.62,58.3,28.99,28.18,28.18,101.71,79.9,76,4.9,121,3.994,9:59:11,27/02/2025,-1.38,1,0,0,0.003,-0.061,-0.239,-0.663,1,75,0.001,2,0.058905,0,0.02923,0,0,-0.000068,standard,0,rectangular,7000,500,1,2,55537,55537,55537,0,-9999,0,0,0,0,2.452847,2.494634,1.07438,0.754201,0.232785,-0.007111,0.561454,0.212222,147.691727,0.001126,2.363673,0.000005,1,2.399535,0.000012,1,0.601056,0.600294,0.107352,0,PSF-01163_20250227100842_28c,PFA-00994,PSA-00994,PSF-01163,RHS-01998,3.0.0,2025-01-13T08:33:48.201Z
123,10:09:13,27/02/2025,K_lowfl_medbth,Karina Guo,,,351,High,0.012543,1.902625,0.012461,0.18681,2.349905,2.33963,3.828465,1.47856,23.001932,23.102949,37.63932,0.441786,7.5,PSF-01163_20250227100913_51f,0,0,0,155.841705,582.399109,0.732414,0.5,0.8,32.22398,1,58.41,58.15,29.01,28.15,28.15,101.71,79.8,79.4,0.5,110,3.993,9:59:11,27/02/2025,-1.38,1,-0.001,0.001,0.003,0.018,-0.003,-0.409,1,75,0.001,2,0.058905,0,0.02923,0,0,-0.000068,standard,0,rectangular,7000,500,1,2,55537,55537,55537,0,-9999,0,0,0,0,2.452651,2.494339,1.07388,0.761633,0.232598,-0.007651,0.563366,0.203018,155.841705,0.001147,2.363673,0.000005,1,2.399535,0.000012,1,0.601056,0.600294,0.107352,0,PSF-01163_20250227100913_51f,PFA-00994,PSA-00994,PSF-01163,RHS-01998,3.0.0,2025-01-13T08:33:48.201Z
124,10:11:08,27/02/2025,K_lowfl_medbth,Karina Guo,,,351,High,0.006081,1.903557,0.006062,0.097415,2.377312,2.371959,3.960974,1.583663,23.319942,23.372572,38.942368,0.441786,7.5,PSF-01163_20250227101108_118,0,0,0,146.14212,554.924744,0.736645,0.5,0.8,35.906029,1,58.69,58.56,29.12,28.74,28.74,101.71,79.9,79.3,0.7,122,3.991,10:09:49,27/02/2025,-1.35,1,0,0,-9999,0.133,0.365,-9999,1,75,0.001,2,0.058905,0,0.02923,0,0,-0.000068,standard,0,rectangular,7000,500,1,2,55537,55537,55537,0,-9999,0,0,0,0,2.453167,2.494668,1.074226,0.761379,0.231537,-0.002153,0.570761,0.213337,146.14212,0.001139,2.363673,0.000005,1,2.399535,0.000012,1,0.601056,0.600294,0.107352,0,PSF-01163_20250227101108_118,PFA-00994,PSA-00994,PSF-01163,RHS-01998,3.0.0,2025-01-13T08:33:48.201Z
125,10:11:33,27/02/2025,K_lowfl_medbth,Karina Guo,,,557,Mid,0.01962,1.90135,0.01942,0.292745,2.38108,2.36497,3.867225,1.486145,23.25169,23.410078,38.021416,0.441786,7.5,PSF-01163_20250227101133_87b,0,0,0,118.157028,464.629059,0.745696,0.5,0.8,35.544346,1,58.72,58.33,29.14,28.32,28.32,101.71,79.7,79.7,0.1,119,3.99,10:09:49,27/02/2025,-1.35,1,0,0.001,0.002,0.118,0.19,-0.052,1,75,0.001,2,0.058905,0,0.02923,0,0,-0.000068,standard,0,rectangular,7000,500,1,2,55537,55537,55537,0,-9999,0,0,0,0,2.452855,2.494706,1.073406,0.762218,0.231368,-0.007189,0.572205,0.210996,118.157028,0.001147,2.363673,0.000005,1,2.399535,0.000012,1,0.601056,0.600294,0.107352,0,PSF-01163_20250227101133_87b,PFA-00994,PSA-00994,PSF-01163,RHS-01998,3.0.0,2025-01-13T08:33:48.201Z
126,10:12:20,27/02/2025,K_lowfl_medbth,Karina Guo,,,557,Mid,0.051797,1.905698,0.050427,0.739019,2.431749,2.391221,3.876118,1.44437,23.510128,23.908588,38.109417,0.441786,7.5,PSF-01163_20250227101220_431,0,0,0,124.845032,486.887817,0.743586,0.5,0.8,33.330898,1,59.83,58.84,29.18,28.36,28.36,101.71,80,79.4,0.7,112,3.99,10:09:49,27/02/2025,-1.35,1,0,0.001,0.002,-0.07,-0.264,-0.828,1,75,0.001,2,0.058905,0,0.02923,0,0,-0.000068,standard,0,rectangular,7000,500,1,2,55537,55537,55537,0,-9999,0,0,0,0,2.453518,2.496212,1.075023,0.761708,0.231004,-0.007192,0.57512,0.204818,124.845032,0.001128,2.363673,0.000005,1,2.399535,0.000012,1,0.601056,0.600294,0.107352,0,PSF-01163_20250227101220_431,PFA-00994,PSA-00994,PSF-01163,RHS-01998,3.0.0,2025-01-13T08:33:48.201Z
127,10:12:46,27/02/2025,K_lowfl_medbth,Karina Guo,,,557,Mid,0.026934,1.904097,0.026558,0.384195,2.418134,2.397039,3.844181,1.426047,23.56756,23.774963,37.795784,0.441786,7.5,PSF-01163_20250227101246_1ff,0,0,0,132.896301,494.154449,0.731063,0.5,0.8,30.501255,1,59.42,58.91,29.2,28.22,28.22,101.71,79.9,79.5,0.5,104,3.99,10:09:49,27/02/2025,-1.35,1,-0.001,-0.001,-9999,0.179,0.078,-9999,1,75,0.001,2,0.058905,0,0.02923,0,0,-0.000068,standard,0,rectangular,7000,500,1,2,55537,55537,55537,0,-9999,0,0,0,0,2.453604,2.49565,1.074427,0.761905,0.230804,-0.009104,0.576673,0.198071,132.896301,0.001154,2.363673,0.000005,1,2.399535,0.000012,1,0.601056,0.600294,0.107352,0,PSF-01163_20250227101246_1ff,PFA-00994,PSA-00994,PSF-01163,RHS-01998,3.0.0,2025-01-13T08:33:48.201Z
128,10:13:10,27/02/2025,K_lowfl_medbth,Karina Guo,,,53,High,0.008003,1.903988,0.00797,0.119363,2.399697,2.393142,3.875973,1.476276,23.529472,23.593925,38.108738,0.441786,7.5,PSF-01163_20250227101310_294,0,0,0,173.868301,520.413269,0.665903,0.5,0.8,31.655527,1,58.9,58.74,29.22,28.36,28.36,101.71,79.9,79.4,0.5,119,3.988,10:09:49,27/02/2025,-1.35,1,0,0.001,-9999,-0.481,-0.46,-9999,1,75,0.001,2,0.058905,0,0.02923,0,0,-0.000068,standard,0,rectangular,7000,500,1,2,55537,55537,55537,0,-9999,0,0,0,0,2.453382,2.494933,1.074386,0.761766,0.230616,-0.007694,0.578118,0.210717,173.868301,0.001141,2.363673,0.000005,1,2.399535,0.000012,1,0.601056,0.600294,0.107352,0,PSF-01163_20250227101310_294,PFA-00994,PSA-00994,PSF-01163,RHS-01998,3.0.0,2025-01-13T08:33:48.201Z
129,10:13:29,27/02/2025,K_lowfl_medbth,Karina Guo,,,53,High,0.005179,1.903598,0.005165,0.077044,2.399101,2.394868,3.869588,1.470488,23.546043,23.587658,38.045311,0.441786,7.5,PSF-01163_20250227101329_e4b,0,0,0,201.209305,535.885681,0.624529,0.5,0.8,24.604757,1,58.83,58.73,29.24,28.34,28.34,101.71,79.9,79.5,0.4,98,3.963,10:09:49,27/02/2025,-1.35,1,0,0,0,0.028,-0.338,-3.672,1,75,0.001,2,0.058905,0,0.02923,0,0,-0.000068,standard,0,rectangular,7000,500,1,2,55537,55537,55537,0,-9999,0,0,0,0,2.453365,2.494838,1.074242,0.761913,0.230473,-0.008206,0.579249,0.193017,201.209305,0.001127,2.363673,0.000005,1,2.399535,0.000012,1,0.601056,0.600294,0.107352,0,PSF-01163_20250227101329_e4b,PFA-00994,PSA-00994,PSF-01163,RHS-01998,3.0.0,2025-01-13T08:33:48.201Z
130,10:13:44,27/02/2025,K_lowfl_medbth,Karina Guo,,,53,High,0.003316,1.904015,0.003311,0.050093,2.39595,2.393199,3.887392,1.491442,23.529978,23.557028,38.220917,0.441786,7.5,PSF-01163_20250227101344_d8f,0,0,0,198.202728,554.792786,0.642745,0.5,0.8,28.859268,1,58.72,58.65,29.25,28.41,28.41,101.71,79.9,79.4,0.6,112,3.988,10:09:49,27/02/2025,-1.35,1,0,0,-9999,-0.197,-0.31,-9999,1,75,0.001,2,0.058905,0,0.02923,0,0,-0.000068,standard,0,rectangular,7000,500,1,2,55537,55537,55537,0,-9999,0,0,0,0,2.45326,2.49468,1.074397,0.761654,0.230373,-0.007412,0.580106,0.204982,198.202728,0.001151,2.363673,0.000005,1,2.399535,0.000012,1,0.601056,0.600294,0.107352,0,PSF-01163_20250227101344_d8f,PFA-00994,PSA-00994,PSF-01163,RHS-01998,3.0.0,2025-01-13T08:33:48.201Z
131,10:14:16,27/02/2025,K_lowfl_medbth,Karina Guo,,,108,Mid,0.035087,1.905461,0.034453,0.502211,2.430376,2.402829,3.867107,1.436731,23.623913,23.894741,38.02026,0.441786,7.5,PSF-01163_20250227101416_1d5,0,0,0,149.433731,470.867859,0.682642,0.5,0.8,32.573845,1,59.46,58.79,29.28,28.32,28.32,101.71,80,79.4,0.8,119,3.987,10:09:49,27/02/2025,-1.35,1,0,0.001,0.003,-0.026,-0.231,-2.408,1,75,0.001,2,0.058905,0,0.02923,0,0,-0.000068,standard,0,rectangular,7000,500,1,2,55537,55537,55537,0,-9999,0,0,0,0,2.453437,2.49569,1.074935,0.761585,0.230112,-0.008795,0.582098,0.211108,149.433731,0.001147,2.363673,0.000005,1,2.399535,0.000012,1,0.601056,0.600294,0.107352,0,PSF-01163_20250227101416_1d5,PFA-00994,PSA-00994,PSF-01163,RHS-01998,3.0.0,2025-01-13T08:33:48.201Z
132,10:14:49,27/02/2025,K_lowfl_medbth,Karina Guo,,,108,Mid,0.074596,1.900708,0.071779,0.95649,2.46606,2.413449,3.779739,1.313679,23.729364,24.246653,37.16293,0.441786,7.5,PSF-01163_20250227101449_803,0,0,0,164.078949,493.329773,0.667405,0.5,0.8,33.984009,1,60.23,58.94,29.31,27.93,27.93,101.71,79.7,79.5,0.2,127,3.987,10:09:49,27/02/2025,-1.35,1,0,0.001,0.003,0.13,0.365,0.524,1,75,0.001,2,0.058905,0,0.02923,0,0,-0.000068,standard,0,rectangular,7000,500,1,2,55537,55537,55537,0,-9999,0,0,0,0,2.453628,2.496721,1.073168,0.761984,0.229822,-0.01373,0.584147,0.218071,164.078949,0.001158,2.363673,0.000005,1,2.399535,0.000012,1,0.601056,0.600294,0.107352,0,PSF-01163_20250227101449_803,PFA-00994,PSA-00994,PSF-01163,RHS-01998,3.0.0,2025-01-13T08:33:48.201Z
133,10:15:14,27/02/2025,K_lowfl_medbth,Karina Guo,,,108,Mid,0.058041,1.901579,0.056322,0.788573,2.4549,2.411543,3.834943,1.380043,23.709526,24.135796,37.703938,0.441786,7.5,PSF-01163_20250227101514_909,0,0,0,178.867584,504.256012,0.645284,0.5,0.8,28.579758,1,59.88,58.82,29.33,28.18,28.18,101.71,79.8,79.9,-0.2,111,3.987,10:09:49,27/02/2025,-1.35,1,0,0.001,-9999,-0.055,-0.178,-9999,1,75,0.001,2,0.058905,0,0.02923,0,0,-0.000068,standard,0,rectangular,7000,500,1,2,55537,55537,55537,0,-9999,0,0,0,0,2.453467,2.496245,1.073492,0.76272,0.229627,-0.011087,0.585597,0.203656,178.867584,0.001136,2.363673,0.000005,1,2.399535,0.000012,1,0.601056,0.600294,0.107352,0,PSF-01163_20250227101514_909,PFA-00994,PSA-00994,PSF-01163,RHS-01998,3.0.0,2025-01-13T08:33:48.201Z
134,10:16:34,27/02/2025,K_lowfl_medbth,Karina Guo,,,728,High,0.027518,1.901805,0.027126,0.440715,2.451517,2.427288,4.051261,1.599744,23.863623,24.101828,39.829533,0.441786,7.5,PSF-01163_20250227101634_6c3,0,0,0,167.025803,503.471741,0.668252,0.5,0.8,33.612434,1,59.51,58.92,29.42,29.13,29.13,101.71,79.8,69.9,12.3,126,3.984,10:09:49,27/02/2025,-1.35,1,-0.001,0,-0.001,0.143,0.532,1.853,1,75,0.001,2,0.058905,0,0.02923,0,0,-0.000068,standard,0,rectangular,7000,500,1,2,55537,55537,55537,0,-9999,0,0,0,0,2.45358,2.495725,1.073575,0.741091,0.228869,-0.000993,0.590517,0.216721,167.025803,0.001119,2.363673,0.000005,1,2.399535,0.000012,1,0.601056,0.600294,0.107352,0,PSF-01163_20250227101634_6c3,PFA-00994,PSA-00994,PSF-01163,RHS-01998,3.0.0,2025-01-13T08:33:48.201Z
135,10:17:12,27/02/2025,K_lowfl_medbth,Karina Guo,,,728,High,0.027432,1.899856,0.027042,0.427658,2.463025,2.439486,4.020301,1.557276,23.984129,24.215555,39.526123,0.441786,7.5,PSF-01163_20250227101712_c47,0,0,0,150.722626,486.304871,0.690066,0.5,0.8,34.144203,1,59.65,59.08,29.46,28.99,28.99,101.71,79.7,67.9,14.8,124,3.983,10:09:49,27/02/2025,-1.35,1,0,0,-9999,0.243,0.453,-9999,1,75,0.001,2,0.058905,0,0.02923,0,0,-0.000068,standard,0,rectangular,7000,500,1,2,55537,55537,55537,0,-9999,0,0,0,0,2.453781,2.495911,1.072852,0.736694,0.228507,-0.003018,0.592742,0.21494,150.722626,0.001129,2.363673,0.000005,1,2.399535,0.000012,1,0.601056,0.600294,0.107352,0,PSF-01163_20250227101712_c47,PFA-00994,PSA-00994,PSF-01163,RHS-01998,3.0.0,2025-01-13T08:33:48.201Z
136,10:18:15,27/02/2025,K_lowfl_medbth,Karina Guo,,,728,High,0.020545,1.904357,0.020326,0.329633,2.466903,2.448816,4.063449,1.596546,24.076338,24.254166,39.951126,0.441786,7.5,PSF-01163_20250227101815_ab5,0,0,0,158.373001,464.962006,0.659385,0.5,0.8,28.920034,1,59.53,59.1,29.52,29.18,29.18,101.71,79.9,71.1,11,110,3.981,10:09:49,27/02/2025,-1.35,1,0,0,0.002,0.531,0.874,1.013,1,75,0.001,2,0.058905,0,0.02923,0,0,-0.000068,standard,0,rectangular,7000,500,1,2,55537,55537,55537,0,-9999,0,0,0,0,2.45379,2.495739,1.074524,0.743604,0.227952,-0.001564,0.596651,0.202718,158.373001,0.001143,2.363673,0.000005,1,2.399535,0.000012,1,0.601056,0.600294,0.107352,0,PSF-01163_20250227101815_ab5,PFA-00994,PSA-00994,PSF-01163,RHS-01998,3.0.0,2025-01-13T08:33:48.201Z
137,10:19:15,27/02/2025,K_lowfl_medbth,Karina Guo,,,288,Low,0.021513,1.907067,0.021273,0.326406,2.452963,2.435082,3.964439,1.511476,23.939775,24.115564,38.975182,0.441786,7.5,PSF-01163_20250227101915_af2,0,0,0,200.966125,615.527649,0.673506,0.5,0.8,34.054173,1,58.99,58.56,29.58,28.75,28.75,101.72,80.1,79.1,1.2,126,3.98,10:09:49,27/02/2025,-1.35,1,0,0,0.003,-0.009,-0.118,-0.436,1,75,0.001,2,0.058905,0,0.02923,0,0,-0.000068,standard,0,rectangular,7000,500,1,2,55537,55537,55537,0,-9999,0,0,0,0,2.453081,2.494996,1.075533,0.761002,0.227421,-0.007258,0.600194,0.217294,200.966125,0.001135,2.363673,0.000005,1,2.399535,0.000012,1,0.601056,0.600294,0.107352,0,PSF-01163_20250227101915_af2,PFA-00994,PSA-00994,PSF-01163,RHS-01998,3.0.0,2025-01-13T08:33:48.201Z
138,10:19:48,27/02/2025,K_lowfl_medbth,Karina Guo,,,288,Low,0.032202,1.90647,0.031667,0.492177,2.483006,2.456044,4.013289,1.530283,24.147757,24.412849,39.458546,0.441786,7.5,PSF-01163_20250227101948_a7e,0,0,0,197.526459,624.137512,0.683521,0.5,0.8,33.934483,1,59.62,58.97,29.61,28.96,28.96,101.71,80,71.2,11.1,124,3.98,10:09:49,27/02/2025,-1.35,1,0.001,0,-0.002,0.178,0.32,0.733,1,75,0.001,2,0.058905,0,0.02923,0,0,-0.000068,standard,0,rectangular,7000,500,1,2,55537,55537,55537,0,-9999,0,0,0,0,2.453606,2.495838,1.07531,0.743754,0.227159,-0.005119,0.602162,0.215303,197.526459,0.001135,2.363673,0.000005,1,2.399535,0.000012,1,0.601056,0.600294,0.107352,0,PSF-01163_20250227101948_a7e,PFA-00994,PSA-00994,PSF-01163,RHS-01998,3.0.0,2025-01-13T08:33:48.201Z
139,10:20:31,27/02/2025,K_lowfl_medbth,Karina Guo,,,288,Low,0.025668,1.904417,0.025327,0.398228,2.471516,2.449667,4.019731,1.548215,24.084761,24.299576,39.521393,0.441786,7.5,PSF-01163_20250227102031_705,0,0,0,207.510712,607.61438,0.658483,0.5,0.8,34.68301,1,59.14,58.62,29.66,28.99,28.99,101.71,79.9,79.4,0.7,132,3.98,10:20:15,27/02/2025,-1.35,1,0,0,0.002,0.128,0.068,-1.263,1,75,0.001,2,0.058905,0,0.02923,0,0,-0.000068,standard,0,rectangular,7000,500,1,2,55537,55537,55537,0,-9999,0,0,0,0,2.453133,2.495181,1.074546,0.761577,0.226633,-0.005477,0.604698,0.221879,207.510712,0.001123,2.363673,0.000005,1,2.399535,0.000012,1,0.601056,0.600294,0.107352,0,PSF-01163_20250227102031_705,PFA-00994,PSA-00994,PSF-01163,RHS-01998,3.0.0,2025-01-13T08:33:48.201Z
140,10:21:00,27/02/2025,K_lowfl_medbth,Karina Guo,,,595,Mid,0.026299,1.903278,0.02594,0.386961,2.476468,2.455223,3.945756,1.469288,24.140453,24.34934,38.795807,0.441786,7.5,PSF-01163_20250227102100_3fb,0,0,0,132.387756,457.148193,0.710405,0.5,0.8,37.378555,1,59.15,58.64,29.7,28.67,28.67,101.71,79.8,79.3,0.7,132,3.978,10:20:15,27/02/2025,-1.35,1,0,0,-9999,-0.172,-0.052,-9999,1,75,0.001,2,0.058905,0,0.02923,0,0,-0.000068,standard,0,rectangular,7000,500,1,2,55537,55537,55537,0,-9999,0,0,0,0,2.45316,2.495189,1.074123,0.761394,0.226349,-0.009606,0.606392,0.221759,132.387756,0.001136,2.363673,0.000005,1,2.399535,0.000012,1,0.601056,0.600294,0.107352,0,PSF-01163_20250227102100_3fb,PFA-00994,PSA-00994,PSF-01163,RHS-01998,3.0.0,2025-01-13T08:33:48.201Z
141,10:21:49,27/02/2025,K_lowfl_medbth,Karina Guo,,,595,Mid,0.028109,1.906238,0.0277,0.436742,2.480011,2.45608,4.032368,1.552356,24.147043,24.382322,39.644371,0.441786,7.5,PSF-01163_20250227102149_68c,0,0,0,138.718491,487.375977,0.715377,0.5,0.8,38.135963,1,59.1,58.53,29.74,29.05,29.05,101.71,80,71.8,10.3,133,3.978,10:20:15,27/02/2025,-1.35,1,0,0,0.003,0.007,0.011,-0.382,1,75,0.001,2,0.058905,0,0.02923,0,0,-0.000068,standard,0,rectangular,7000,500,1,2,55537,55537,55537,0,-9999,0,0,0,0,2.453004,2.495113,1.075224,0.745136,0.225995,-0.005673,0.60934,0.223266,138.718491,0.001132,2.363673,0.000005,1,2.399535,0.000012,1,0.601056,0.600294,0.107352,0,PSF-01163_20250227102149_68c,PFA-00994,PSA-00994,PSF-01163,RHS-01998,3.0.0,2025-01-13T08:33:48.201Z
142,10:22:26,27/02/2025,K_lowfl_medbth,Karina Guo,,,595,Mid,0.025445,1.902926,0.02511,0.393194,2.475461,2.453869,4.017265,1.541804,24.126961,24.339266,39.498611,0.441786,7.5,PSF-01163_20250227102226_ac1,0,0,0,130.587463,489.656555,0.733308,0.5,0.8,39.536419,1,58.9,58.39,29.76,28.98,28.98,101.71,79.8,79.5,0.4,135,3.977,10:20:15,27/02/2025,-1.35,1,-0.001,0.001,0.003,0.113,0.412,0.157,1,75,0.001,2,0.058905,0,0.02923,0,0,-0.000068,standard,0,rectangular,7000,500,1,2,55537,55537,55537,0,-9999,0,0,0,0,2.45281,2.494836,1.073992,0.761918,0.225754,-0.00675,0.61147,0.224584,130.587463,0.001132,2.363673,0.000005,1,2.399535,0.000012,1,0.601056,0.600294,0.107352,0,PSF-01163_20250227102226_ac1,PFA-00994,PSA-00994,PSF-01163,RHS-01998,3.0.0,2025-01-13T08:33:48.201Z
143,10:22:52,27/02/2025,K_lowfl_medbth,Karina Guo,,,299,High,0.012491,1.904849,0.01241,0.195133,2.465493,2.45479,4.013832,1.548338,24.135187,24.240423,39.46349,0.441786,7.5,PSF-01163_20250227102252_97d,0,0,0,165.513397,544.105774,0.695807,0.5,0.8,40.535553,1,58.59,58.34,29.78,28.97,28.97,101.71,79.9,72.2,9.7,146,3.977,10:20:15,27/02/2025,-1.35,1,0,0,0.003,-0.242,-0.276,-1.183,1,75,0.001,2,0.058905,0,0.02923,0,0,-0.000068,standard,0,rectangular,7000,500,1,2,55537,55537,55537,0,-9999,0,0,0,0,2.452742,2.494412,1.074707,0.745972,0.225567,-0.007169,0.612954,0.234025,165.513397,0.001142,2.363673,0.000005,1,2.399535,0.000012,1,0.601056,0.600294,0.107352,0,PSF-01163_20250227102252_97d,PFA-00994,PSA-00994,PSF-01163,RHS-01998,3.0.0,2025-01-13T08:33:48.201Z
144,10:23:25,27/02/2025,K_lowfl_medbth,Karina Guo,,,299,High,0.012301,1.90448,0.012222,0.193562,2.47489,2.46427,4.034097,1.559208,24.228279,24.332684,39.662544,0.441786,7.5,PSF-01163_20250227102325_2e6,0,0,0,21.324635,50.637962,0.57888,0.5,0.8,30.249573,1,58.72,58.47,29.81,29.05,29.05,101.71,79.9,78.6,1.7,131,3.975,10:20:15,27/02/2025,-1.35,1,0,0,0.002,0.068,0.02,-0.165,1,75,0.001,2,0.058905,0,0.02923,0,0,-0.000068,standard,0,rectangular,7000,500,1,2,55537,55537,55537,0,-9999,0,0,0,0,2.452907,2.494581,1.074569,0.759814,0.225315,-0.006478,0.614915,0.220975,21.324635,0.001149,2.363673,0.000005,1,2.399535,0.000012,1,0.601056,0.600294,0.107352,0,PSF-01163_20250227102325_2e6,PFA-00994,PSA-00994,PSF-01163,RHS-01998,3.0.0,2025-01-13T08:33:48.201Z
145,10:24:19,27/02/2025,K_lowfl_medbth,Karina Guo,,,299,High,0.011729,1.902507,0.011657,0.188401,2.479193,2.468844,4.070013,1.59082,24.274023,24.375776,40.016941,0.441786,7.5,PSF-01163_20250227102419_69c,0,0,0,183.291794,545.305969,0.663873,0.5,0.8,38.487862,1,58.67,58.43,29.86,29.21,29.21,101.71,79.8,79,1,145,3.975,10:20:15,27/02/2025,-1.35,1,0.001,0,-9999,-0.255,-0.423,-9999,1,75,0.001,2,0.058905,0,0.02923,0,0,-0.000068,standard,0,rectangular,7000,500,1,2,55537,55537,55537,0,-9999,0,0,0,0,2.452843,2.494506,1.073836,0.760865,0.224919,-0.005196,0.618174,0.233411,183.291794,0.001137,2.363673,0.000005,1,2.399535,0.000012,1,0.601056,0.600294,0.107352,0,PSF-01163_20250227102419_69c,PFA-00994,PSA-00994,PSF-01163,RHS-01998,3.0.0,2025-01-13T08:33:48.201Z
146,10:25:45,27/02/2025,K_lowfl_medbth,Karina Guo,,,667,Mid,0.113223,1.908046,0.106881,1.421659,2.546938,2.469183,3.857325,1.310387,24.274849,25.039265,37.921844,0.441786,7.5,PSF-01163_20250227102545_a37,0,0,0,140.413635,524.008179,0.732039,0.5,0.8,42.225674,1,60.04,58.21,29.93,28.28,28.28,101.72,80.1,79.3,1,144,3.973,10:20:15,27/02/2025,-1.35,1,0,0,0.002,-0.291,-0.679,-1.307,1,75,0.001,2,0.058905,0,0.02923,0,0,-0.000068,standard,0,rectangular,7000,500,1,2,55537,55537,55537,0,-9999,0,0,0,0,2.452541,2.496357,1.075897,0.761436,0.224316,-0.016826,0.623175,0.232775,140.413635,0.001141,2.363673,0.000005,1,2.399535,0.000012,1,0.601056,0.600294,0.107352,0,PSF-01163_20250227102545_a37,PFA-00994,PSA-00994,PSF-01163,RHS-01998,3.0.0,2025-01-13T08:33:48.201Z
147,10:26:17,27/02/2025,K_lowfl_medbth,Karina Guo,,,667,Mid,0.170545,1.907074,0.156546,1.951295,2.582496,2.475745,3.810494,1.227999,24.340137,25.38965,37.462646,0.441786,7.5,PSF-01163_20250227102617_182,0,0,0,133.453125,539.967651,0.75285,0.5,0.8,40.03492,1,60.78,58.27,29.95,28.07,28.07,101.71,80.1,79.5,0.7,133,3.972,10:20:15,27/02/2025,-1.35,1,0,-0.001,0.002,-0.239,-0.733,-1.497,1,75,0.001,2,0.058905,0,0.02923,0,0,-0.000068,standard,0,rectangular,7000,500,1,2,55537,55537,55537,0,-9999,0,0,0,0,2.45262,2.497365,1.075535,0.761937,0.224077,-0.019582,0.625005,0.222981,133.453125,0.001134,2.363673,0.000005,1,2.399535,0.000012,1,0.601056,0.600294,0.107352,0,PSF-01163_20250227102617_182,PFA-00994,PSA-00994,PSF-01163,RHS-01998,3.0.0,2025-01-13T08:33:48.201Z
148,10:27:05,27/02/2025,K_lowfl_medbth,Karina Guo,,,667,Mid,0.149549,1.907057,0.138675,1.632011,2.550507,2.46119,3.710753,1.160247,24.196026,25.074104,36.480522,0.441786,7.5,PSF-01163_20250227102705_b68,0,0,0,145.086411,541.357727,0.731995,0.5,0.8,44.725285,1,59.91,57.82,29.99,27.62,27.62,101.72,80.1,79.5,0.7,153,3.971,10:20:15,27/02/2025,-1.35,1,0.001,0,0.008,-0.364,-0.592,-1.017,1,75,0.001,2,0.058905,0,0.02923,0,0,-0.000068,standard,0,rectangular,7000,500,1,2,55537,55537,55537,0,-9999,0,0,0,0,2.452018,2.496177,1.075529,0.761904,0.223781,-0.025237,0.627656,0.240208,145.086411,0.001134,2.363673,0.000005,1,2.399535,0.000012,1,0.601056,0.600294,0.107352,0,PSF-01163_20250227102705_b68,PFA-00994,PSA-00994,PSF-01163,RHS-01998,3.0.0,2025-01-13T08:33:48.201Z
149,10:27:33,27/02/2025,K_lowfl_medbth,Karina Guo,,,449,High,0.030759,1.907846,0.030271,0.477164,2.494765,2.468651,4.046599,1.551834,24.269793,24.526531,39.782921,0.441786,7.5,PSF-01163_20250227102733_6be,0,0,0,122.860191,393.136749,0.687487,0.5,0.8,38.596668,1,58.54,57.93,30,29.11,29.11,101.72,80.1,79.4,0.9,140,3.969,10:20:15,27/02/2025,-1.35,1,0.001,0.001,0.005,-0.003,-0.069,-0.828,1,75,0.001,2,0.058905,0,0.02923,0,0,-0.000068,standard,0,rectangular,7000,500,1,2,55537,55537,55537,0,-9999,0,0,0,0,2.45216,2.494302,1.075823,0.761682,0.223613,-0.008095,0.629278,0.229425,122.860191,0.001132,2.363673,0.000005,1,2.399535,0.000012,1,0.601056,0.600294,0.107352,0,PSF-01163_20250227102733_6be,PFA-00994,PSA-00994,PSF-01163,RHS-01998,3.0.0,2025-01-13T08:33:48.201Z
150,10:28:06,27/02/2025,K_lowfl_medbth,Karina Guo,,,449,High,0.027121,1.905035,0.02674,0.453402,2.499979,2.475119,4.168108,1.66813,24.333742,24.578146,40.978104,0.441786,7.5,PSF-01163_20250227102806_601,0,0,0,79.95343,221.689575,0.639345,0.5,0.8,36.542374,1,58.58,57.99,30.03,29.62,29.62,101.72,79.9,77.5,3,143,3.969,10:20:15,27/02/2025,-1.35,1,0,0,0.003,0.154,0.122,0.333,1,75,0.001,2,0.058905,0,0.02923,0,0,-0.000068,standard,0,rectangular,7000,500,1,2,55537,55537,55537,0,-9999,0,0,0,0,2.452243,2.494347,1.074776,0.757584,0.223388,-0.00235,0.631196,0.231631,79.95343,0.00114,2.363673,0.000005,1,2.399535,0.000012,1,0.601056,0.600294,0.107352,0,PSF-01163_20250227102806_601,PFA-00994,PSA-00994,PSF-01163,RHS-01998,3.0.0,2025-01-13T08:33:48.201Z
151,10:28:34,27/02/2025,K_lowfl_medbth,Karina Guo,,,449,High,0.028581,1.900238,0.028157,0.524316,2.506644,2.477801,4.33716,1.830516,24.357658,24.641193,42.635815,0.441786,7.5,PSF-01163_20250227102834_f72,0,0,0,125.0149,391.561737,0.680727,0.5,0.8,41.36417,1,58.65,57.98,30.05,30.31,30.31,101.73,79.7,69.3,13,152,3.969,10:20:15,27/02/2025,-1.35,1,0,0.001,-9999,0.121,0.237,-9999,1,75,0.001,2,0.058905,0,0.02923,0,0,-0.000068,standard,0,rectangular,7000,500,1,2,55537,55537,55537,0,-9999,0,0,0,0,2.452218,2.494448,1.072993,0.7398,0.223181,0.005592,0.632767,0.239478,125.0149,0.001158,2.363673,0.000005,1,2.399535,0.000012,1,0.601056,0.600294,0.107352,0,PSF-01163_20250227102834_f72,PFA-00994,PSA-00994,PSF-01163,RHS-01998,3.0.0,2025-01-13T08:33:48.201Z
152,10:29:04,27/02/2025,K_lowfl_medbth,Karina Guo,,,738,Low,0.061619,1.899746,0.059683,0.878658,2.52176,2.473419,3.971472,1.449712,24.316259,24.791498,39.043659,0.441786,7.5,PSF-01163_20250227102904_6ae,0,0,0,159.172302,512.886292,0.689654,0.5,0.8,42.838512,1,58.92,57.79,30.08,28.78,28.78,101.72,79.7,76.2,4.3,155,3.968,10:20:15,27/02/2025,-1.35,1,0.001,0.001,0.004,0.329,0.791,2.093,1,75,0.001,2,0.058905,0,0.02923,0,0,-0.000068,standard,0,rectangular,7000,500,1,2,55537,55537,55537,0,-9999,0,0,0,0,2.451969,2.494809,1.072811,0.754735,0.22296,-0.01276,0.634453,0.242416,159.172302,0.001129,2.363673,0.000005,1,2.399535,0.000012,1,0.601056,0.600294,0.107352,0,PSF-01163_20250227102904_6ae,PFA-00994,PSA-00994,PSF-01163,RHS-01998,3.0.0,2025-01-13T08:33:48.201Z
153,10:29:39,27/02/2025,K_lowfl_medbth,Karina Guo,,,738,Low,0.085098,1.899762,0.081449,1.226102,2.544195,2.476758,4.02591,1.481715,24.3501,25.013102,39.580494,0.441786,7.5,PSF-01163_20250227102939_237,0,0,0,177.068359,555.285583,0.681122,0.5,0.8,39.153999,1,59.35,57.78,30.11,29.02,29.02,101.71,79.7,79.2,0.6,144,3.966,10:20:15,27/02/2025,-1.35,1,0,0,0.001,-0.044,-0.022,2.474,1,75,0.001,2,0.058905,0,0.02923,0,0,-0.000068,standard,0,rectangular,7000,500,1,2,55537,55537,55537,0,-9999,0,0,0,0,2.451944,2.495389,1.072817,0.761158,0.222715,-0.01033,0.636455,0.232345,177.068359,0.001139,2.363673,0.000005,1,2.399535,0.000012,1,0.601056,0.600294,0.107352,0,PSF-01163_20250227102939_237,PFA-00994,PSA-00994,PSF-01163,RHS-01998,3.0.0,2025-01-13T08:33:48.201Z
154,10:31:16,27/02/2025,K_lowfl_medbth,Karina Guo,,,738,Low,0.075134,1.906017,0.072285,1.119852,2.541206,2.479868,4.065895,1.524689,24.37936,24.982361,39.971436,0.441786,7.5,PSF-01163_20250227103116_d5a,0,0,0,172.012207,493.596191,0.651512,0.5,0.8,38.070938,1,58.95,57.53,30.2,29.19,29.19,101.72,80,79.6,0.5,146,3.965,10:30:41,27/02/2025,-1.3,1,-0.001,0,0,0.148,0.552,2.404,1,75,0.001,2,0.058905,0,0.02923,0,0,-0.000068,standard,0,rectangular,7000,500,1,2,55537,55537,55537,0,-9999,0,0,0,0,2.451598,2.49476,1.075141,0.76214,0.221864,-0.009457,0.642011,0.234411,172.012207,0.001161,2.363673,0.000005,1,2.399535,0.000012,1,0.601056,0.600294,0.107352,0,PSF-01163_20250227103116_d5a,PFA-00994,PSA-00994,PSF-01163,RHS-01998,3.0.0,2025-01-13T08:33:48.201Z
155,10:32:11,27/02/2025,K_lowfl_medbth,Karina Guo,,,140,Low,0.08332,1.903701,0.079826,1.226758,2.536492,2.46919,4.049125,1.512632,24.274078,24.935717,39.806084,0.441786,7.5,PSF-01163_20250227103211_6f2,0,0,0,144.807098,577.423462,0.749219,0.5,0.8,44.076859,1,58.75,57.19,30.23,29.12,29.12,101.72,79.9,71,11.1,147,3.965,10:30:41,27/02/2025,-1.3,1,-0.001,0,-9999,-0.129,-0.479,-9999,1,75,0.001,2,0.058905,0,0.02923,0,0,-0.000068,standard,0,rectangular,7000,500,1,2,55537,55537,55537,0,-9999,0,0,0,0,2.451144,2.494473,1.07428,0.74339,0.221613,-0.010634,0.645062,0.235272,144.807098,0.001128,2.363673,0.000005,1,2.399535,0.000012,1,0.601056,0.600294,0.107352,0,PSF-01163_20250227103211_6f2,PFA-00994,PSA-00994,PSF-01163,RHS-01998,3.0.0,2025-01-13T08:33:48.201Z
156,10:33:24,27/02/2025,K_lowfl_medbth,Karina Guo,,,140,Low,0.135411,1.907658,0.126436,1.67841,2.595058,2.503275,3.902303,1.307245,24.608376,25.510647,38.361477,0.441786,7.5,PSF-01163_20250227103324_d11,0,0,0,137.339478,548.904419,0.749793,0.5,0.8,39.343098,1,59.99,57.87,30.26,28.48,28.48,101.72,80.1,77,3.9,131,3.962,10:30:41,27/02/2025,-1.3,1,0.001,0,0.003,-0.077,0.002,0.092,1,75,0.001,2,0.058905,0,0.02923,0,0,-0.000068,standard,0,rectangular,7000,500,1,2,55537,55537,55537,0,-9999,0,0,0,0,2.452033,2.496164,1.075753,0.756384,0.221332,-0.018473,0.649293,0.221446,137.339478,0.001153,2.363673,0.000005,1,2.399535,0.000012,1,0.601056,0.600294,0.107352,0,PSF-01163_20250227103324_d11,PFA-00994,PSA-00994,PSF-01163,RHS-01998,3.0.0,2025-01-13T08:33:48.201Z
157,10:35:57,27/02/2025,K_lowfl_medbth,Karina Guo,,,140,Low,0.162525,1.900882,0.149724,2.077292,2.607856,2.493759,3.973447,1.365592,24.516457,25.638157,39.063461,0.441786,7.5,PSF-01163_20250227103557_31f,0,0,0,147.769684,555.384644,0.733933,0.5,0.8,46.727016,1,59.9,57.28,30.38,28.79,28.79,101.72,79.7,67.4,15.4,159,3.96,10:30:41,27/02/2025,-1.3,1,0,0,0.002,0.005,-0.124,1.437,1,75,0.001,2,0.058905,0,0.02923,0,0,-0.000068,standard,0,rectangular,7000,500,1,2,55537,55537,55537,0,-9999,0,0,0,0,2.451235,2.496018,1.073233,0.735688,0.220351,-0.016154,0.657756,0.245788,147.769684,0.001128,2.363673,0.000005,1,2.399535,0.000012,1,0.601056,0.600294,0.107352,0,PSF-01163_20250227103557_31f,PFA-00994,PSA-00994,PSF-01163,RHS-01998,3.0.0,2025-01-13T08:33:48.201Z
158,10:37:46,27/02/2025,K_lowfl_medbth,Karina Guo,,,220,Mid,0.054017,1.902298,0.052525,0.864011,2.595477,2.54806,4.21267,1.617193,25.050423,25.516582,41.415493,0.441786,7.5,PSF-01163_20250227103746_f87,0,0,0,144.709473,474.758514,0.695194,0.5,0.8,34.7509,1,59.22,58.14,30.49,29.8,29.8,101.72,79.8,79.4,0.5,125,3.958,10:30:41,27/02/2025,-1.3,1,0,0,-9999,-0.237,-0.122,-9999,1,75,0.001,2,0.058905,0,0.02923,0,0,-0.000068,standard,0,rectangular,7000,500,1,2,55537,55537,55537,0,-9999,0,0,0,0,2.452343,2.495075,1.073758,0.761704,0.219352,-0.005587,0.663999,0.216044,144.709473,0.001163,2.363673,0.000005,1,2.399535,0.000012,1,0.601056,0.600294,0.107352,0,PSF-01163_20250227103746_f87,PFA-00994,PSA-00994,PSF-01163,RHS-01998,3.0.0,2025-01-13T08:33:48.201Z
159,10:38:18,27/02/2025,K_lowfl_medbth,Karina Guo,,,220,Mid,0.059913,1.904648,0.058086,0.949238,2.593772,2.54176,4.200497,1.606725,24.988674,25.50001,41.29612,0.441786,7.5,PSF-01163_20250227103818_6ab,0,0,0,152.086609,521.673889,0.708464,0.5,0.8,43.595844,1,59.05,57.87,30.53,29.75,29.75,101.72,79.9,66.6,16.6,154,3.958,10:30:41,27/02/2025,-1.3,1,0.001,0,0.002,0.049,-0.07,-0.265,1,75,0.001,2,0.058905,0,0.02923,0,0,-0.000068,standard,0,rectangular,7000,500,1,2,55537,55537,55537,0,-9999,0,0,0,0,2.45198,2.494839,1.074632,0.734069,0.219021,-0.006633,0.665724,0.241154,152.086609,0.001139,2.363673,0.000005,1,2.399535,0.000012,1,0.601056,0.600294,0.107352,0,PSF-01163_20250227103818_6ab,PFA-00994,PSA-00994,PSF-01163,RHS-01998,3.0.0,2025-01-13T08:33:48.201Z
160,10:39:53,27/02/2025,K_lowfl_medbth,Karina Guo,,,220,Mid,0.044801,1.905054,0.043772,0.759385,2.586972,2.54537,4.292043,1.70507,25.022867,25.431849,42.193954,0.441786,7.5,PSF-01163_20250227103953_090,0,0,0,162.657379,565.580994,0.712407,0.5,0.8,40.201542,1,58.53,57.59,30.64,30.13,30.13,101.72,79.9,78.8,1.4,141,3.955,10:30:41,27/02/2025,-1.3,1,0,0,-9999,0.269,0.078,-9999,1,75,0.001,2,0.058905,0,0.02923,0,0,-0.000068,standard,0,rectangular,7000,500,1,2,55537,55537,55537,0,-9999,0,0,0,0,2.451587,2.494102,1.074783,0.760352,0.21807,-0.003483,0.670932,0.230054,162.657379,0.001152,2.363673,0.000005,1,2.399535,0.000012,1,0.601056,0.600294,0.107352,0,PSF-01163_20250227103953_090,PFA-00994,PSA-00994,PSF-01163,RHS-01998,3.0.0,2025-01-13T08:33:48.201Z
161,10:40:32,27/02/2025,K_lowfl_medbth,Karina Guo,,,292,Mid,0.05344,1.900507,0.051978,0.851919,2.59454,2.547732,4.205863,1.611323,25.048428,25.508627,41.350601,0.441786,7.5,PSF-01163_20250227104032_443,0,0,0,159.94191,569.21051,0.719011,0.5,0.8,46.503696,1,58.56,57.5,30.68,29.78,29.78,101.71,79.7,71.9,9.8,162,3.954,10:30:41,27/02/2025,-1.3,1,0.001,0.001,0.003,0.05,-0.076,0.019,1,75,0.001,2,0.058905,0,0.02923,0,0,-0.000068,standard,0,rectangular,7000,500,1,2,55537,55537,55537,0,-9999,0,0,0,0,2.451465,2.494133,1.073094,0.745306,0.217705,-0.00817,0.673036,0.247985,159.94191,0.001139,2.363673,0.000005,1,2.399535,0.000012,1,0.601056,0.600294,0.107352,0,PSF-01163_20250227104032_443,PFA-00994,PSA-00994,PSF-01163,RHS-01998,3.0.0,2025-01-13T08:33:48.201Z
162,10:42:16,27/02/2025,K_lowfl_medbth,Karina Guo,,,292,Mid,0.088999,1.901729,0.085021,1.421008,2.618023,2.540022,4.260689,1.642667,24.970234,25.737034,41.88562,0.441786,7.5,PSF-01163_20250227104216_cd0,0,0,0,175.684692,557.402344,0.684815,0.5,0.8,37.141678,1,58.67,56.93,30.81,30,30,101.72,79.8,79.4,0.4,136,3.952,10:41:05,27/02/2025,-1.35,1,0,0,0.001,-0.307,0.254,4.62,1,75,0.001,2,0.058905,0,0.02923,0,0,-0.000068,standard,0,rectangular,7000,500,1,2,55537,55537,55537,0,-9999,0,0,0,0,2.450686,2.49434,1.073547,0.761683,0.216656,-0.006945,0.67866,0.225282,175.684692,0.001126,2.363673,0.000005,1,2.399535,0.000012,1,0.601056,0.600294,0.107352,0,PSF-01163_20250227104216_cd0,PFA-00994,PSA-00994,PSF-01163,RHS-01998,3.0.0,2025-01-13T08:33:48.201Z
163,10:43:54,27/02/2025,K_lowfl_medbth,Karina Guo,,,292,Mid,0.063416,1.902989,0.061371,1.028833,2.577101,2.520651,4.225412,1.648311,24.779131,25.334063,41.537701,0.441786,7.5,PSF-01163_20250227104354_242,0,0,0,110.145805,303.327087,0.636874,0.5,0.8,23.441845,1,57.56,56.3,30.87,29.86,29.86,101.72,79.8,79.4,0.5,92,3.95,10:41:05,27/02/2025,-1.35,1,-0.001,-0.001,-0.002,0.207,0.3,2.142,1,75,0.001,2,0.058905,0,0.02923,0,0,-0.000068,standard,0,rectangular,7000,500,1,2,55537,55537,55537,0,-9999,0,0,0,0,2.449853,2.492813,1.074015,0.7617,0.216149,-0.009361,0.683747,0.187386,110.145805,0.001153,2.363673,0.000005,1,2.399535,0.000012,1,0.601056,0.600294,0.107352,0,PSF-01163_20250227104354_242,PFA-00994,PSA-00994,PSF-01163,RHS-01998,3.0.0,2025-01-13T08:33:48.201Z
164,10:44:23,27/02/2025,K_lowfl_medbth,Karina Guo,,,73,High,0.016338,1.906961,0.016199,0.275158,2.539209,2.524147,4.209764,1.670554,24.813927,24.961996,41.384579,0.441786,7.5,PSF-01163_20250227104423_0a8,0,0,0,160.589218,477.716431,0.66384,0.5,0.8,46.549141,1,56.67,56.33,30.88,29.79,29.79,101.72,80,79,1.3,175,3.949,10:41:05,27/02/2025,-1.35,1,0.001,0.001,0.004,0.311,0.72,1.267,1,75,0.001,2,0.058905,0,0.02923,0,0,-0.000068,standard,0,rectangular,7000,500,1,2,55537,55537,55537,0,-9999,0,0,0,0,2.449895,2.491595,1.075493,0.760857,0.216032,-0.010288,0.685216,0.259822,160.589218,0.001129,2.363673,0.000005,1,2.399535,0.000012,1,0.601056,0.600294,0.107352,0,PSF-01163_20250227104423_0a8,PFA-00994,PSA-00994,PSF-01163,RHS-01998,3.0.0,2025-01-13T08:33:48.201Z
165,10:45:04,27/02/2025,K_lowfl_medbth,Karina Guo,,,73,High,0.01262,1.910329,0.012537,0.225839,2.535617,2.523283,4.306324,1.770707,24.807201,24.928459,42.336853,0.441786,7.5,PSF-01163_20250227104504_6cb,0,0,0,154.342529,441.652893,0.650534,0.5,0.8,46.301128,1,56.53,56.26,30.9,30.19,30.19,101.72,80.2,79.2,1.2,178,3.949,10:41:05,27/02/2025,-1.35,1,0.001,0.001,0.005,0.167,0.609,-0.112,1,75,0.001,2,0.058905,0,0.02923,0,0,-0.000068,standard,0,rectangular,7000,500,1,2,55537,55537,55537,0,-9999,0,0,0,0,2.44979,2.491403,1.076749,0.761332,0.215878,-0.005818,0.687324,0.262112,154.342529,0.001147,2.363673,0.000005,1,2.399535,0.000012,1,0.601056,0.600294,0.107352,0,PSF-01163_20250227104504_6cb,PFA-00994,PSA-00994,PSF-01163,RHS-01998,3.0.0,2025-01-13T08:33:48.201Z
166,10:45:16,27/02/2025,K_lowfl_medbth,Karina Guo,,,73,High,0.016377,1.907724,0.016237,0.287652,2.530513,2.514774,4.272279,1.741766,24.72245,24.877178,42.000275,0.441786,7.5,PSF-01163_20250227104516_087,0,0,0,160.079956,459.049713,0.65128,0.5,0.8,46.261631,1,56.4,56.05,30.9,30.05,30.05,101.72,80.1,79.3,1,178,3.948,10:41:05,27/02/2025,-1.35,1,-0.001,0,0.002,0.221,0.318,0.101,1,75,0.001,2,0.058905,0,0.02923,0,0,-0.000068,standard,0,rectangular,7000,500,1,2,55537,55537,55537,0,-9999,0,0,0,0,2.44952,2.491226,1.075777,0.761357,0.215839,-0.007515,0.687936,0.261803,160.079956,0.001131,2.363673,0.000005,1,2.399535,0.000012,1,0.601056,0.600294,0.107352,0,PSF-01163_20250227104516_087,PFA-00994,PSA-00994,PSF-01163,RHS-01998,3.0.0,2025-01-13T08:33:48.201Z
167,10:45:43,27/02/2025,K_lowfl_medbth,Karina Guo,,,215,Low,0.098708,1.901357,0.093836,1.420424,2.593453,2.51545,4.082627,1.489174,24.730074,25.496941,40.137409,0.441786,7.5,PSF-01163_20250227104543_70c,0,0,0,138.73172,456.850281,0.69633,0.5,0.8,48.469257,1,57.77,56.03,30.91,29.26,29.26,101.72,79.7,79.2,0.6,174,3.947,10:41:05,27/02/2025,-1.35,1,0,0,0.002,0.048,0.08,0.12,1,75,0.001,2,0.058905,0,0.02923,0,0,-0.000068,standard,0,rectangular,7000,500,1,2,55537,55537,55537,0,-9999,0,0,0,0,2.449491,2.493088,1.073409,0.761291,0.215745,-0.016962,0.689343,0.258704,138.73172,0.001133,2.363673,0.000005,1,2.399535,0.000012,1,0.601056,0.600294,0.107352,0,PSF-01163_20250227104543_70c,PFA-00994,PSA-00994,PSF-01163,RHS-01998,3.0.0,2025-01-13T08:33:48.201Z
168,10:46:13,27/02/2025,K_lowfl_medbth,Karina Guo,,,215,Low,0.047941,1.904858,0.046764,0.776215,2.565474,2.522935,4.197775,1.632301,24.802563,25.220753,41.267635,0.441786,7.5,PSF-01163_20250227104613_7e9,0,0,0,134.570724,423.608429,0.682323,0.5,0.8,42.870419,1,57.1,56.15,30.93,29.74,29.74,101.72,79.9,79.7,0.3,157,3.947,10:41:05,27/02/2025,-1.35,1,0.001,0.001,0.004,0.042,-0.058,-0.523,1,75,0.001,2,0.058905,0,0.02923,0,0,-0.000068,standard,0,rectangular,7000,500,1,2,55537,55537,55537,0,-9999,0,0,0,0,2.449647,2.492172,1.07471,0.762231,0.215623,-0.011441,0.690907,0.243969,134.570724,0.001144,2.363673,0.000005,1,2.399535,0.000012,1,0.601056,0.600294,0.107352,0,PSF-01163_20250227104613_7e9,PFA-00994,PSA-00994,PSF-01163,RHS-01998,3.0.0,2025-01-13T08:33:48.201Z
169,10:46:46,27/02/2025,K_lowfl_medbth,Karina Guo,,,215,Low,0.067034,1.903496,0.064754,1.041017,2.576171,2.519074,4.157363,1.581192,24.764668,25.325981,40.870453,0.441786,7.5,PSF-01163_20250227104646_084,0,0,0,128.253937,417.39035,0.692724,0.5,0.8,38.773434,1,57.28,56.01,30.95,29.57,29.57,101.72,79.9,74.2,7,140,3.946,10:41:05,27/02/2025,-1.35,1,0.001,0,0.002,0.088,0.156,0.161,1,75,0.001,2,0.058905,0,0.02923,0,0,-0.000068,standard,0,rectangular,7000,500,1,2,55537,55537,55537,0,-9999,0,0,0,0,2.449462,2.492421,1.074204,0.750392,0.215485,-0.013618,0.692667,0.229057,128.253937,0.001143,2.363673,0.000005,1,2.399535,0.000012,1,0.601056,0.600294,0.107352,0,PSF-01163_20250227104646_084,PFA-00994,PSA-00994,PSF-01163,RHS-01998,3.0.0,2025-01-13T08:33:48.201Z
170,10:47:26,27/02/2025,K_lowfl_medbth,Karina Guo,,,65,Low,0.079901,1.899501,0.076676,1.203118,2.573765,2.507597,4.117335,1.543571,24.652199,25.302694,40.477543,0.441786,7.5,PSF-01163_20250227104726_00b,0,0,0,155.527359,470.154053,0.669199,0.5,0.8,40.049271,1,57.17,55.7,30.96,29.41,29.41,101.72,79.6,79.4,0.3,150,3.946,10:41:05,27/02/2025,-1.35,1,0,0,0.001,0.103,0.405,2.433,1,75,0.001,2,0.058905,0,0.02923,0,0,-0.000068,standard,0,rectangular,7000,500,1,2,55537,55537,55537,0,-9999,0,0,0,0,2.449049,2.492265,1.07272,0.761682,0.215334,-0.015806,0.694714,0.237481,155.527359,0.001147,2.363673,0.000005,1,2.399535,0.000012,1,0.601056,0.600294,0.107352,0,PSF-01163_20250227104726_00b,PFA-00994,PSA-00994,PSF-01163,RHS-01998,3.0.0,2025-01-13T08:33:48.201Z
171,10:47:50,27/02/2025,K_lowfl_medbth,Karina Guo,,,65,Low,0.069345,1.900832,0.066904,1.031448,2.573397,2.516722,4.090199,1.516802,24.742149,25.299326,40.211155,0.441786,7.5,PSF-01163_20250227104750_206,0,0,0,143.021469,469.149475,0.695147,0.5,0.8,43.875805,1,57.14,55.88,30.97,29.29,29.29,101.72,79.7,79.6,0.1,158,3.946,10:41:05,27/02/2025,-1.35,1,0,0,0.002,-0.154,-0.246,-0.735,1,75,0.001,2,0.058905,0,0.02923,0,0,-0.000068,standard,0,rectangular,7000,500,1,2,55537,55537,55537,0,-9999,0,0,0,0,2.44928,2.492216,1.073214,0.762127,0.215264,-0.017252,0.695972,0.244593,143.021469,0.001149,2.363673,0.000005,1,2.399535,0.000012,1,0.601056,0.600294,0.107352,0,PSF-01163_20250227104750_206,PFA-00994,PSA-00994,PSF-01163,RHS-01998,3.0.0,2025-01-13T08:33:48.201Z
172,10:48:20,27/02/2025,K_lowfl_medbth,Karina Guo,,,65,Low,0.061402,1.898664,0.059478,0.989358,2.572026,2.517581,4.207694,1.635668,24.749435,25.284672,41.364338,0.441786,7.5,PSF-01163_20250227104820_e22,0,0,0,176.366333,404.591217,0.564088,0.5,0.8,40.009388,1,57.07,55.87,30.98,29.78,29.78,101.72,79.6,79.5,0.1,177,3.944,10:41:05,27/02/2025,-1.35,1,0,0,-0.001,0.351,0.319,1.786,1,75,0.001,2,0.058905,0,0.02923,0,0,-0.000068,standard,0,rectangular,7000,500,1,2,55537,55537,55537,0,-9999,0,0,0,0,2.449262,2.49213,1.07241,0.761876,0.215182,-0.011569,0.697478,0.261576,176.366333,0.001129,2.363673,0.000005,1,2.399535,0.000012,1,0.601056,0.600294,0.107352,0,PSF-01163_20250227104820_e22,PFA-00994,PSA-00994,PSF-01163,RHS-01998,3.0.0,2025-01-13T08:33:48.201Z
173,10:49:03,27/02/2025,K_lowfl_medbth,Karina Guo,,,375,High,0.037363,1.905814,0.036644,0.64865,2.559738,2.52421,4.299664,1.739927,24.81436,25.163618,42.268047,0.441786,7.5,PSF-01163_20250227104903_b75,0,0,0,112.601997,397.378571,0.716638,0.5,0.8,48.131664,1,56.73,55.94,31,30.16,30.16,101.72,80,76,5,168,3.943,10:41:05,27/02/2025,-1.35,1,0,0.001,0.003,0.155,0.396,0.465,1,75,0.001,2,0.058905,0,0.02923,0,0,-0.000068,standard,0,rectangular,7000,500,1,2,55537,55537,55537,0,-9999,0,0,0,0,2.449355,2.491652,1.075066,0.754273,0.214988,-0.007376,0.699793,0.25339,112.601997,0.001155,2.363673,0.000005,1,2.399535,0.000012,1,0.601056,0.600294,0.107352,0,PSF-01163_20250227104903_b75,PFA-00994,PSA-00994,PSF-01163,RHS-01998,3.0.0,2025-01-13T08:33:48.201Z
174,10:49:29,27/02/2025,K_lowfl_medbth,Karina Guo,,,375,High,0.025162,1.903704,0.024834,0.432005,2.537364,2.513662,4.248001,1.710637,24.709581,24.942575,41.758324,0.441786,7.5,PSF-01163_20250227104929_15c,0,0,0,111.100319,372.685425,0.701892,0.5,0.8,41.762268,1,56.18,55.65,31.02,29.95,29.95,101.73,79.9,79.2,0.8,149,3.932,10:41:05,27/02/2025,-1.35,1,0,0,0.002,0.114,0.102,-0.204,1,75,0.001,2,0.058905,0,0.02923,0,0,-0.000068,standard,0,rectangular,7000,500,1,2,55537,55537,55537,0,-9999,0,0,0,0,2.448974,2.490899,1.074281,0.761285,0.214846,-0.010074,0.701098,0.236727,111.100319,0.00113,2.363673,0.000005,1,2.399535,0.000012,1,0.601056,0.600294,0.107352,0,PSF-01163_20250227104929_15c,PFA-00994,PSA-00994,PSF-01163,RHS-01998,3.0.0,2025-01-13T08:33:48.201Z
175,11:00:51,27/02/2025,K_lowfl_medbth,Karina Guo,,,375,High,0.040781,1.902973,0.039925,0.719675,2.600544,2.561067,4.371287,1.770743,25.177433,25.565521,42.973412,0.441786,7.5,PSF-01163_20250227110051_5c6,0,0,0,114.328979,388.78476,0.705932,0.5,0.8,53.581532,1,57.41,56.54,31.07,30.45,30.45,101.72,79.8,79.3,0.6,190,3.93,11:00:15,27/02/2025,-1.26,1,0,0,-9999,-0.018,0.133,-9999,1,75,0.001,2,0.058905,0,0.02923,0,0,-0.000068,standard,0,rectangular,7000,500,1,2,55537,55537,55537,0,-9999,0,0,0,0,2.45013,2.492443,1.074009,0.761478,0.214422,-0.004737,0.735514,0.272392,114.328979,0.001133,2.363673,0.000005,1,2.399535,0.000012,1,0.601056,0.600294,0.107352,0,PSF-01163_20250227110051_5c6,PFA-00994,PSA-00994,PSF-01163,RHS-01998,3.0.0,2025-01-13T08:33:48.201Z
176,11:01:41,27/02/2025,K_lowfl_medbth,Karina Guo,,,375,High,0.042018,1.905187,0.041111,0.747516,2.584054,2.543104,4.370404,1.786351,25.000656,25.403221,42.964409,0.441786,7.5,PSF-01163_20250227110141_15a,0,0,0,141.91925,451.444397,0.685633,0.5,0.8,56.038849,1,57.04,56.14,31.07,30.44,30.44,101.72,80,79.4,0.7,204,3.927,11:00:15,27/02/2025,-1.26,1,0.001,0,0,0.581,0.9,2.416,1,75,0.001,2,0.058905,0,0.02923,0,0,-0.000068,standard,0,rectangular,7000,500,1,2,55537,55537,55537,0,-9999,0,0,0,0,2.449603,2.49194,1.074833,0.761571,0.21441,-0.004795,0.738158,0.285071,141.91925,0.001119,2.363673,0.000005,1,2.399535,0.000012,1,0.601056,0.600294,0.107352,0,PSF-01163_20250227110141_15a,PFA-00994,PSA-00994,PSF-01163,RHS-01998,3.0.0,2025-01-13T08:33:48.201Z
177,11:02:01,27/02/2025,K_lowfl_medbth,Karina Guo,,,62,Low,0.067294,1.901526,0.064994,1.00264,2.615573,2.560525,4.132812,1.517239,25.170683,25.711813,40.626694,0.441786,7.5,PSF-01163_20250227110201_9d1,0,0,0,138.973831,436.156158,0.681367,0.5,0.8,55.510063,1,57.73,56.52,31.07,29.47,29.47,101.73,79.8,79.5,0.3,204,3.928,11:00:15,27/02/2025,-1.26,1,-0.001,0,0.002,0.256,-0.852,-0.254,1,75,0.001,2,0.058905,0,0.02923,0,0,-0.000068,standard,0,rectangular,7000,500,1,2,55537,55537,55537,0,-9999,0,0,0,0,2.450096,2.492877,1.073472,0.761921,0.214388,-0.016359,0.739229,0.284496,138.973831,0.001133,2.363673,0.000005,1,2.399535,0.000012,1,0.601056,0.600294,0.107352,0,PSF-01163_20250227110201_9d1,PFA-00994,PSA-00994,PSF-01163,RHS-01998,3.0.0,2025-01-13T08:33:48.201Z
178,11:02:23,27/02/2025,K_lowfl_medbth,Karina Guo,,,62,Low,0.061289,1.906002,0.05938,0.914339,2.59512,2.545067,4.109784,1.514664,25.0205,25.512577,40.403206,0.441786,7.5,PSF-01163_20250227110223_257,0,0,0,185.180069,470.109711,0.606092,0.5,0.8,49.786034,1,57.28,56.17,31.08,29.37,29.37,101.72,80,79.3,0.8,205,3.928,11:00:15,27/02/2025,-1.26,1,0,0,0.004,0.186,-0.362,-2.091,1,75,0.001,2,0.058905,0,0.02923,0,0,-0.000068,standard,0,rectangular,7000,500,1,2,55537,55537,55537,0,-9999,0,0,0,0,2.449647,2.49226,1.075136,0.761531,0.214386,-0.017504,0.740219,0.285962,185.180069,0.001137,2.363673,0.000005,1,2.399535,0.000012,1,0.601056,0.600294,0.107352,0,PSF-01163_20250227110223_257,PFA-00994,PSA-00994,PSF-01163,RHS-01998,3.0.0,2025-01-13T08:33:48.201Z
179,11:03:01,27/02/2025,K_lowfl_medbth,Karina Guo,,,62,Low,0.069865,1.903623,0.067392,1.152461,2.617387,2.554211,4.297743,1.680356,25.110584,25.731676,42.251347,0.441786,7.5,PSF-01163_20250227110301_592,0,0,0,154.564621,516.182922,0.700562,0.5,0.8,51.072136,1,57.75,56.36,31.08,30.15,30.15,101.72,79.9,79.3,0.7,182,3.927,11:00:15,27/02/2025,-1.26,1,-0.001,0,0.003,0.031,0.36,0.749,1,75,0.001,2,0.058905,0,0.02923,0,0,-0.000068,standard,0,rectangular,7000,500,1,2,55537,55537,55537,0,-9999,0,0,0,0,2.449892,2.492908,1.074251,0.761382,0.214347,-0.008366,0.742079,0.265868,154.564621,0.00112,2.363673,0.000005,1,2.399535,0.000012,1,0.601056,0.600294,0.107352,0,PSF-01163_20250227110301_592,PFA-00994,PSA-00994,PSF-01163,RHS-01998,3.0.0,2025-01-13T08:33:48.201Z
180,11:03:47,27/02/2025,K_lowfl_medbth,Karina Guo,,,138,Low,0.097138,1.907299,0.09243,1.459842,2.653813,2.574012,4.206238,1.552426,25.304312,26.088812,41.350227,0.441786,7.5,PSF-01163_20250227110347_1d3,0,0,0,156.100632,551.299438,0.71685,0.5,0.8,53.294334,1,58.54,56.77,31.09,29.78,29.78,101.72,80.1,74.6,6.9,186,3.926,11:00:15,27/02/2025,-1.26,1,0,0,0.003,0.342,0.646,1.007,1,75,0.001,2,0.058905,0,0.02923,0,0,-0.000068,standard,0,rectangular,7000,500,1,2,55537,55537,55537,0,-9999,0,0,0,0,2.450434,2.493971,1.075619,0.7511,0.214288,-0.012889,0.744374,0.269007,156.100632,0.001126,2.363673,0.000005,1,2.399535,0.000012,1,0.601056,0.600294,0.107352,0,PSF-01163_20250227110347_1d3,PFA-00994,PSA-00994,PSF-01163,RHS-01998,3.0.0,2025-01-13T08:33:48.201Z
181,11:04:36,27/02/2025,K_lowfl_medbth,Karina Guo,,,138,Low,0.178341,1.901645,0.16305,2.333261,2.712692,2.584731,4.119473,1.40678,25.409508,26.667446,40.496964,0.441786,7.5,PSF-01163_20250227110436_531,0,0,0,156.14856,572.864075,0.727425,0.5,0.8,59.346821,1,59.79,56.97,31.1,29.42,29.42,101.72,79.8,79.6,0.2,204,3.899,11:00:15,27/02/2025,-1.26,1,-0.001,0,-0.002,0.144,0.035,0.473,1,75,0.001,2,0.058905,0,0.02923,0,0,-0.000068,standard,0,rectangular,7000,500,1,2,55537,55537,55537,0,-9999,0,0,0,0,2.450689,2.495679,1.073516,0.762178,0.214183,-0.017306,0.746806,0.284749,156.14856,0.001139,2.363673,0.000005,1,2.399535,0.000012,1,0.601056,0.600294,0.107352,0,PSF-01163_20250227110436_531,PFA-00994,PSA-00994,PSF-01163,RHS-01998,3.0.0,2025-01-13T08:33:48.201Z
182,11:05:22,27/02/2025,K_lowfl_medbth,Karina Guo,,,138,Low,0.18516,1.900405,0.168721,2.442427,2.703642,2.569569,4.126757,1.423115,25.260448,26.57847,40.568577,0.441786,7.5,PSF-01163_20250227110522_c98,0,0,0,178.001404,576.158142,0.691055,0.5,0.8,58.0182,1,59.54,56.59,31.11,29.45,29.45,101.72,79.7,79.3,0.4,210,3.924,11:00:15,27/02/2025,-1.26,1,-0.002,-0.001,0.002,0.375,0.518,1.482,1,75,0.001,2,0.058905,0,0.02923,0,0,-0.000068,standard,0,rectangular,7000,500,1,2,55537,55537,55537,0,-9999,0,0,0,0,2.450187,2.495339,1.073056,0.761529,0.214063,-0.017114,0.749152,0.289905,178.001404,0.001128,2.363673,0.000005,1,2.399535,0.000012,1,0.601056,0.600294,0.107352,0,PSF-01163_20250227110522_c98,PFA-00994,PSA-00994,PSF-01163,RHS-01998,3.0.0,2025-01-13T08:33:48.201Z
183,11:05:39,27/02/2025,K_lowfl_medbth,Karina Guo,,,222,High,0.048842,1.902911,0.04762,0.808704,2.611123,2.566763,4.280146,1.669023,25.232437,25.668509,42.075756,0.441786,7.5,PSF-01163_20250227110539_096,0,0,0,162.756088,464.556824,0.649653,0.5,0.8,55.164051,1,57.48,56.5,31.12,30.08,30.08,101.72,79.8,79.7,0.2,212,3.924,11:00:15,27/02/2025,-1.26,1,0,0.001,-9999,-0.791,-0.304,-9999,1,75,0.001,2,0.058905,0,0.02923,0,0,-0.000068,standard,0,rectangular,7000,500,1,2,55537,55537,55537,0,-9999,0,0,0,0,2.450073,2.492528,1.073986,0.762311,0.214,-0.009701,0.749861,0.291986,162.756088,0.001124,2.363673,0.000005,1,2.399535,0.000012,1,0.601056,0.600294,0.107352,0,PSF-01163_20250227110539_096,PFA-00994,PSA-00994,PSF-01163,RHS-01998,3.0.0,2025-01-13T08:33:48.201Z
184,11:06:15,27/02/2025,K_lowfl_medbth,Karina Guo,,,222,High,0.038364,1.909305,0.037609,0.70398,2.610517,2.572068,4.44861,1.838094,25.284336,25.662298,43.731407,0.441786,7.5,PSF-01163_20250227110615_bab,0,0,0,162.874817,393.012299,0.585573,0.5,0.8,47.030853,1,57.41,56.57,31.14,30.75,30.75,101.73,80.2,79.3,1,201,3.923,11:00:15,27/02/2025,-1.26,1,-0.001,0,-0.001,-0.403,-0.492,-2.104,1,75,0.001,2,0.058905,0,0.02923,0,0,-0.000068,standard,0,rectangular,7000,500,1,2,55537,55537,55537,0,-9999,0,0,0,0,2.45015,2.492431,1.076367,0.761553,0.213855,-0.001869,0.75151,0.28199,162.874817,0.001159,2.363673,0.000005,1,2.399535,0.000012,1,0.601056,0.600294,0.107352,0,PSF-01163_20250227110615_bab,PFA-00994,PSA-00994,PSF-01163,RHS-01998,3.0.0,2025-01-13T08:33:48.201Z
185,11:07:02,27/02/2025,K_lowfl_medbth,Karina Guo,,,222,High,0.047009,1.899017,0.045873,0.846845,2.614749,2.568177,4.427635,1.812886,25.246452,25.704283,43.525852,0.441786,7.5,PSF-01163_20250227110702_c0e,0,0,0,165.172226,479.074371,0.655226,0.5,0.8,53.869385,1,57.42,56.4,31.16,30.67,30.67,101.72,79.6,76.8,3.5,206,3.923,11:00:15,27/02/2025,-1.26,1,0,-0.001,-0.002,0.304,0.77,2.534,1,75,0.001,2,0.058905,0,0.02923,0,0,-0.000068,standard,0,rectangular,7000,500,1,2,55537,55537,55537,0,-9999,0,0,0,0,2.449927,2.492441,1.072541,0.756085,0.213644,-0.003155,0.753841,0.286119,165.172226,0.001127,2.363673,0.000005,1,2.399535,0.000012,1,0.601056,0.600294,0.107352,0,PSF-01163_20250227110702_c0e,PFA-00994,PSA-00994,PSF-01163,RHS-01998,3.0.0,2025-01-13T08:33:48.201Z
186,11:07:26,27/02/2025,K_lowfl_medbth,Karina Guo,,,289,Low,0.161918,1.902626,0.149219,2.091031,2.691059,2.576431,4.069192,1.378133,25.327286,26.454124,40.00169,0.441786,7.5,PSF-01163_20250227110726_84a,0,0,0,161.036606,532.590515,0.697635,0.5,0.8,57.693596,1,59.06,56.55,31.17,29.2,29.2,101.73,79.8,79.6,0.2,207,3.895,11:00:15,27/02/2025,-1.26,1,0,-0.001,0.002,0.284,0.525,0.731,1,75,0.001,2,0.058905,0,0.02923,0,0,-0.000068,standard,0,rectangular,7000,500,1,2,55537,55537,55537,0,-9999,0,0,0,0,2.45012,2.494677,1.07388,0.762135,0.213561,-0.020683,0.754946,0.287171,161.036606,0.001123,2.363673,0.000005,1,2.399535,0.000012,1,0.601056,0.600294,0.107352,0,PSF-01163_20250227110726_84a,PFA-00994,PSA-00994,PSF-01163,RHS-01998,3.0.0,2025-01-13T08:33:48.201Z
187,11:08:03,27/02/2025,K_lowfl_medbth,Karina Guo,,,289,Low,0.166982,1.905664,0.153529,2.258874,2.701368,2.577809,4.147655,1.446287,25.341143,26.555796,40.77351,0.441786,7.5,PSF-01163_20250227110803_a3b,0,0,0,179.934387,533.974548,0.663028,0.5,0.8,55.747551,1,59.25,56.54,31.18,29.53,29.53,101.72,80,79.6,0.5,210,3.921,11:00:15,27/02/2025,-1.26,1,-0.001,-0.001,0.001,-0.187,0.327,2.45,1,75,0.001,2,0.058905,0,0.02923,0,0,-0.000068,standard,0,rectangular,7000,500,1,2,55537,55537,55537,0,-9999,0,0,0,0,2.450111,2.494932,1.07501,0.762012,0.213467,-0.016918,0.756674,0.290175,179.934387,0.001133,2.363673,0.000005,1,2.399535,0.000012,1,0.601056,0.600294,0.107352,0,PSF-01163_20250227110803_a3b,PFA-00994,PSA-00994,PSF-01163,RHS-01998,3.0.0,2025-01-13T08:33:48.201Z
188,11:08:34,27/02/2025,K_lowfl_medbth,Karina Guo,,,289,Low,0.192123,1.901575,0.174494,2.48545,2.708783,2.572457,4.109211,1.400429,25.287727,26.627832,40.394302,0.441786,7.5,PSF-01163_20250227110834_919,0,0,0,168.587921,567.022949,0.702679,0.5,0.8,56.668133,1,59.39,56.4,31.19,29.37,29.37,101.73,79.8,79.3,0.6,202,3.921,11:00:15,27/02/2025,-1.26,1,0,0,0.002,0.61,0.815,0.943,1,75,0.001,2,0.058905,0,0.02923,0,0,-0.000068,standard,0,rectangular,7000,500,1,2,55537,55537,55537,0,-9999,0,0,0,0,2.449926,2.49512,1.07349,0.761359,0.213409,-0.018902,0.758173,0.282707,168.587921,0.001132,2.363673,0.000005,1,2.399535,0.000012,1,0.601056,0.600294,0.107352,0,PSF-01163_20250227110834_919,PFA-00994,PSA-00994,PSF-01163,RHS-01998,3.0.0,2025-01-13T08:33:48.201Z
189,11:09:15,27/02/2025,K_lowfl_medbth,Karina Guo,,,374,High,0.154687,1.902216,0.143054,2.067169,2.673472,2.560101,4.09452,1.421048,25.167006,26.281492,40.251068,0.441786,7.5,PSF-01163_20250227110915_f67,0,0,0,129.453415,484.244232,0.732669,0.5,0.8,61.443317,1,58.59,56.11,31.2,29.31,29.31,101.72,79.8,79.5,0.4,210,3.919,11:00:15,27/02/2025,-1.26,1,0.002,0.001,0.001,0.009,0.151,0.401,1,75,0.001,2,0.058905,0,0.02923,0,0,-0.000068,standard,0,rectangular,7000,500,1,2,55537,55537,55537,0,-9999,0,0,0,0,2.449533,2.494025,1.073728,0.761894,0.213336,-0.019735,0.759995,0.289701,129.453415,0.001148,2.363673,0.000005,1,2.399535,0.000012,1,0.601056,0.600294,0.107352,0,PSF-01163_20250227110915_f67,PFA-00994,PSA-00994,PSF-01163,RHS-01998,3.0.0,2025-01-13T08:33:48.201Z
190,11:10:29,27/02/2025,K_lowfl_medbth,Karina Guo,,,374,High,0.094369,1.901648,0.089908,1.339987,2.663095,2.589567,4.128633,1.465539,25.455917,26.178711,40.585224,0.441786,7.5,PSF-01163_20250227111029_e26,0,0,0,120.3078,443.680298,0.728841,0.5,0.8,59.966705,1,58.32,56.71,31.21,29.45,29.45,101.73,79.8,79.3,0.5,206,3.918,11:00:15,27/02/2025,-1.26,1,0.001,0,0.005,0.677,0.776,0.218,1,75,0.001,2,0.058905,0,0.02923,0,0,-0.000068,standard,0,rectangular,7000,500,1,2,55537,55537,55537,0,-9999,0,0,0,0,2.450325,2.493657,1.073517,0.761528,0.213233,-0.018188,0.763443,0.286253,120.3078,0.001112,2.363673,0.000005,1,2.399535,0.000012,1,0.601056,0.600294,0.107352,0,PSF-01163_20250227111029_e26,PFA-00994,PSA-00994,PSF-01163,RHS-01998,3.0.0,2025-01-13T08:33:48.201Z
191,11:11:24,27/02/2025,K_lowfl_medbth,Karina Guo,,,374,High,0.125177,1.904087,0.117455,1.781921,2.689289,2.591701,4.180468,1.491179,25.477272,26.4366,41.095375,0.441786,7.5,PSF-01163_20250227111124_32c,0,0,0,145.132538,463.302979,0.686744,0.5,0.8,57.526733,1,58.79,56.65,31.24,29.67,29.67,101.73,79.9,79.4,0.6,209,3.917,11:11:02,27/02/2025,-1.28,1,-0.001,0,0.001,0.321,0.602,2.289,1,75,0.001,2,0.058905,0,0.02923,0,0,-0.000068,standard,0,rectangular,7000,500,1,2,55537,55537,55537,0,-9999,0,0,0,0,2.450245,2.494315,1.074423,0.761698,0.212966,-0.01601,0.766056,0.289494,145.132538,0.001141,2.363673,0.000005,1,2.399535,0.000012,1,0.601056,0.600294,0.107352,0,PSF-01163_20250227111124_32c,PFA-00994,PSA-00994,PSF-01163,RHS-01998,3.0.0,2025-01-13T08:33:48.201Z
192,11:11:56,27/02/2025,K_lowfl_medbth,Karina Guo,,,672,High,0.102204,1.901514,0.096991,1.467762,2.680544,2.600013,4.168134,1.48759,25.559048,26.350695,40.974228,0.441786,7.5,PSF-01163_20250227111156_4b5,0,0,0,148.53215,465.213074,0.680722,0.5,0.8,60.763832,1,58.56,56.8,31.25,29.62,29.62,101.73,79.8,79.4,0.4,223,3.916,11:11:02,27/02/2025,-1.28,1,0,0,0,0.346,0.458,1.156,1,75,0.001,2,0.058905,0,0.02923,0,0,-0.000068,standard,0,rectangular,7000,500,1,2,55537,55537,55537,0,-9999,0,0,0,0,2.450437,2.494005,1.073467,0.761733,0.212878,-0.016739,0.767566,0.301446,148.53215,0.001128,2.363673,0.000005,1,2.399535,0.000012,1,0.601056,0.600294,0.107352,0,PSF-01163_20250227111156_4b5,PFA-00994,PSA-00994,PSF-01163,RHS-01998,3.0.0,2025-01-13T08:33:48.201Z
193,11:12:32,27/02/2025,K_lowfl_medbth,Karina Guo,,,672,High,0.093275,1.902031,0.088915,1.310598,2.637043,2.565129,4.086915,1.449873,25.216183,25.923124,40.175919,0.441786,7.5,PSF-01163_20250227111232_b0b,0,0,0,149.12117,481.357086,0.690207,0.5,0.8,62.736683,1,57.6,56.03,31.26,29.28,29.28,101.73,79.8,79.6,0.2,227,3.915,11:11:02,27/02/2025,-1.28,1,0,0,0.002,-0.039,-0.173,-0.453,1,75,0.001,2,0.058905,0,0.02923,0,0,-0.000068,standard,0,rectangular,7000,500,1,2,55537,55537,55537,0,-9999,0,0,0,0,2.449421,2.492693,1.073659,0.762119,0.212848,-0.020802,0.76914,0.304994,149.12117,0.001145,2.363673,0.000005,1,2.399535,0.000012,1,0.601056,0.600294,0.107352,0,PSF-01163_20250227111232_b0b,PFA-00994,PSA-00994,PSF-01163,RHS-01998,3.0.0,2025-01-13T08:33:48.201Z
194,11:13:32,27/02/2025,K_lowfl_medbth,Karina Guo,,,224,High,0.223967,1.904117,0.200396,2.619747,2.752499,2.609121,4.037964,1.285465,25.648451,27.057907,39.694416,0.441786,7.5,PSF-01163_20250227111332_e1c,0,0,0,145.083542,500.536682,0.710144,0.5,0.8,61.959557,1,60.11,56.98,31.26,29.07,29.07,101.73,79.9,73.8,7.6,218,3.914,11:11:02,27/02/2025,-1.28,1,0.001,0,0.003,0.056,-0.032,-0.34,1,75,0.001,2,0.058905,0,0.02923,0,0,-0.000068,standard,0,rectangular,7000,500,1,2,55537,55537,55537,0,-9999,0,0,0,0,2.450663,2.496106,1.074435,0.74947,0.212811,-0.023303,0.772036,0.297065,145.083542,0.001153,2.363673,0.000005,1,2.399535,0.000012,1,0.601056,0.600294,0.107352,0,PSF-01163_20250227111332_e1c,PFA-00994,PSA-00994,PSF-01163,RHS-01998,3.0.0,2025-01-13T08:33:48.201Z
195,11:15:06,27/02/2025,K_lowfl_medbth,Karina Guo,,,224,High,0.239218,1.898326,0.212446,2.772769,2.768236,2.61591,4.051416,1.28318,25.71538,27.212807,39.826946,0.441786,7.5,PSF-01163_20250227111506_6ec,0,0,0,143.229965,486.709351,0.705718,0.5,0.8,63.439323,1,60.3,56.98,31.31,29.13,29.13,101.73,79.6,79.3,0.3,225,3.913,11:14:43,27/02/2025,-1.32,1,-0.001,-0.001,0.006,0.499,0.868,0.92,1,75,0.001,2,0.058905,0,0.02923,0,0,-0.000068,standard,0,rectangular,7000,500,1,2,55537,55537,55537,0,-9999,0,0,0,0,2.450656,2.496418,1.072285,0.761513,0.212435,-0.02316,0.7765,0.302815,143.229965,0.001154,2.363673,0.000005,1,2.399535,0.000012,1,0.601056,0.600294,0.107352,0,PSF-01163_20250227111506_6ec,PFA-00994,PSA-00994,PSF-01163,RHS-01998,3.0.0,2025-01-13T08:33:48.201Z
196,11:15:37,27/02/2025,K_lowfl_medbth,Karina Guo,,,224,High,0.158228,1.901656,0.146074,2.055398,2.735712,2.623016,4.118832,1.38312,25.785738,26.893604,40.490463,0.441786,7.5,PSF-01163_20250227111537_0fd,0,0,0,139.264587,484.41803,0.712512,0.5,0.8,58.895844,1,59.53,57.08,31.32,29.41,29.41,101.72,79.8,75.2,5.7,207,3.911,11:14:43,27/02/2025,-1.32,1,0.001,0.001,0,0.409,0.48,0.28,1,75,0.001,2,0.058905,0,0.02923,0,0,-0.000068,standard,0,rectangular,7000,500,1,2,55537,55537,55537,0,-9999,0,0,0,0,2.450788,2.495377,1.07352,0.752457,0.2123,-0.019991,0.77798,0.287085,139.264587,0.001122,2.363673,0.000005,1,2.399535,0.000012,1,0.601056,0.600294,0.107352,0,PSF-01163_20250227111537_0fd,PFA-00994,PSA-00994,PSF-01163,RHS-01998,3.0.0,2025-01-13T08:33:48.201Z
197,11:15:57,27/02/2025,K_lowfl_medbth,Karina Guo,,,224,High,0.122628,1.909468,0.115228,1.700436,2.693763,2.600981,4.144505,1.450742,25.568367,26.480448,40.741646,0.441786,7.5,PSF-01163_20250227111557_829,0,0,0,146.865967,524.750977,0.720123,0.5,0.8,61.999554,1,58.6,56.58,31.33,29.52,29.52,101.73,80.2,79.4,0.9,215,3.91,11:14:43,27/02/2025,-1.32,1,-0.001,-0.001,0.003,-0.058,-0.194,-0.814,1,75,0.001,2,0.058905,0,0.02923,0,0,-0.000068,standard,0,rectangular,7000,500,1,2,55537,55537,55537,0,-9999,0,0,0,0,2.450132,2.494106,1.076428,0.761746,0.212251,-0.018791,0.778853,0.294557,146.865967,0.001142,2.363673,0.000005,1,2.399535,0.000012,1,0.601056,0.600294,0.107352,0,PSF-01163_20250227111557_829,PFA-00994,PSA-00994,PSF-01163,RHS-01998,3.0.0,2025-01-13T08:33:48.201Z
198,11:16:29,27/02/2025,K_lowfl_medbth,Karina Guo,,,224,High,0.224629,1.906876,0.200957,2.72198,2.756766,2.608076,4.08831,1.331544,25.637993,27.099649,40.189034,0.441786,7.5,PSF-01163_20250227111629_81c,0,0,0,145.947571,539.214478,0.729333,0.5,0.8,64.860451,1,59.94,56.7,31.34,29.28,29.28,101.73,80,79.6,0.6,222,3.91,11:14:43,27/02/2025,-1.32,1,0.001,0,0.002,0.1,0.216,0.61,1,75,0.001,2,0.058905,0,0.02923,0,0,-0.000068,standard,0,rectangular,7000,500,1,2,55537,55537,55537,0,-9999,0,0,0,0,2.450289,2.495923,1.075461,0.762002,0.212166,-0.021698,0.780273,0.300722,145.947571,0.001119,2.363673,0.000005,1,2.399535,0.000012,1,0.601056,0.600294,0.107352,0,PSF-01163_20250227111629_81c,PFA-00994,PSA-00994,PSF-01163,RHS-01998,3.0.0,2025-01-13T08:33:48.201Z
199,11:17:12,27/02/2025,K_lowfl_medbth,Karina Guo,,,297,High,0.030549,1.901162,0.030066,0.525354,2.637532,2.608691,4.353868,1.716335,25.645733,25.929276,42.802368,0.441786,7.5,PSF-01163_20250227111712_c57,0,0,0,149.333954,513.670227,0.70928,0.5,0.8,63.362385,1,57.28,56.66,31.36,30.38,30.38,101.72,79.7,79.4,0.5,223,3.91,11:14:43,27/02/2025,-1.32,1,0,0,0.002,0.112,0.149,-0.403,1,75,0.001,2,0.058905,0,0.02923,0,0,-0.000068,standard,0,rectangular,7000,500,1,2,55537,55537,55537,0,-9999,0,0,0,0,2.450224,2.492305,1.073337,0.76159,0.212009,-0.008971,0.782202,0.301597,149.333954,0.001128,2.363673,0.000005,1,2.399535,0.000012,1,0.601056,0.600294,0.107352,0,PSF-01163_20250227111712_c57,PFA-00994,PSA-00994,PSF-01163,RHS-01998,3.0.0,2025-01-13T08:33:48.201Z
200,11:17:35,27/02/2025,K_lowfl_medbth,Karina Guo,,,297,High,0.035515,1.901308,0.034864,0.607839,2.644773,2.611407,4.357266,1.712493,25.671238,25.999245,42.833778,0.441786,7.5,PSF-01163_20250227111735_bb9,0,0,0,151.849503,511.875641,0.703347,0.5,0.8,62.599102,1,57.4,56.68,31.37,30.39,30.39,101.72,79.7,79.4,0.4,223,3.909,11:14:43,27/02/2025,-1.32,1,-0.001,0,0.002,0.312,0.249,0.296,1,75,0.001,2,0.058905,0,0.02923,0,0,-0.000068,standard,0,rectangular,7000,500,1,2,55537,55537,55537,0,-9999,0,0,0,0,2.450249,2.492465,1.073391,0.761693,0.21191,-0.008949,0.783164,0.300876,151.849503,0.001139,2.363673,0.000005,1,2.399535,0.000012,1,0.601056,0.600294,0.107352,0,PSF-01163_20250227111735_bb9,PFA-00994,PSA-00994,PSF-01163,RHS-01998,3.0.0,2025-01-13T08:33:48.201Z
201,11:18:14,27/02/2025,K_lowfl_medbth,Karina Guo,,,297,High,0.026799,1.903289,0.026427,0.430195,2.647198,2.623615,4.247077,1.599879,25.790869,26.022696,41.74995,0.441786,7.5,PSF-01163_20250227111814_9e0,0,0,0,26.161909,77.511551,0.662477,0.5,0.8,61.054321,1,57.38,56.87,31.39,29.95,29.95,101.73,79.8,79.3,0.7,230,3.908,11:14:43,27/02/2025,-1.32,1,0,0.001,-9999,0.394,0.355,-9999,1,75,0.001,2,0.058905,0,0.02923,0,0,-0.000068,standard,0,rectangular,7000,500,1,2,55537,55537,55537,0,-9999,0,0,0,0,2.4505,2.492436,1.074127,0.761488,0.21173,-0.014509,0.784918,0.307745,26.161909,0.001139,2.363673,0.000005,1,2.399535,0.000012,1,0.601056,0.600294,0.107352,0,PSF-01163_20250227111814_9e0,PFA-00994,PSA-00994,PSF-01163,RHS-01998,3.0.0,2025-01-13T08:33:48.201Z
202,11:18:56,27/02/2025,K_lowfl_medbth,Karina Guo,,,141,Mid,0.200331,1.900451,0.181228,2.420902,2.760616,2.627807,4.073795,1.313179,25.83341,27.139025,40.048611,0.441786,7.5,PSF-01163_20250227111856_77b,0,0,0,151.83342,545.397156,0.721609,0.5,0.8,57.685997,1,59.77,56.89,31.41,29.22,29.22,101.72,79.7,67.8,15,200,3.907,11:14:43,27/02/2025,-1.32,1,0.002,0,0.005,0.021,-0.078,-0.534,1,75,0.001,2,0.058905,0,0.02923,0,0,-0.000068,standard,0,rectangular,7000,500,1,2,55537,55537,55537,0,-9999,0,0,0,0,2.450522,2.49568,1.073073,0.736425,0.211548,-0.023298,0.786782,0.281174,151.83342,0.001128,2.363673,0.000005,1,2.399535,0.000012,1,0.601056,0.600294,0.107352,0,PSF-01163_20250227111856_77b,PFA-00994,PSA-00994,PSF-01163,RHS-01998,3.0.0,2025-01-13T08:33:48.201Z
203,11:21:14,27/02/2025,K_lowfl_medbth,Karina Guo,,,141,Mid,0.164831,1.901236,0.151681,2.097324,2.770466,2.655477,4.129331,1.358865,26.104534,27.234924,40.593182,0.441786,7.5,PSF-01163_20250227112114_914,0,0,0,165.151474,552.77179,0.70123,0.5,0.8,44.99984,1,59.69,57.22,31.5,29.46,29.46,101.72,79.7,75.3,5.5,160,3.903,11:14:43,27/02/2025,-1.32,1,0.001,0,0.005,-0.133,-0.216,-0.498,1,75,0.001,2,0.058905,0,0.02923,0,0,-0.000068,standard,0,rectangular,7000,500,1,2,55537,55537,55537,0,-9999,0,0,0,0,2.450932,2.495565,1.073364,0.752776,0.210851,-0.021533,0.792986,0.246888,165.151474,0.00114,2.363673,0.000005,1,2.399535,0.000012,1,0.601056,0.600294,0.107352,0,PSF-01163_20250227112114_914,PFA-00994,PSA-00994,PSF-01163,RHS-01998,3.0.0,2025-01-13T08:33:48.201Z
204,11:21:44,27/02/2025,K_lowfl_medbth,Karina Guo,,,141,Mid,0.141007,1.902639,0.131278,1.924209,2.772873,2.66748,4.212686,1.439813,26.222912,27.258987,41.413208,0.441786,7.5,PSF-01163_20250227112144_629,0,0,0,156.710022,561.092041,0.720705,0.5,0.8,46.269169,1,59.68,57.42,31.52,29.8,29.8,101.72,79.8,74,7.3,160,3.904,11:14:43,27/02/2025,-1.32,1,0.001,0.001,0.005,-0.005,0.002,-0.579,1,75,0.001,2,0.058905,0,0.02923,0,0,-0.000068,standard,0,rectangular,7000,500,1,2,55537,55537,55537,0,-9999,0,0,0,0,2.451189,2.495548,1.073885,0.749831,0.210699,-0.017654,0.794265,0.246947,156.710022,0.001127,2.363673,0.000005,1,2.399535,0.000012,1,0.601056,0.600294,0.107352,0,PSF-01163_20250227112144_629,PFA-00994,PSA-00994,PSF-01163,RHS-01998,3.0.0,2025-01-13T08:33:48.201Z
205,11:22:16,27/02/2025,K_lowfl_medbth,Karina Guo,,,512,Low,0.182376,1.902795,0.166425,2.320891,2.787061,2.65997,4.157259,1.370198,26.148508,27.39786,40.86742,0.441786,7.5,PSF-01163_20250227112216_9c0,0,0,0,131.145004,509.386169,0.742543,0.5,0.8,65.571274,1,59.93,57.2,31.53,29.57,29.57,101.73,79.8,78.6,1.5,221,3.903,11:14:43,27/02/2025,-1.32,1,0.001,0,0.004,-0.107,-0.499,-0.878,1,75,0.001,2,0.058905,0,0.02923,0,0,-0.000068,standard,0,rectangular,7000,500,1,2,55537,55537,55537,0,-9999,0,0,0,0,2.450902,2.495882,1.073943,0.759995,0.210559,-0.020572,0.795539,0.299364,131.145004,0.001142,2.363673,0.000005,1,2.399535,0.000012,1,0.601056,0.600294,0.107352,0,PSF-01163_20250227112216_9c0,PFA-00994,PSA-00994,PSF-01163,RHS-01998,3.0.0,2025-01-13T08:33:48.201Z
206,11:22:48,27/02/2025,K_lowfl_medbth,Karina Guo,,,512,Low,0.150136,1.900058,0.139141,1.924232,2.77185,2.666267,4.130919,1.35907,26.210346,27.248262,40.608395,0.441786,7.5,PSF-01163_20250227112248_2bf,0,0,0,141.475082,538.603333,0.73733,0.5,0.8,61.971077,1,59.54,57.27,31.55,29.46,29.46,101.73,79.7,79.4,0.4,210,3.902,11:14:43,27/02/2025,-1.32,1,0,0,0.004,-0.25,-0.537,-0.717,1,75,0.001,2,0.058905,0,0.02923,0,0,-0.000068,standard,0,rectangular,7000,500,1,2,55537,55537,55537,0,-9999,0,0,0,0,2.450995,2.495347,1.072927,0.761581,0.210404,-0.022094,0.796922,0.290105,141.475082,0.001133,2.363673,0.000005,1,2.399535,0.000012,1,0.601056,0.600294,0.107352,0,PSF-01163_20250227112248_2bf,PFA-00994,PSA-00994,PSF-01163,RHS-01998,3.0.0,2025-01-13T08:33:48.201Z
207,11:23:12,27/02/2025,K_lowfl_medbth,Karina Guo,,,512,Low,0.10171,1.903987,0.096552,1.451517,2.722191,2.642714,4.199554,1.477363,25.977083,26.758326,41.280361,0.441786,7.5,PSF-01163_20250227112312_93e,0,0,0,140.67543,542.64093,0.740758,0.5,0.8,68.768837,1,58.44,56.73,31.56,29.75,29.75,101.73,79.9,75.9,5,232,3.902,11:14:43,27/02/2025,-1.32,1,0,0,0,0.016,0.172,0.662,1,75,0.001,2,0.058905,0,0.02923,0,0,-0.000068,standard,0,rectangular,7000,500,1,2,55537,55537,55537,0,-9999,0,0,0,0,2.450283,2.493843,1.074386,0.753948,0.210313,-0.018848,0.797963,0.309213,140.67543,0.001138,2.363673,0.000005,1,2.399535,0.000012,1,0.601056,0.600294,0.107352,0,PSF-01163_20250227112312_93e,PFA-00994,PSA-00994,PSF-01163,RHS-01998,3.0.0,2025-01-13T08:33:48.201Z
208,11:23:48,27/02/2025,K_lowfl_medbth,Karina Guo,,,592,Mid,0.063959,1.89869,0.061875,1.065088,2.694298,2.635754,4.38452,1.690222,25.90918,26.484667,43.099365,0.441786,7.5,PSF-01163_20250227112348_842,0,0,0,147.5401,401.000977,0.63207,0.5,0.8,50.370068,1,57.78,56.53,31.58,30.5,30.5,101.73,79.6,79.2,0.6,199,3.901,11:14:43,27/02/2025,-1.32,1,0.001,0,-0.001,0.44,0.582,2.49,1,75,0.001,2,0.058905,0,0.02923,0,0,-0.000068,standard,0,rectangular,7000,500,1,2,55537,55537,55537,0,-9999,0,0,0,0,2.450012,2.492948,1.072419,0.761137,0.210173,-0.010134,0.799479,0.28063,147.5401,0.00116,2.363673,0.000005,1,2.399535,0.000012,1,0.601056,0.600294,0.107352,0,PSF-01163_20250227112348_842,PFA-00994,PSA-00994,PSF-01163,RHS-01998,3.0.0,2025-01-13T08:33:48.201Z
209,11:24:25,27/02/2025,K_lowfl_medbth,Karina Guo,,,592,Mid,0.091566,1.905738,0.087368,1.43984,2.716751,2.638011,4.335022,1.618271,25.933853,26.70793,42.61689,0.441786,7.5,PSF-01163_20250227112425_cf8,0,0,0,99.252823,250.088089,0.603129,0.5,0.8,48.501732,1,58.21,56.52,31.6,30.3,30.3,101.72,80,79.3,0.9,201,3.901,11:14:43,27/02/2025,-1.32,1,0.001,0,-0.002,-0.216,0.373,2.208,1,75,0.001,2,0.058905,0,0.02923,0,0,-0.000068,standard,0,rectangular,7000,500,1,2,55537,55537,55537,0,-9999,0,0,0,0,2.45,2.493524,1.075038,0.761393,0.210032,-0.012697,0.801093,0.282209,99.252823,0.001145,2.363673,0.000005,1,2.399535,0.000012,1,0.601056,0.600294,0.107352,0,PSF-01163_20250227112425_cf8,PFA-00994,PSA-00994,PSF-01163,RHS-01998,3.0.0,2025-01-13T08:33:48.201Z
210,11:25:16,27/02/2025,K_lowfl_medbth,Karina Guo,,,592,Mid,0.082741,1.89793,0.079285,1.345371,2.722026,2.648057,4.387969,1.665942,26.0298,26.756901,43.132732,0.441786,7.5,PSF-01163_20250227112516_123,0,0,0,142.550476,430.650818,0.668988,0.5,0.8,62.982777,1,58.15,56.57,31.65,30.51,30.51,101.73,79.6,79.2,0.4,235,3.9,11:24:53,27/02/2025,-1.34,1,0,0,0,0.202,-0.065,-2.964,1,75,0.001,2,0.058905,0,0.02923,0,0,-0.000068,standard,0,rectangular,7000,500,1,2,55537,55537,55537,0,-9999,0,0,0,0,2.450061,2.493469,1.072138,0.761323,0.209617,-0.010769,0.803388,0.312062,142.550476,0.001153,2.363673,0.000005,1,2.399535,0.000012,1,0.601056,0.600294,0.107352,0,PSF-01163_20250227112516_123,PFA-00994,PSA-00994,PSF-01163,RHS-01998,3.0.0,2025-01-13T08:33:48.201Z
211,11:25:52,27/02/2025,K_lowfl_medbth,Karina Guo,,,69,Mid,0.05865,1.905635,0.056899,0.994227,2.690454,2.63606,4.406043,1.715588,25.912386,26.447077,43.311249,0.441786,7.5,PSF-01163_20250227112552_29a,0,0,0,188.999176,437.781921,0.56828,0.5,0.8,42.875507,1,57.41,56.25,31.67,30.59,30.59,101.73,80,79.5,0.6,189,3.899,11:24:53,27/02/2025,-1.34,1,0,0.001,-0.001,0.687,-0.444,10.505,1,75,0.001,2,0.058905,0,0.02923,0,0,-0.000068,standard,0,rectangular,7000,500,1,2,55537,55537,55537,0,-9999,0,0,0,0,2.44963,2.49245,1.074999,0.761927,0.20944,-0.010167,0.804951,0.271405,188.999176,0.001125,2.363673,0.000005,1,2.399535,0.000012,1,0.601056,0.600294,0.107352,0,PSF-01163_20250227112552_29a,PFA-00994,PSA-00994,PSF-01163,RHS-01998,3.0.0,2025-01-13T08:33:48.201Z
212,11:26:53,27/02/2025,K_lowfl_medbth,Karina Guo,,,69,Mid,0.050504,1.906934,0.049201,0.854936,2.695217,2.648486,4.401277,1.70606,26.034081,26.493435,43.263664,0.441786,7.5,PSF-01163_20250227112653_30c,0,0,0,220.556259,442.101013,0.501118,0.5,0.8,44.646362,1,57.43,56.43,31.7,30.57,30.57,101.73,80,79,1.3,223,3.899,11:24:53,27/02/2025,-1.34,1,0,0,0,0.193,-0.522,3.103,1,75,0.001,2,0.058905,0,0.02923,0,0,-0.000068,standard,0,rectangular,7000,500,1,2,55537,55537,55537,0,-9999,0,0,0,0,2.449861,2.492465,1.075483,0.760758,0.209221,-0.010709,0.807611,0.301075,220.556259,0.001144,2.363673,0.000005,1,2.399535,0.000012,1,0.601056,0.600294,0.107352,0,PSF-01163_20250227112653_30c,PFA-00994,PSA-00994,PSF-01163,RHS-01998,3.0.0,2025-01-13T08:33:48.201Z
213,11:27:33,27/02/2025,K_lowfl_medbth,Karina Guo,,,69,Mid,0.043906,1.901468,0.042915,0.824553,2.664802,2.619552,4.550044,1.885242,25.750555,26.195368,44.727551,0.441786,7.5,PSF-01163_20250227112733_d1c,0,0,0,185.790894,305.993561,0.392827,0.5,0.8,38.451958,1,56.72,55.75,31.71,31.15,31.15,101.73,79.7,79.3,0.6,245,3.898,11:24:53,27/02/2025,-1.34,1,-0.001,-0.001,0,0.033,-0.723,-2.62,1,75,0.001,2,0.058905,0,0.02923,0,0,-0.000068,standard,0,rectangular,7000,500,1,2,55537,55537,55537,0,-9999,0,0,0,0,2.448969,2.491495,1.07345,0.76141,0.209066,-0.003962,0.809245,0.320192,185.790894,0.001132,2.363673,0.000005,1,2.399535,0.000012,1,0.601056,0.600294,0.107352,0,PSF-01163_20250227112733_d1c,PFA-00994,PSA-00994,PSF-01163,RHS-01998,3.0.0,2025-01-13T08:33:48.201Z
214,11:28:20,27/02/2025,K_lowfl_medbth,Karina Guo,,,437,Low,0.235973,1.904138,0.209954,3.098321,2.804186,2.634696,4.253384,1.449198,25.898399,27.564442,41.809692,0.441786,7.5,PSF-01163_20250227112820_0da,0,0,0,279.798737,543.204895,0.484911,0.5,0.8,49.003666,1,59.62,56.02,31.73,29.97,29.97,101.73,79.9,79.1,1,253,3.897,11:24:53,27/02/2025,-1.34,1,0.001,-0.001,0.001,-0.639,-0.604,0.767,1,75,0.001,2,0.058905,0,0.02923,0,0,-0.000068,standard,0,rectangular,7000,500,1,2,55537,55537,55537,0,-9999,0,0,0,0,2.449311,2.495448,1.074443,0.76098,0.208914,-0.018243,0.811193,0.327089,279.798737,0.001107,2.363673,0.000005,1,2.399535,0.000012,1,0.601056,0.600294,0.107352,0,PSF-01163_20250227112820_0da,PFA-00994,PSA-00994,PSF-01163,RHS-01998,3.0.0,2025-01-13T08:33:48.201Z
215,11:28:57,27/02/2025,K_lowfl_medbth,Karina Guo,,,437,Low,0.202319,1.901272,0.182861,2.648566,2.772394,2.627179,4.195419,1.423025,25.82464,27.252073,41.240116,0.441786,7.5,PSF-01163_20250227112857_5cb,0,0,0,162.374496,529.293884,0.693224,0.5,0.8,71.583443,1,58.92,55.83,31.74,29.73,29.73,101.73,79.7,79.3,0.6,258,3.895,11:24:53,27/02/2025,-1.34,1,-0.001,0,0.002,0.351,-0.054,-1.594,1,75,0.001,2,0.058905,0,0.02923,0,0,-0.000068,standard,0,rectangular,7000,500,1,2,55537,55537,55537,0,-9999,0,0,0,0,2.449065,2.494488,1.073377,0.761427,0.208845,-0.021165,0.812683,0.331882,162.374496,0.001105,2.363673,0.000005,1,2.399535,0.000012,1,0.601056,0.600294,0.107352,0,PSF-01163_20250227112857_5cb,PFA-00994,PSA-00994,PSF-01163,RHS-01998,3.0.0,2025-01-13T08:33:48.201Z
216,11:35:04,27/02/2025,K_lowfl_medbth,Karina Guo,,,670,Mid,0.041033,1.901605,0.040166,0.745947,2.643082,2.602137,4.466493,1.823411,25.576908,25.979368,43.902023,0.441786,7.5,PSF-01163_20250227113504_66c,0,0,0,181.586975,453.265442,0.59938,0.5,0.8,59.49704,1,56.18,55.31,31.74,30.82,30.82,101.74,79.8,68.5,14.1,248,3.888,11:24:53,27/02/2025,-1.34,1,-0.001,0,-0.003,0.516,0.01,3.327,1,75,0.001,2,0.058905,0,0.02923,0,0,-0.000068,standard,0,rectangular,7000,500,1,2,55537,55537,55537,0,-9999,0,0,0,0,2.448377,2.490754,1.073501,0.738031,0.208865,-0.008149,0.828147,0.32319,181.586975,0.001129,2.363673,0.000005,1,2.399535,0.000012,1,0.601056,0.600294,0.107352,0,PSF-01163_20250227113504_66c,PFA-00994,PSA-00994,PSF-01163,RHS-01998,3.0.0,2025-01-13T08:33:48.201Z
217,11:36:08,27/02/2025,K_lowfl_medbth,Karina Guo,,,670,Mid,0.054212,1.907234,0.052714,0.927599,2.654744,2.604031,4.383002,1.728258,25.596909,26.095407,43.083706,0.441786,7.5,PSF-01163_20250227113608_fe3,0,0,0,203.130127,570.687561,0.644061,0.5,0.8,60.046013,1,56.36,55.29,31.76,30.49,30.49,101.73,80.1,79.5,0.7,233,3.887,11:35:47,27/02/2025,-1.27,1,0,0,-0.001,-0.384,0.991,-1.28,1,75,0.001,2,0.058905,0,0.02923,0,0,-0.000068,standard,0,rectangular,7000,500,1,2,55537,55537,55537,0,-9999,0,0,0,0,2.448348,2.490903,1.075595,0.761949,0.208711,-0.012315,0.830984,0.310071,203.130127,0.001138,2.363673,0.000005,1,2.399535,0.000012,1,0.601056,0.600294,0.107352,0,PSF-01163_20250227113608_fe3,PFA-00994,PSA-00994,PSF-01163,RHS-01998,3.0.0,2025-01-13T08:33:48.201Z
218,11:36:37,27/02/2025,K_lowfl_medbth,Karina Guo,,,670,Mid,0.043829,1.903221,0.042843,0.799882,2.631137,2.587276,4.464304,1.833167,25.431581,25.862719,43.881802,0.441786,7.5,PSF-01163_20250227113637_44c,0,0,0,188.556076,413.781891,0.54431,0.5,0.8,56.547356,1,55.85,54.92,31.76,30.82,30.82,101.73,79.8,78.7,1.5,260,3.885,11:35:47,27/02/2025,-1.27,1,0,0,-0.002,-0.524,-0.579,0.428,1,75,0.001,2,0.058905,0,0.02923,0,0,-0.000068,standard,0,rectangular,7000,500,1,2,55537,55537,55537,0,-9999,0,0,0,0,2.447867,2.490205,1.074101,0.760089,0.208684,-0.008514,0.832132,0.333244,188.556076,0.00113,2.363673,0.000005,1,2.399535,0.000012,1,0.601056,0.600294,0.107352,0,PSF-01163_20250227113637_44c,PFA-00994,PSA-00994,PSF-01163,RHS-01998,3.0.0,2025-01-13T08:33:48.201Z
219,11:37:45,27/02/2025,K_lowfl_medbth,Karina Guo,,,599,High,0.023103,1.904966,0.022826,0.462006,2.605188,2.579878,4.591484,1.986295,25.359365,25.608158,45.132797,0.441786,7.5,PSF-01163_20250227113745_d4f,0,0,0,149.465912,275.08844,0.456662,0.5,0.8,48.578007,1,55.32,54.78,31.76,31.31,31.31,101.73,79.9,78.7,1.5,266,3.884,11:35:47,27/02/2025,-1.27,1,0,0,0.001,-0.171,-0.436,-1.419,1,75,0.001,2,0.058905,0,0.02923,0,0,-0.000068,standard,0,rectangular,7000,500,1,2,55537,55537,55537,0,-9999,0,0,0,0,2.447682,2.489475,1.07475,0.760198,0.208724,-0.002542,0.83494,0.338655,149.465912,0.001128,2.363673,0.000005,1,2.399535,0.000012,1,0.601056,0.600294,0.107352,0,PSF-01163_20250227113745_d4f,PFA-00994,PSA-00994,PSF-01163,RHS-01998,3.0.0,2025-01-13T08:33:48.201Z
220,11:38:31,27/02/2025,K_lowfl_medbth,Karina Guo,,,599,High,0.076255,1.904131,0.073319,1.377358,2.684658,2.609221,4.527988,1.84333,25.648495,26.390034,44.509857,0.441786,7.5,PSF-01163_20250227113831_f0c,0,0,0,139.390472,308.276642,0.54784,0.5,0.8,54.416557,1,56.99,55.39,31.76,31.06,31.06,101.73,79.9,67,16.2,248,3.884,11:35:47,27/02/2025,-1.27,1,0.001,0,0.003,0.495,0.198,-0.046,1,75,0.001,2,0.058905,0,0.02923,0,0,-0.000068,standard,0,rectangular,7000,500,1,2,55537,55537,55537,0,-9999,0,0,0,0,2.448486,2.491762,1.07444,0.734719,0.208697,-0.00552,0.836919,0.323332,139.390472,0.001113,2.363673,0.000005,1,2.399535,0.000012,1,0.601056,0.600294,0.107352,0,PSF-01163_20250227113831_f0c,PFA-00994,PSA-00994,PSF-01163,RHS-01998,3.0.0,2025-01-13T08:33:48.201Z
221,11:39:16,27/02/2025,K_lowfl_medbth,Karina Guo,,,599,High,0.03795,1.904037,0.037208,0.727591,2.634043,2.594171,4.553046,1.919003,25.500805,25.892748,44.756622,0.441786,7.5,PSF-01163_20250227113916_290,0,0,0,72.235825,127.520798,0.433537,0.5,0.8,42.889812,1,55.92,55.07,31.76,31.16,31.16,101.73,79.9,79.3,0.8,247,3.882,11:35:47,27/02/2025,-1.27,1,0,-0.001,-0.003,0.02,0.013,0.297,1,75,0.001,2,0.058905,0,0.02923,0,0,-0.000068,standard,0,rectangular,7000,500,1,2,55537,55537,55537,0,-9999,0,0,0,0,2.448065,2.490295,1.074405,0.761402,0.208695,-0.00436,0.838783,0.322464,72.235825,0.00113,2.363673,0.000005,1,2.399535,0.000012,1,0.601056,0.600294,0.107352,0,PSF-01163_20250227113916_290,PFA-00994,PSA-00994,PSF-01163,RHS-01998,3.0.0,2025-01-13T08:33:48.201Z
222,11:39:55,27/02/2025,K_lowfl_medbth,Karina Guo,,,217,Mid,0.055393,1.899438,0.053823,0.996292,2.63239,2.577621,4.449901,1.817511,25.337927,25.876305,43.742374,0.441786,7.5,PSF-01163_20250227113955_d56,0,0,0,165.448669,494.828949,0.665645,0.5,0.8,65.115654,1,55.87,54.71,31.76,30.76,30.76,101.73,79.6,79.4,0.3,245,3.882,11:35:47,27/02/2025,-1.27,1,-0.001,-0.001,-0.001,0.478,0.917,2.392,1,75,0.001,2,0.058905,0,0.02923,0,0,-0.000068,standard,0,rectangular,7000,500,1,2,55537,55537,55537,0,-9999,0,0,0,0,2.447593,2.490236,1.072697,0.76175,0.208674,-0.009206,0.840442,0.320058,165.448669,0.00114,2.363673,0.000005,1,2.399535,0.000012,1,0.601056,0.600294,0.107352,0,PSF-01163_20250227113955_d56,PFA-00994,PSA-00994,PSF-01163,RHS-01998,3.0.0,2025-01-13T08:33:48.201Z
223,11:40:31,27/02/2025,K_lowfl_medbth,Karina Guo,,,217,Mid,0.103718,1.905853,0.098365,1.627842,2.673929,2.584866,4.299794,1.625865,25.408583,26.284046,42.265892,0.441786,7.5,PSF-01163_20250227114031_213,0,0,0,156.11351,489.591492,0.681135,0.5,0.8,73.083481,1,56.75,54.86,31.77,30.16,30.16,101.73,80,78.6,1.7,268,3.881,11:35:47,27/02/2025,-1.27,1,-0.001,-0.001,-0.003,0.224,0.392,1.186,1,75,0.001,2,0.058905,0,0.02923,0,0,-0.000068,standard,0,rectangular,7000,500,1,2,55537,55537,55537,0,-9999,0,0,0,0,2.447782,2.491425,1.075081,0.759976,0.20865,-0.016383,0.841974,0.340656,156.11351,0.001126,2.363673,0.000005,1,2.399535,0.000012,1,0.601056,0.600294,0.107352,0,PSF-01163_20250227114031_213,PFA-00994,PSA-00994,PSF-01163,RHS-01998,3.0.0,2025-01-13T08:33:48.201Z
224,11:40:54,27/02/2025,K_lowfl_medbth,Karina Guo,,,217,Mid,0.095794,1.901602,0.0912,1.538346,2.679726,2.595324,4.336505,1.656779,25.512072,26.341745,42.627907,0.441786,7.5,PSF-01163_20250227114054_b31,0,0,0,135.137207,390.689148,0.654106,0.5,0.8,69.824295,1,56.86,55.07,31.77,30.31,30.31,101.73,79.8,79.4,0.5,267,3.882,11:35:47,27/02/2025,-1.27,1,0,0,0.002,0.658,0.476,0.424,1,75,0.001,2,0.058905,0,0.02923,0,0,-0.000068,standard,0,rectangular,7000,500,1,2,55537,55537,55537,0,-9999,0,0,0,0,2.448055,2.491573,1.0735,0.761626,0.208615,-0.014671,0.843011,0.339463,135.137207,0.001142,2.363673,0.000005,1,2.399535,0.000012,1,0.601056,0.600294,0.107352,0,PSF-01163_20250227114054_b31,PFA-00994,PSA-00994,PSF-01163,RHS-01998,3.0.0,2025-01-13T08:33:48.201Z
225,11:49:29,27/02/2025,K_lowfl_medbth,Karina Guo,,,581,High,0.048414,1.908115,0.047216,0.952665,2.584015,2.531932,4.56428,1.980265,24.891312,25.403337,44.871243,0.441786,7.5,PSF-01163_20250227114929_6a4,0,0,0,172.776108,478.947052,0.639258,0.5,0.8,70.879707,1,54.54,53.44,31.86,31.2,31.2,101.72,80.1,79.4,0.9,277,3.871,11:48:26,27/02/2025,-1.19,1,0,-0.001,0,0.23,0.778,2.15,1,75,0.001,2,0.058905,0,0.02923,0,0,-0.000068,standard,0,rectangular,7000,500,1,2,55537,55537,55537,0,-9999,0,0,0,0,2.445906,2.488287,1.075923,0.761628,0.20787,-0.00504,0.863637,0.348443,172.776108,0.001139,2.363673,0.000005,1,2.399535,0.000012,1,0.601056,0.600294,0.107352,0,PSF-01163_20250227114929_6a4,PFA-00994,PSA-00994,PSF-01163,RHS-01998,3.0.0,2025-01-13T08:33:48.201Z
226,11:50:37,27/02/2025,K_lowfl_medbth,Karina Guo,,,581,High,0.031322,1.907044,0.030816,0.664639,2.575923,2.539557,4.691482,2.115559,24.965963,25.323475,46.121193,0.441786,7.5,PSF-01163_20250227115037_3ba,0,0,0,174.698715,467.926025,0.626653,0.5,0.8,69.016693,1,54.31,53.54,31.88,31.69,31.69,101.72,80.1,66.1,17.4,275,3.869,11:48:26,27/02/2025,-1.19,1,0.001,0,0,0.684,0.969,2.554,1,75,0.001,2,0.058905,0,0.02923,0,0,-0.000068,standard,0,rectangular,7000,500,1,2,55537,55537,55537,0,-9999,0,0,0,0,2.446031,2.487962,1.075524,0.733001,0.2077,0.000541,0.866383,0.346829,174.698715,0.001119,2.363673,0.000005,1,2.399535,0.000012,1,0.601056,0.600294,0.107352,0,PSF-01163_20250227115037_3ba,PFA-00994,PSA-00994,PSF-01163,RHS-01998,3.0.0,2025-01-13T08:33:48.201Z
227,11:52:10,27/02/2025,K_lowfl_medbth,Karina Guo,,,581,High,0.021638,1.902882,0.021395,0.468717,2.575898,2.550179,4.724425,2.148527,25.070395,25.323233,46.445049,0.441786,7.5,PSF-01163_20250227115210_513,0,0,0,173.858643,427.199371,0.593027,0.5,0.8,68.154427,1,54.14,53.6,31.94,31.81,31.81,101.72,79.8,79.3,0.7,287,3.867,11:48:26,27/02/2025,-1.19,1,0,0,-0.001,0.09,0.438,2.556,1,75,0.001,2,0.058905,0,0.02923,0,0,-0.000068,standard,0,rectangular,7000,500,1,2,55537,55537,55537,0,-9999,0,0,0,0,2.446095,2.487721,1.073975,0.761428,0.207254,0.001381,0.869818,0.357246,173.858643,0.001129,2.363673,0.000005,1,2.399535,0.000012,1,0.601056,0.600294,0.107352,0,PSF-01163_20250227115210_513,PFA-00994,PSA-00994,PSF-01163,RHS-01998,3.0.0,2025-01-13T08:33:48.201Z
228,11:53:13,27/02/2025,K_lowfl_medbth,Karina Guo,,,90,Low,0.054756,1.903472,0.053225,1.035853,2.606353,2.549553,4.516804,1.91045,25.063129,25.621498,44.401993,0.441786,7.5,PSF-01163_20250227115313_f28,0,0,0,234.598511,504.298553,0.534802,0.5,0.8,60.447899,1,54.65,53.46,31.98,31.02,31.02,101.73,79.9,79.3,0.6,283,3.867,11:48:26,27/02/2025,-1.19,1,0,0,0,0.298,0.67,3.435,1,75,0.001,2,0.058905,0,0.02923,0,0,-0.000068,standard,0,rectangular,7000,500,1,2,55537,55537,55537,0,-9999,0,0,0,0,2.445903,2.488412,1.074195,0.761549,0.206914,-0.008641,0.872129,0.353119,234.598511,0.001135,2.363673,0.000005,1,2.399535,0.000012,1,0.601056,0.600294,0.107352,0,PSF-01163_20250227115313_f28,PFA-00994,PSA-00994,PSF-01163,RHS-01998,3.0.0,2025-01-13T08:33:48.201Z
229,11:53:55,27/02/2025,K_lowfl_medbth,Karina Guo,,,90,Low,0.079415,1.904284,0.076236,1.479453,2.616229,2.535155,4.521139,1.90491,24.920912,25.717882,44.443405,0.441786,7.5,PSF-01163_20250227115355_900,0,0,0,210.496552,378.068817,0.443232,0.5,0.8,50.780357,1,54.76,53.07,32.01,31.04,31.04,101.73,79.9,79.4,0.7,286,3.866,11:48:26,27/02/2025,-1.19,1,-0.001,-0.001,-0.002,0.034,0.432,2.558,1,75,0.001,2,0.058905,0,0.02923,0,0,-0.000068,standard,0,rectangular,7000,500,1,2,55537,55537,55537,0,-9999,0,0,0,0,2.445382,2.488562,1.074497,0.76156,0.20667,-0.008797,0.873724,0.356467,210.496552,0.00114,2.363673,0.000005,1,2.399535,0.000012,1,0.601056,0.600294,0.107352,0,PSF-01163_20250227115355_900,PFA-00994,PSA-00994,PSF-01163,RHS-01998,3.0.0,2025-01-13T08:33:48.201Z
230,11:54:30,27/02/2025,K_lowfl_medbth,Karina Guo,,,90,Low,0.059456,1.903474,0.057655,1.064704,2.611229,2.552849,4.424841,1.813612,25.095095,25.668985,43.497219,0.441786,7.5,PSF-01163_20250227115430_ac3,0,0,0,194.940445,488.610504,0.601031,0.5,0.8,68.507469,1,54.6,53.38,32.03,30.66,30.66,101.73,79.9,79.3,0.7,285,3.866,11:48:26,27/02/2025,-1.19,1,0,0,-0.001,-0.395,-0.565,-1.361,1,75,0.001,2,0.058905,0,0.02923,0,0,-0.000068,standard,0,rectangular,7000,500,1,2,55537,55537,55537,0,-9999,0,0,0,0,2.445789,2.488335,1.074195,0.761358,0.206514,-0.013538,0.875037,0.355195,194.940445,0.001144,2.363673,0.000005,1,2.399535,0.000012,1,0.601056,0.600294,0.107352,0,PSF-01163_20250227115430_ac3,PFA-00994,PSA-00994,PSF-01163,RHS-01998,3.0.0,2025-01-13T08:33:48.201Z
231,11:56:02,27/02/2025,K_lowfl_medbth,Karina Guo,,,483,Mid,0.149032,1.905442,0.138221,2.343096,2.675252,2.547028,4.340258,1.665006,25.037687,26.298153,42.665428,0.441786,7.5,PSF-01163_20250227115602_558,0,0,0,202.543259,454.326508,0.55419,0.5,0.8,61.475201,1,55.77,53.1,32.08,30.32,30.32,101.73,80,70.3,12,277,3.864,11:48:26,27/02/2025,-1.19,1,0,-0.001,0,-0.088,-0.524,4.589,1,75,0.001,2,0.058905,0,0.02923,0,0,-0.000068,standard,0,rectangular,7000,500,1,2,55537,55537,55537,0,-9999,0,0,0,0,2.44541,2.489926,1.074927,0.741987,0.206089,-0.018184,0.878449,0.348552,202.543259,0.001132,2.363673,0.000005,1,2.399535,0.000012,1,0.601056,0.600294,0.107352,0,PSF-01163_20250227115602_558,PFA-00994,PSA-00994,PSF-01163,RHS-01998,3.0.0,2025-01-13T08:33:48.201Z
232,11:57:09,27/02/2025,K_lowfl_medbth,Karina Guo,,,483,Mid,0.140735,1.901225,0.131036,2.366303,2.685838,2.555993,4.458291,1.772452,25.127056,26.403519,43.827862,0.441786,7.5,PSF-01163_20250227115709_d1b,0,0,0,164.466263,456.325653,0.639586,0.5,0.8,65.579575,1,55.87,53.17,32.12,30.79,30.79,101.72,79.7,76.2,4.4,256,3.863,11:48:26,27/02/2025,-1.19,1,-0.001,0,-0.009,1.096,0.983,6.118,1,75,0.001,2,0.058905,0,0.02923,0,0,-0.000068,standard,0,rectangular,7000,500,1,2,55537,55537,55537,0,-9999,0,0,0,0,2.445492,2.490049,1.07336,0.754714,0.205769,-0.013062,0.881079,0.330301,164.466263,0.001132,2.363673,0.000005,1,2.399535,0.000012,1,0.601056,0.600294,0.107352,0,PSF-01163_20250227115709_d1b,PFA-00994,PSA-00994,PSF-01163,RHS-01998,3.0.0,2025-01-13T08:33:48.201Z
233,11:57:56,27/02/2025,K_lowfl_medbth,Karina Guo,,,483,Mid,0.169199,1.900645,0.155368,2.583109,2.680274,2.538462,4.313432,1.633157,24.953613,26.347656,42.401932,0.441786,7.5,PSF-01163_20250227115756_915,0,0,0,163.048981,478.457458,0.65922,0.5,0.8,71.983879,1,55.67,52.73,32.14,30.22,30.22,101.73,79.7,79.5,0.3,273,3.862,11:48:26,27/02/2025,-1.19,1,-0.001,0.001,0.001,0.1,0.283,2.926,1,75,0.001,2,0.058905,0,0.02923,0,0,-0.000068,standard,0,rectangular,7000,500,1,2,55537,55537,55537,0,-9999,0,0,0,0,2.444912,2.489783,1.073145,0.761842,0.205574,-0.020228,0.882751,0.344785,163.048981,0.001124,2.363673,0.000005,1,2.399535,0.000012,1,0.601056,0.600294,0.107352,0,PSF-01163_20250227115756_915,PFA-00994,PSA-00994,PSF-01163,RHS-01998,3.0.0,2025-01-13T08:33:48.201Z
234,12:01:52,27/02/2025,K_lowfl_medbth,Karina Guo,,,219,Mid,0.067068,1.905171,0.064787,1.322078,2.485678,2.413183,4.490224,2.004546,23.724134,24.436834,44.143635,0.441786,7.5,PSF-01163_20250227120152_a04,0,0,0,217.349762,441.998718,0.508257,0.5,0.8,57.667213,1,51.78,50.27,32.09,30.92,30.92,101.72,79.9,79.5,0.6,284,3.831,11:48:26,27/02/2025,-1.19,1,-0.001,0,0,1.076,-0.024,1.677,1,75,0.001,2,0.058905,0,0.02923,0,0,-0.000068,standard,0,rectangular,7000,500,1,2,55537,55537,55537,0,-9999,0,0,0,0,2.441679,2.484462,1.074827,0.761854,0.205975,-0.011261,0.889213,0.354059,217.349762,0.001123,2.363673,0.000005,1,2.399535,0.000012,1,0.601056,0.600294,0.107352,0,PSF-01163_20250227120152_a04,PFA-00994,PSA-00994,PSF-01163,RHS-01998,3.0.0,2025-01-13T08:33:48.201Z
235,12:03:13,27/02/2025,K_lowfl_medbth,Karina Guo,,,219,Mid,0.207772,1.899361,0.187285,3.027603,2.568739,2.402206,4.158729,1.589989,23.6161,25.25329,40.88448,0.441786,7.5,PSF-01163_20250227120313_ea8,0,0,0,211.085922,541.293762,0.610034,0.5,0.8,65.408562,1,53.77,50.28,32.01,29.58,29.58,101.72,79.6,79.4,0.2,268,3.855,12:02:13,27/02/2025,-1.17,1,0,0,0.002,0.1,0.62,-1.428,1,75,0.001,2,0.058905,0,0.02923,0,0,-0.000068,standard,0,rectangular,7000,500,1,2,55537,55537,55537,0,-9999,0,0,0,0,2.441713,2.487184,1.072668,0.761747,0.206667,-0.026139,0.891272,0.340492,211.085922,0.001127,2.363673,0.000005,1,2.399535,0.000012,1,0.601056,0.600294,0.107352,0,PSF-01163_20250227120313_ea8,PFA-00994,PSA-00994,PSF-01163,RHS-01998,3.0.0,2025-01-13T08:33:48.201Z
236,12:03:57,27/02/2025,K_lowfl_medbth,Karina Guo,,,219,Mid,0.161737,1.903963,0.149074,2.551975,2.5192,2.379205,4.202882,1.683682,23.3913,24.767672,41.320892,0.441786,7.5,PSF-01163_20250227120357_e5e,0,0,0,209.932205,513.486755,0.591163,0.5,0.8,63.753315,1,52.97,50.02,31.93,29.76,29.76,101.71,79.9,79.5,0.5,270,3.854,12:02:13,27/02/2025,-1.17,1,-0.001,-0.001,0.002,-0.295,0.583,-1.37,1,75,0.001,2,0.058905,0,0.02923,0,0,-0.000068,standard,0,rectangular,7000,500,1,2,55537,55537,55537,0,-9999,0,0,0,0,2.441388,2.486102,1.074377,0.761812,0.207309,-0.023034,0.892657,0.341846,209.932205,0.001129,2.363673,0.000005,1,2.399535,0.000012,1,0.601056,0.600294,0.107352,0,PSF-01163_20250227120357_e5e,PFA-00994,PSA-00994,PSF-01163,RHS-01998,3.0.0,2025-01-13T08:33:48.201Z
237,12:04:24,27/02/2025,K_lowfl_medbth,Karina Guo,,,295,Mid,0.154734,1.903249,0.1431,2.3089,2.485473,2.358699,4.073813,1.58834,23.187981,24.434282,40.048988,0.441786,7.5,PSF-01163_20250227120424_e60,0,0,0,189.810989,505.584595,0.624571,0.5,0.8,70.323669,1,52.42,49.74,31.88,29.22,29.22,101.72,79.8,79.3,0.7,281,3.853,12:02:13,27/02/2025,-1.17,1,-0.001,-0.001,0.002,0.444,0.406,2.406,1,75,0.001,2,0.058905,0,0.02923,0,0,-0.000068,standard,0,rectangular,7000,500,1,2,55537,55537,55537,0,-9999,0,0,0,0,2.441025,2.485356,1.074112,0.761481,0.207741,-0.028777,0.893381,0.352177,189.810989,0.001132,2.363673,0.000005,1,2.399535,0.000012,1,0.601056,0.600294,0.107352,0,PSF-01163_20250227120424_e60,PFA-00994,PSA-00994,PSF-01163,RHS-01998,3.0.0,2025-01-13T08:33:48.201Z
238,12:05:33,27/02/2025,K_lowfl_medbth,Karina Guo,,,295,Mid,0.094133,1.906776,0.089704,1.484591,2.42692,2.345563,4.05652,1.6296,23.061735,23.861643,39.883984,0.441786,7.5,PSF-01163_20250227120533_94b,0,0,0,152.134888,442.181122,0.655944,0.5,0.8,68.599747,1,51.56,49.83,31.75,29.15,29.15,101.71,80,79.3,0.9,261,3.852,12:02:13,27/02/2025,-1.17,1,-0.001,0,0.002,-0.566,-0.759,-0.704,1,75,0.001,2,0.058905,0,0.02923,0,0,-0.000068,standard,0,rectangular,7000,500,1,2,55537,55537,55537,0,-9999,0,0,0,0,2.441164,2.484201,1.075424,0.761489,0.208799,-0.028106,0.895184,0.334753,152.134888,0.00112,2.363673,0.000005,1,2.399535,0.000012,1,0.601056,0.600294,0.107352,0,PSF-01163_20250227120533_94b,PFA-00994,PSA-00994,PSF-01163,RHS-01998,3.0.0,2025-01-13T08:33:48.201Z
239,12:06:03,27/02/2025,K_lowfl_medbth,Karina Guo,,,295,Mid,0.146859,1.901855,0.136332,2.162107,2.476933,2.358108,4.038311,1.561378,23.184504,24.352772,39.703972,0.441786,7.5,PSF-01163_20250227120603_7f5,0,0,0,174.181229,416.719788,0.582018,0.5,0.8,55.052956,1,52.78,50.25,31.69,29.07,29.07,101.71,79.8,79.7,0.1,236,3.852,12:02:13,27/02/2025,-1.17,1,0.001,0.001,0,0.278,-0.205,1.2,1,75,0.001,2,0.058905,0,0.02923,0,0,-0.000068,standard,0,rectangular,7000,500,1,2,55537,55537,55537,0,-9999,0,0,0,0,2.441725,2.485883,1.073594,0.762259,0.209232,-0.028394,0.896089,0.313026,174.181229,0.001137,2.363673,0.000005,1,2.399535,0.000012,1,0.601056,0.600294,0.107352,0,PSF-01163_20250227120603_7f5,PFA-00994,PSA-00994,PSF-01163,RHS-01998,3.0.0,2025-01-13T08:33:48.201Z
240,12:06:28,27/02/2025,K_lowfl_medbth,Karina Guo,,,295,Mid,0.07421,1.903783,0.071426,1.296483,2.40188,2.330674,4.188088,1.786208,22.916924,23.617073,41.180405,0.441786,7.5,PSF-01163_20250227120628_f77,0,0,0,151.834137,406.25238,0.626257,0.5,0.8,54.426098,1,51.31,49.78,31.65,29.7,29.7,101.7,79.9,79.3,0.7,217,3.851,12:02:13,27/02/2025,-1.17,1,0.001,0,0,0.311,0.775,2.236,1,75,0.001,2,0.058905,0,0.02923,0,0,-0.000068,standard,0,rectangular,7000,500,1,2,55537,55537,55537,0,-9999,0,0,0,0,2.441123,2.483871,1.07431,0.761551,0.209589,-0.02045,0.896888,0.296321,151.834137,0.001118,2.363673,0.000005,1,2.399535,0.000012,1,0.601056,0.600294,0.107352,0,PSF-01163_20250227120628_f77,PFA-00994,PSA-00994,PSF-01163,RHS-01998,3.0.0,2025-01-13T08:33:48.201Z
241,12:06:43,27/02/2025,K_lowfl_medbth,Karina Guo,,,295,Mid,0.115331,1.903924,0.108744,1.545292,2.423907,2.339055,3.824846,1.400939,22.99724,23.831491,37.605312,0.441786,7.5,PSF-01163_20250227120643_58d,0,0,0,140.183334,450.124756,0.688568,0.5,0.8,68.014694,1,51.85,50.04,31.62,28.14,28.14,101.71,79.9,79.1,1,247,3.85,12:02:13,27/02/2025,-1.17,1,0,0,0.004,0.267,0.663,1.474,1,75,0.001,2,0.058905,0,0.02923,0,0,-0.000068,standard,0,rectangular,7000,500,1,2,55537,55537,55537,0,-9999,0,0,0,0,2.441465,2.48463,1.074363,0.761025,0.20981,-0.038479,0.897293,0.322131,140.183334,0.001116,2.363673,0.000005,1,2.399535,0.000012,1,0.601056,0.600294,0.107352,0,PSF-01163_20250227120643_58d,PFA-00994,PSA-00994,PSF-01163,RHS-01998,3.0.0,2025-01-13T08:33:48.201Z
242,12:11:19,27/02/2025,K_lowfl_medbth,Karina Guo,,,442,Mid,0.068392,1.909838,0.066028,1.082805,2.316032,2.256758,3.932505,1.616474,22.191544,22.774405,38.669792,0.441786,7.5,PSF-01163_20250227121119_84f,0,0,0,101.893547,402.854919,0.747071,0.5,0.8,76.681145,1,50.77,49.47,31.2,28.61,28.61,101.69,80.2,75.6,5.7,257,3.845,12:02:13,27/02/2025,-1.17,1,0.001,0,0.001,-0.24,-0.286,-1.786,1,75,0.001,2,0.058905,0,0.02923,0,0,-0.000068,standard,0,rectangular,7000,500,1,2,55537,55537,55537,0,-9999,0,0,0,0,2.440789,2.483209,1.076566,0.753459,0.213368,-0.027864,0.905498,0.330536,101.893547,0.001119,2.363673,0.000005,1,2.399535,0.000012,1,0.601056,0.600294,0.107352,0,PSF-01163_20250227121119_84f,PFA-00994,PSA-00994,PSF-01163,RHS-01998,3.0.0,2025-01-13T08:33:48.201Z
243,12:12:14,27/02/2025,K_lowfl_medbth,Karina Guo,,,442,Mid,0.076636,1.903651,0.07367,1.308166,2.348845,2.276959,4.097356,1.748511,22.390903,23.097801,40.292118,0.441786,7.5,PSF-01163_20250227121214_de0,0,0,0,121.354584,466.933258,0.740103,0.5,0.8,75.939362,1,51.73,50.15,31.11,29.32,29.32,101.69,79.9,77.1,3.5,257,3.845,12:02:13,27/02/2025,-1.17,1,0,-0.001,0.003,-0.239,-0.653,-0.565,1,75,0.001,2,0.058905,0,0.02923,0,0,-0.000068,standard,0,rectangular,7000,500,1,2,55537,55537,55537,0,-9999,0,0,0,0,2.441705,2.48455,1.074261,0.756557,0.214069,-0.018564,0.907687,0.330458,121.354584,0.001132,2.363673,0.000005,1,2.399535,0.000012,1,0.601056,0.600294,0.107352,0,PSF-01163_20250227121214_de0,PFA-00994,PSA-00994,PSF-01163,RHS-01998,3.0.0,2025-01-13T08:33:48.201Z
244,12:12:56,27/02/2025,K_lowfl_medbth,Karina Guo,,,442,Mid,0.249738,1.906122,0.220808,3.129084,2.419336,2.2478,3.816219,1.396883,22.104271,23.791113,37.527687,0.441786,7.5,PSF-01163_20250227121256_1c4,0,0,0,134.676224,509.32251,0.735578,0.5,0.8,79.059288,1,53.4,49.62,31.07,28.1,28.1,101.69,80,67.9,15.1,269,3.843,12:12:30,27/02/2025,-1.18,1,-0.001,0,-0.001,-0.011,0.016,0.514,1,75,0.001,2,0.058905,0,0.02923,0,0,-0.000068,standard,0,rectangular,7000,500,1,2,55537,55537,55537,0,-9999,0,0,0,0,2.44101,2.486865,1.075181,0.736811,0.214402,-0.032422,0.908716,0.341053,134.676224,0.001144,2.363673,0.000005,1,2.399535,0.000012,1,0.601056,0.600294,0.107352,0,PSF-01163_20250227121256_1c4,PFA-00994,PSA-00994,PSF-01163,RHS-01998,3.0.0,2025-01-13T08:33:48.201Z
245,12:14:35,27/02/2025,K_lowfl_medbth,Karina Guo,,,736,High,0.025698,1.904693,0.025356,0.506577,2.237402,2.209556,4.204526,1.967124,21.729904,22.003757,41.349453,0.441786,7.5,PSF-01163_20250227121435_f31,0,0,0,167.923096,393.205048,0.572938,0.5,0.8,67.236404,1,49.73,49.11,30.95,29.77,29.77,101.68,79.9,79.3,0.7,293,3.842,12:13:14,27/02/2025,-1.19,1,0,0,-0.002,0.387,0.571,1.493,1,75,0.001,2,0.058905,0,0.02923,0,0,-0.000068,standard,0,rectangular,7000,500,1,2,55537,55537,55537,0,-9999,0,0,0,0,2.440356,2.481837,1.074649,0.761514,0.215411,-0.011405,0.911594,0.362524,167.923096,0.001125,2.363673,0.000005,1,2.399535,0.000012,1,0.601056,0.600294,0.107352,0,PSF-01163_20250227121435_f31,PFA-00994,PSA-00994,PSF-01163,RHS-01998,3.0.0,2025-01-13T08:33:48.201Z
246,12:15:10,27/02/2025,K_lowfl_medbth,Karina Guo,,,736,High,0.029212,1.905638,0.028771,0.58018,2.238373,2.206502,4.223721,1.985347,21.699865,22.013306,41.538223,0.441786,7.5,PSF-01163_20250227121510_b24,0,0,0,190.436127,427.654968,0.554697,0.5,0.8,69.596024,1,49.91,49.2,30.9,29.85,29.85,101.68,80,79.3,0.8,314,3.841,12:13:14,27/02/2025,-1.19,1,0.001,0,-0.002,-0.2,-0.651,1.887,1,75,0.001,2,0.058905,0,0.02923,0,0,-0.000068,standard,0,rectangular,7000,500,1,2,55537,55537,55537,0,-9999,0,0,0,0,2.440484,2.482095,1.075,0.761456,0.215885,-0.009809,0.912398,0.380165,190.436127,0.001137,2.363673,0.000005,1,2.399535,0.000012,1,0.601056,0.600294,0.107352,0,PSF-01163_20250227121510_b24,PFA-00994,PSA-00994,PSF-01163,RHS-01998,3.0.0,2025-01-13T08:33:48.201Z
247,12:15:33,27/02/2025,K_lowfl_medbth,Karina Guo,,,736,High,0.038468,1.906303,0.037707,0.732397,2.244597,2.204386,4.157358,1.912761,21.679909,22.075377,40.887184,0.441786,7.5,PSF-01163_20250227121533_650,0,0,0,184.100388,362.854248,0.492633,0.5,0.8,48.825367,1,50.15,49.25,30.86,29.57,29.57,101.68,80,79.3,0.9,248,3.84,12:13:14,27/02/2025,-1.19,1,0,0,0,0.228,0.903,2.458,1,75,0.001,2,0.058905,0,0.02923,0,0,-0.000068,standard,0,rectangular,7000,500,1,2,55537,55537,55537,0,-9999,0,0,0,0,2.440558,2.48243,1.075248,0.761358,0.216182,-0.01265,0.913063,0.322857,184.100388,0.001123,2.363673,0.000005,1,2.399535,0.000012,1,0.601056,0.600294,0.107352,0,PSF-01163_20250227121533_650,PFA-00994,PSA-00994,PSF-01163,RHS-01998,3.0.0,2025-01-13T08:33:48.201Z
248,12:16:46,27/02/2025,K_lowfl_medbth,Karina Guo,,,167,Low,0.206875,1.906904,0.186628,2.622795,2.327446,2.183625,3.713944,1.386498,21.475782,22.890245,36.526344,0.441786,7.5,PSF-01163_20250227121646_7e6,0,0,0,174.419754,539.682617,0.676811,0.5,0.8,81.684464,1,52.3,49.07,30.76,27.63,27.63,101.68,80,79.3,0.9,302,3.839,12:13:14,27/02/2025,-1.19,1,0,0,0.007,0.043,-0.474,-0.159,1,75,0.001,2,0.058905,0,0.02923,0,0,-0.000068,standard,0,rectangular,7000,500,1,2,55537,55537,55537,0,-9999,0,0,0,0,2.440339,2.48541,1.075472,0.761482,0.217051,-0.03414,0.914914,0.369779,174.419754,0.00113,2.363673,0.000005,1,2.399535,0.000012,1,0.601056,0.600294,0.107352,0,PSF-01163_20250227121646_7e6,PFA-00994,PSA-00994,PSF-01163,RHS-01998,3.0.0,2025-01-13T08:33:48.201Z
249,12:17:17,27/02/2025,K_lowfl_medbth,Karina Guo,,,167,Low,0.150939,1.902549,0.139845,2.365887,2.2977,2.167539,3.964972,1.667272,21.316896,22.596972,38.993938,0.441786,7.5,PSF-01163_20250227121717_eec,0,0,0,171.81694,371.975555,0.538096,0.5,0.8,64.132492,1,51.76,48.83,30.72,28.75,28.75,101.68,79.8,67.3,15.7,298,3.839,12:13:14,27/02/2025,-1.19,1,0.001,-0.001,0,-0.551,-0.572,-2.863,1,75,0.001,2,0.058905,0,0.02923,0,0,-0.000068,standard,0,rectangular,7000,500,1,2,55537,55537,55537,0,-9999,0,0,0,0,2.440035,2.484684,1.073852,0.735483,0.217438,-0.020552,0.915779,0.366504,171.81694,0.001134,2.363673,0.000005,1,2.399535,0.000012,1,0.601056,0.600294,0.107352,0,PSF-01163_20250227121717_eec,PFA-00994,PSA-00994,PSF-01163,RHS-01998,3.0.0,2025-01-13T08:33:48.201Z
250,12:17:35,27/02/2025,K_lowfl_medbth,Karina Guo,,,167,Low,0.21956,1.901703,0.196835,2.886119,2.330817,2.172005,3.776897,1.44608,21.361759,22.923683,37.145939,0.441786,7.5,PSF-01163_20250227121735_49e,0,0,0,153.423782,499.435181,0.692805,0.5,0.8,83.51828,1,52.6,49.01,30.69,27.92,27.92,101.68,79.8,79.3,0.6,301,3.838,12:13:14,27/02/2025,-1.19,1,-0.001,-0.001,0.002,0.429,0.875,1.483,1,75,0.001,2,0.058905,0,0.02923,0,0,-0.000068,standard,0,rectangular,7000,500,1,2,55537,55537,55537,0,-9999,0,0,0,0,2.440283,2.485834,1.073537,0.761382,0.217688,-0.029936,0.916392,0.369476,153.423782,0.00113,2.363673,0.000005,1,2.399535,0.000012,1,0.601056,0.600294,0.107352,0,PSF-01163_20250227121735_49e,PFA-00994,PSA-00994,PSF-01163,RHS-01998,3.0.0,2025-01-13T08:33:48.201Z
251,12:18:03,27/02/2025,K_lowfl_medbth,Karina Guo,,,434,High,0.070565,1.903727,0.068043,1.243436,2.239674,2.171282,4.040415,1.800742,21.35412,22.026741,39.736675,0.441786,7.5,PSF-01163_20250227121803_2a7,0,0,0,167.870514,498.753204,0.66342,0.5,0.8,71.216942,1,50.66,49.11,30.65,29.08,29.08,101.68,79.9,79.2,0.8,268,3.838,12:13:14,27/02/2025,-1.19,1,0,-0.001,-0.001,0.027,-0.246,1.284,1,75,0.001,2,0.058905,0,0.02923,0,0,-0.000068,standard,0,rectangular,7000,500,1,2,55537,55537,55537,0,-9999,0,0,0,0,2.440416,2.483171,1.074289,0.761292,0.218028,-0.015928,0.917296,0.340768,167.870514,0.001125,2.363673,0.000005,1,2.399535,0.000012,1,0.601056,0.600294,0.107352,0,PSF-01163_20250227121803_2a7,PFA-00994,PSA-00994,PSF-01163,RHS-01998,3.0.0,2025-01-13T08:33:48.201Z
252,12:18:43,27/02/2025,K_lowfl_medbth,Karina Guo,,,434,High,0.108007,1.904881,0.102212,1.820791,2.260029,2.159976,4.015505,1.755476,21.242205,22.226168,39.49033,0.441786,7.5,PSF-01163_20250227121843_218,0,0,0,179.999832,502.681732,0.641921,0.5,0.8,67.615211,1,51.28,49.01,30.59,28.97,28.97,101.68,79.9,79.5,0.5,263,3.838,12:13:14,27/02/2025,-1.19,1,0,0.001,0.002,0.534,0.68,2.246,1,75,0.001,2,0.058905,0,0.02923,0,0,-0.000068,standard,0,rectangular,7000,500,1,2,55537,55537,55537,0,-9999,0,0,0,0,2.440297,2.484042,1.074719,0.761979,0.218513,-0.01652,0.918457,0.336385,179.999832,0.001125,2.363673,0.000005,1,2.399535,0.000012,1,0.601056,0.600294,0.107352,0,PSF-01163_20250227121843_218,PFA-00994,PSA-00994,PSF-01163,RHS-01998,3.0.0,2025-01-13T08:33:48.201Z
253,12:19:05,27/02/2025,K_lowfl_medbth,Karina Guo,,,434,High,0.09729,1.898812,0.092548,1.598293,2.24917,2.160969,3.95173,1.70256,21.251282,22.11867,38.861897,0.441786,7.5,PSF-01163_20250227121905_d5d,0,0,0,165.960068,516.570923,0.678727,0.5,0.8,68.278351,1,51.12,49.12,30.56,28.7,28.7,101.69,79.6,79.7,-0.2,251,3.837,12:13:14,27/02/2025,-1.19,1,0,0,-0.006,-0.272,-0.225,2.451,1,75,0.001,2,0.058905,0,0.02923,0,0,-0.000068,standard,0,rectangular,7000,500,1,2,55537,55537,55537,0,-9999,0,0,0,0,2.440445,2.483829,1.072465,0.762419,0.218773,-0.0194,0.918962,0.32609,165.960068,0.001131,2.363673,0.000005,1,2.399535,0.000012,1,0.601056,0.600294,0.107352,0,PSF-01163_20250227121905_d5d,PFA-00994,PSA-00994,PSF-01163,RHS-01998,3.0.0,2025-01-13T08:33:48.201Z
254,12:19:35,27/02/2025,K_lowfl_medbth,Karina Guo,,,504,High,0.03972,1.901835,0.038907,0.744544,2.199806,2.158782,4.085624,1.885817,21.229204,21.632635,40.17754,0.441786,7.5,PSF-01163_20250227121935_b8b,0,0,0,158.52034,399.286499,0.602991,0.5,0.8,71.662323,1,50.12,49.19,30.52,29.27,29.27,101.69,79.8,79.5,0.3,297,3.836,12:13:14,27/02/2025,-1.19,1,-0.001,-0.001,-0.001,-0.738,-0.257,2.139,1,75,0.001,2,0.058905,0,0.02923,0,0,-0.000068,standard,0,rectangular,7000,500,1,2,55537,55537,55537,0,-9999,0,0,0,0,2.440541,2.482455,1.073586,0.761992,0.219131,-0.012161,0.920081,0.365766,158.52034,0.001139,2.363673,0.000005,1,2.399535,0.000012,1,0.601056,0.600294,0.107352,0,PSF-01163_20250227121935_b8b,PFA-00994,PSA-00994,PSF-01163,RHS-01998,3.0.0,2025-01-13T08:33:48.201Z
255,12:20:09,27/02/2025,K_lowfl_medbth,Karina Guo,,,504,High,0.068069,1.897571,0.065711,1.147626,2.218956,2.155551,3.941113,1.722157,21.197639,21.821167,38.756817,0.441786,7.5,PSF-01163_20250227122009_fa7,0,0,0,143.460266,530.926086,0.729792,0.5,0.8,82.714554,1,50.68,49.24,30.47,28.65,28.65,101.69,79.5,79.5,0.1,283,3.836,12:13:14,27/02/2025,-1.19,1,-0.001,-0.001,-0.001,0.435,0.489,3.191,1,75,0.001,2,0.058905,0,0.02923,0,0,-0.000068,standard,0,rectangular,7000,500,1,2,55537,55537,55537,0,-9999,0,0,0,0,2.440615,2.483238,1.072005,0.761787,0.219509,-0.018942,0.921003,0.353796,143.460266,0.001129,2.363673,0.000005,1,2.399535,0.000012,1,0.601056,0.600294,0.107352,0,PSF-01163_20250227122009_fa7,PFA-00994,PSA-00994,PSF-01163,RHS-01998,3.0.0,2025-01-13T08:33:48.201Z
256,12:20:57,27/02/2025,K_lowfl_medbth,Karina Guo,,,504,High,0.044488,1.901477,0.04347,0.833916,2.187091,2.141125,4.077753,1.890661,21.055622,21.507648,40.100231,0.441786,7.5,PSF-01163_20250227122057_7eb,0,0,0,156.231522,447.651398,0.650997,0.5,0.8,78.335655,1,50.14,49.09,30.41,29.24,29.24,101.69,79.7,78.7,1.4,301,3.835,12:13:14,27/02/2025,-1.19,1,0,0.001,-0.002,-0.352,0.158,1.112,1,75,0.001,2,0.058905,0,0.02923,0,0,-0.000068,standard,0,rectangular,7000,500,1,2,55537,55537,55537,0,-9999,0,0,0,0,2.44043,2.482502,1.073453,0.76006,0.220068,-0.011282,0.922428,0.368999,156.231522,0.001138,2.363673,0.000005,1,2.399535,0.000012,1,0.601056,0.600294,0.107352,0,PSF-01163_20250227122057_7eb,PFA-00994,PSA-00994,PSF-01163,RHS-01998,3.0.0,2025-01-13T08:33:48.201Z
257,12:21:30,27/02/2025,K_lowfl_medbth,Karina Guo,,,536,Low,0.154692,1.899769,0.143044,2.24809,2.257781,2.133811,3.808237,1.550456,20.984055,22.203184,37.450485,0.441786,7.5,PSF-01163_20250227122130_8b8,0,0,0,140.9086,531.165344,0.734718,0.5,0.8,78.845802,1,51.89,49.04,30.37,28.06,28.06,101.69,79.7,79.6,0.1,268,3.831,12:13:14,27/02/2025,-1.19,1,0,0.001,0,0.28,0.204,0.059,1,75,0.001,2,0.058905,0,0.02923,0,0,-0.000068,standard,0,rectangular,7000,500,1,2,55537,55537,55537,0,-9999,0,0,0,0,2.440373,2.484912,1.07282,0.762038,0.220435,-0.024559,0.923532,0.340695,140.9086,0.001112,2.363673,0.000005,1,2.399535,0.000012,1,0.601056,0.600294,0.107352,0,PSF-01163_20250227122130_8b8,PFA-00994,PSA-00994,PSF-01163,RHS-01998,3.0.0,2025-01-13T08:33:48.201Z
258,12:22:02,27/02/2025,K_lowfl_medbth,Karina Guo,,,536,Low,0.07804,1.903349,0.074966,1.307427,2.212735,2.140779,3.93263,1.719895,21.052217,21.759829,38.673107,0.441786,7.5,PSF-01163_20250227122202_e7d,0,0,0,162.432068,566.924927,0.713486,0.5,0.8,68.870918,1,50.96,49.3,30.33,28.61,28.61,101.69,79.9,79.2,0.8,241,3.834,12:13:14,27/02/2025,-1.19,1,0.001,0.001,0.002,0.226,0.604,1.619,1,75,0.001,2,0.058905,0,0.02923,0,0,-0.000068,standard,0,rectangular,7000,500,1,2,55537,55537,55537,0,-9999,0,0,0,0,2.440731,2.483643,1.074149,0.761224,0.220757,-0.017689,0.924752,0.31724,162.432068,0.00115,2.363673,0.000005,1,2.399535,0.000012,1,0.601056,0.600294,0.107352,0,PSF-01163_20250227122202_e7d,PFA-00994,PSA-00994,PSF-01163,RHS-01998,3.0.0,2025-01-13T08:33:48.201Z
259,12:22:28,27/02/2025,K_lowfl_medbth,Karina Guo,,,536,Low,0.14053,1.902685,0.130865,2.084135,2.234129,2.119398,3.805534,1.571404,20.841801,21.970053,37.422981,0.441786,7.5,PSF-01163_20250227122228_112,0,0,0,141.599182,522.103455,0.728791,0.5,0.8,84.677734,1,51.54,48.9,30.3,28.05,28.05,101.69,79.8,77.2,3.3,290,3.834,12:13:14,27/02/2025,-1.19,1,0.001,0,0.004,-0.038,0.155,-0.284,1,75,0.001,2,0.058905,0,0.02923,0,0,-0.000068,standard,0,rectangular,7000,500,1,2,55537,55537,55537,0,-9999,0,0,0,0,2.440197,2.484451,1.073902,0.756747,0.221025,-0.023907,0.925602,0.359992,141.599182,0.001124,2.363673,0.000005,1,2.399535,0.000012,1,0.601056,0.600294,0.107352,0,PSF-01163_20250227122228_112,PFA-00994,PSA-00994,PSF-01163,RHS-01998,3.0.0,2025-01-13T08:33:48.201Z
260,12:22:47,27/02/2025,K_lowfl_medbth,Karina Guo,,,556,Mid,0.088217,1.905502,0.084314,1.414771,2.192466,2.1147,3.848109,1.655643,20.795761,21.560507,37.841942,0.441786,7.5,PSF-01163_20250227122247_247,0,0,0,146.520493,509.039276,0.712163,0.5,0.8,78.397675,1,50.66,48.86,30.27,28.24,28.24,101.69,80,79.4,0.7,275,3.833,12:13:14,27/02/2025,-1.19,1,-0.001,0,-0.001,0.417,0.423,2.075,1,75,0.001,2,0.058905,0,0.02923,0,0,-0.000068,standard,0,rectangular,7000,500,1,2,55537,55537,55537,0,-9999,0,0,0,0,2.440154,2.483236,1.07495,0.761671,0.221249,-0.021386,0.926279,0.346717,146.520493,0.001122,2.363673,0.000005,1,2.399535,0.000012,1,0.601056,0.600294,0.107352,0,PSF-01163_20250227122247_247,PFA-00994,PSA-00994,PSF-01163,RHS-01998,3.0.0,2025-01-13T08:33:48.201Z
261,12:23:25,27/02/2025,K_lowfl_medbth,Karina Guo,,,556,Mid,0.139492,1.899262,0.129948,2.115399,2.241182,2.124471,3.846956,1.605774,20.892412,22.040171,37.831631,0.441786,7.5,PSF-01163_20250227122325_1a2,0,0,0,150.921112,482.204315,0.687018,0.5,0.8,82.587753,1,51.92,49.22,30.23,28.23,28.23,101.69,79.6,79.6,0.1,301,3.832,12:13:14,27/02/2025,-1.19,1,-0.001,0,0,0.164,0.59,2.002,1,75,0.001,2,0.058905,0,0.02923,0,0,-0.000068,standard,0,rectangular,7000,500,1,2,55537,55537,55537,0,-9999,0,0,0,0,2.44064,2.484987,1.072631,0.762033,0.221663,-0.02089,0.927516,0.368739,150.921112,0.001115,2.363673,0.000005,1,2.399535,0.000012,1,0.601056,0.600294,0.107352,0,PSF-01163_20250227122325_1a2,PFA-00994,PSA-00994,PSF-01163,RHS-01998,3.0.0,2025-01-13T08:33:48.201Z
262,12:24:13,27/02/2025,K_lowfl_medbth,Karina Guo,,,556,Mid,0.135675,1.899417,0.12663,2.05674,2.24418,2.130719,3.846335,1.602155,20.95365,22.069431,37.825146,0.441786,7.5,PSF-01163_20250227122413_fe1,0,0,0,185.815216,470.940826,0.605438,0.5,0.8,64.13089,1,52.07,49.44,30.2,28.23,28.23,101.69,79.6,79.5,0.2,265,3.831,12:23:49,27/02/2025,-1.22,1,-0.001,0,0.001,-0.079,0.205,1.655,1,75,0.001,2,0.058905,0,0.02923,0,0,-0.000068,standard,0,rectangular,7000,500,1,2,55537,55537,55537,0,-9999,0,0,0,0,2.44094,2.485237,1.072689,0.761898,0.221903,-0.020602,0.929258,0.337673,185.815216,0.001127,2.363673,0.000005,1,2.399535,0.000012,1,0.601056,0.600294,0.107352,0,PSF-01163_20250227122413_fe1,PFA-00994,PSA-00994,PSF-01163,RHS-01998,3.0.0,2025-01-13T08:33:48.201Z
263,12:24:50,27/02/2025,K_lowfl_medbth,Karina Guo,,,244,Low,0.128677,1.902651,0.120526,1.978161,2.24875,2.139866,3.867568,1.618818,21.04303,22.113779,38.032928,0.441786,7.5,PSF-01163_20250227122450_c44,0,0,0,163.309692,557.005737,0.706808,0.5,0.8,87.047226,1,52.3,49.76,30.16,28.33,28.33,101.69,79.8,76.4,4.3,308,3.83,12:23:49,27/02/2025,-1.22,1,0.002,0.001,0.005,0.485,0.784,1.493,1,75,0.001,2,0.058905,0,0.02923,0,0,-0.000068,standard,0,rectangular,7000,500,1,2,55537,55537,55537,0,-9999,0,0,0,0,2.441373,2.485547,1.07389,0.755139,0.222237,-0.019054,0.930485,0.375139,163.309692,0.001129,2.363673,0.000005,1,2.399535,0.000012,1,0.601056,0.600294,0.107352,0,PSF-01163_20250227122450_c44,PFA-00994,PSA-00994,PSF-01163,RHS-01998,3.0.0,2025-01-13T08:33:48.201Z
264,12:25:17,27/02/2025,K_lowfl_medbth,Karina Guo,,,244,Low,0.144512,1.899236,0.134294,2.010821,2.232961,2.122018,3.710914,1.477953,20.869978,21.961103,36.496723,0.441786,7.5,PSF-01163_20250227122517_dda,0,0,0,141.461487,470.351807,0.699243,0.5,0.8,85.917221,1,52.02,49.43,30.13,27.62,27.62,101.68,79.6,70.1,11.9,307,3.828,12:23:49,27/02/2025,-1.22,1,-0.001,0.001,-9999,0.145,0.211,-9999,1,75,0.001,2,0.058905,0,0.02923,0,0,-0.000068,standard,0,rectangular,7000,500,1,2,55537,55537,55537,0,-9999,0,0,0,0,2.440941,2.48517,1.072622,0.741567,0.2225,-0.026928,0.931377,0.374522,141.461487,0.001132,2.363673,0.000005,1,2.399535,0.000012,1,0.601056,0.600294,0.107352,0,PSF-01163_20250227122517_dda,PFA-00994,PSA-00994,PSF-01163,RHS-01998,3.0.0,2025-01-13T08:33:48.201Z
265,12:25:55,27/02/2025,K_lowfl_medbth,Karina Guo,,,244,Low,0.164284,1.905613,0.151245,2.304301,2.240623,2.114035,3.744287,1.503664,20.789631,22.03451,36.821686,0.441786,7.5,PSF-01163_20250227122555_ae3,0,0,0,160.915726,446.301697,0.639446,0.5,0.8,78.688087,1,52.3,49.34,30.1,27.77,27.77,101.69,80,79.4,0.7,308,3.827,12:23:49,27/02/2025,-1.22,1,0,0.001,0.003,0.305,0.697,2.108,1,75,0.001,2,0.058905,0,0.02923,0,0,-0.000068,standard,0,rectangular,7000,500,1,2,55537,55537,55537,0,-9999,0,0,0,0,2.440829,2.485563,1.074991,0.761665,0.222801,-0.024756,0.932673,0.374924,160.915726,0.001127,2.363673,0.000005,1,2.399535,0.000012,1,0.601056,0.600294,0.107352,0,PSF-01163_20250227122555_ae3,PFA-00994,PSA-00994,PSF-01163,RHS-01998,3.0.0,2025-01-13T08:33:48.201Z
266,12:26:32,27/02/2025,K_lowfl_medbth,Karina Guo,,,390,Low,0.091689,1.90396,0.087476,1.418807,2.179953,2.101874,3.780927,1.600974,20.669786,21.437613,37.181557,0.441786,7.5,PSF-01163_20250227122632_091,0,0,0,161.833771,500.820648,0.676863,0.5,0.8,83.37603,1,50.98,49.15,30.06,27.94,27.94,101.69,79.9,79.6,0.4,308,3.827,12:23:49,27/02/2025,-1.22,1,0,0.001,0.001,0.21,0.703,2.502,1,75,0.001,2,0.058905,0,0.02923,0,0,-0.000068,standard,0,rectangular,7000,500,1,2,55537,55537,55537,0,-9999,0,0,0,0,2.440582,2.483754,1.074376,0.762104,0.223091,-0.022438,0.933968,0.375193,161.833771,0.001136,2.363673,0.000005,1,2.399535,0.000012,1,0.601056,0.600294,0.107352,0,PSF-01163_20250227122632_091,PFA-00994,PSA-00994,PSF-01163,RHS-01998,3.0.0,2025-01-13T08:33:48.201Z
267,12:27:37,27/02/2025,K_lowfl_medbth,Karina Guo,,,390,Low,0.149914,1.900367,0.138953,2.160924,2.230573,2.111431,3.765275,1.534702,20.764835,21.936539,37.029541,0.441786,7.5,PSF-01163_20250227122737_d79,0,0,0,144.328949,456.917511,0.684125,0.5,0.8,86.925919,1,52.32,49.53,30.01,27.87,27.87,101.68,79.7,78.5,1.5,318,3.826,12:23:49,27/02/2025,-1.22,1,0,0,0,-0.016,-0.28,-0.034,1,75,0.001,2,0.058905,0,0.02923,0,0,-0.000068,standard,0,rectangular,7000,500,1,2,55537,55537,55537,0,-9999,0,0,0,0,2.44109,2.485611,1.073042,0.759704,0.223561,-0.022639,0.93635,0.383632,144.328949,0.001138,2.363673,0.000005,1,2.399535,0.000012,1,0.601056,0.600294,0.107352,0,PSF-01163_20250227122737_d79,PFA-00994,PSA-00994,PSF-01163,RHS-01998,3.0.0,2025-01-13T08:33:48.201Z
268,12:27:53,27/02/2025,K_lowfl_medbth,Karina Guo,,,390,Low,0.124718,1.898564,0.11703,1.660157,2.195515,2.103838,3.596873,1.401358,20.690216,21.591814,35.373482,0.441786,7.5,PSF-01163_20250227122753_021,0,0,0,128.126984,423.755402,0.697639,0.5,0.8,88.666855,1,51.54,49.38,30,27.08,27.08,101.68,79.6,79.6,0,318,3.826,12:23:49,27/02/2025,-1.22,1,-0.001,-0.001,0.003,0.363,0.66,0.721,1,75,0.001,2,0.058905,0,0.02923,0,0,-0.000068,standard,0,rectangular,7000,500,1,2,55537,55537,55537,0,-9999,0,0,0,0,2.4409,2.48453,1.072373,0.762076,0.223665,-0.03152,0.936777,0.383706,128.126984,0.00111,2.363673,0.000005,1,2.399535,0.000012,1,0.601056,0.600294,0.107352,0,PSF-01163_20250227122753_021,PFA-00994,PSA-00994,PSF-01163,RHS-01998,3.0.0,2025-01-13T08:33:48.201Z
269,12:28:38,27/02/2025,K_lowfl_medbth,Karina Guo,,,92,Low,0.095076,1.902536,0.09055,1.509574,2.185561,2.102416,3.830575,1.645014,20.676228,21.493919,37.671822,0.441786,7.5,PSF-01163_20250227122838_d63,0,0,0,203.128693,564.439392,0.640123,0.5,0.8,81.476402,1,51.39,49.44,29.97,28.16,28.16,101.68,79.8,79.4,0.5,318,3.825,12:23:49,27/02/2025,-1.22,1,-0.001,0,-0.003,0.115,0.369,1.11,1,75,0.001,2,0.058905,0,0.02923,0,0,-0.000068,standard,0,rectangular,7000,500,1,2,55537,55537,55537,0,-9999,0,0,0,0,2.440975,2.484337,1.073847,0.76165,0.223933,-0.018724,0.938274,0.384113,203.128693,0.001127,2.363673,0.000005,1,2.399535,0.000012,1,0.601056,0.600294,0.107352,0,PSF-01163_20250227122838_d63,PFA-00994,PSA-00994,PSF-01163,RHS-01998,3.0.0,2025-01-13T08:33:48.201Z
270,12:29:00,27/02/2025,K_lowfl_medbth,Karina Guo,,,92,Low,0.085444,1.904933,0.081776,1.221937,2.174354,2.107153,3.650248,1.475893,20.722666,21.383551,35.898129,0.441786,7.5,PSF-01163_20250227122900_663,0,0,0,38.682819,100.237366,0.614088,0.5,0.8,74.191719,1,51.17,49.58,29.96,27.34,27.34,101.68,79.9,79.6,0.5,302,3.798,12:23:49,27/02/2025,-1.22,1,0,-0.001,0.005,0.141,0.173,0.262,1,75,0.001,2,0.058905,0,0.02923,0,0,-0.000068,standard,0,rectangular,7000,500,1,2,55537,55537,55537,0,-9999,0,0,0,0,2.441174,2.484028,1.074738,0.762043,0.224045,-0.028129,0.939111,0.370053,38.682819,0.001153,2.363673,0.000005,1,2.399535,0.000012,1,0.601056,0.600294,0.107352,0,PSF-01163_20250227122900_663,PFA-00994,PSA-00994,PSF-01163,RHS-01998,3.0.0,2025-01-13T08:33:48.201Z
271,12:29:20,27/02/2025,K_lowfl_medbth,Karina Guo,,,92,Low,0.1171,1.903157,0.110312,1.669176,2.202744,2.110869,3.69662,1.493876,20.760586,21.66419,36.356594,0.441786,7.5,PSF-01163_20250227122920_77f,0,0,0,185.994751,484.094727,0.615789,0.5,0.8,82.738266,1,51.88,49.71,29.94,27.55,27.55,101.68,79.8,79.9,0,336,3.825,12:23:49,27/02/2025,-1.22,1,0,0.001,0.001,0.169,0.889,1.891,1,75,0.001,2,0.058905,0,0.02923,0,0,-0.000068,standard,0,rectangular,7000,500,1,2,55537,55537,55537,0,-9999,0,0,0,0,2.441346,2.485008,1.074078,0.762679,0.224171,-0.025476,0.939836,0.399505,185.994751,0.001133,2.363673,0.000005,1,2.399535,0.000012,1,0.601056,0.600294,0.107352,0,PSF-01163_20250227122920_77f,PFA-00994,PSA-00994,PSF-01163,RHS-01998,3.0.0,2025-01-13T08:33:48.201Z
272,12:29:48,27/02/2025,K_lowfl_medbth,Karina Guo,,,111,Mid,0.011244,1.902806,0.011178,0.225483,2.126367,2.113942,4.114628,1.988262,20.789431,20.911619,40.465054,0.441786,7.5,PSF-01163_20250227122948_236,0,0,0,161.019089,294.859894,0.453913,0.5,0.8,58.263344,1,50.12,49.82,29.93,29.4,29.4,101.68,79.8,79.5,0.4,321,3.824,12:23:49,27/02/2025,-1.22,1,0,-0.001,0,0.57,0.522,2.615,1,75,0.001,2,0.058905,0,0.02923,0,0,-0.000068,standard,0,rectangular,7000,500,1,2,55537,55537,55537,0,-9999,0,0,0,0,2.441496,2.482587,1.073947,0.761967,0.224291,-0.003798,0.940958,0.386451,161.019089,0.001111,2.363673,0.000005,1,2.399535,0.000012,1,0.601056,0.600294,0.107352,0,PSF-01163_20250227122948_236,PFA-00994,PSA-00994,PSF-01163,RHS-01998,3.0.0,2025-01-13T08:33:48.201Z
273,12:30:13,27/02/2025,K_lowfl_medbth,Karina Guo,,,111,Mid,0.02571,1.904167,0.025367,0.500701,2.139939,2.112378,4.085578,1.945639,20.773743,21.044781,40.178768,0.441786,7.5,PSF-01163_20250227123013_578,0,0,0,164.066071,267.995941,0.387804,0.5,0.8,28.818989,1,50.45,49.8,29.92,29.27,29.27,101.68,79.9,79.5,0.5,186,3.824,12:23:49,27/02/2025,-1.22,1,0,0,0,0.222,0.659,2.232,1,75,0.001,2,0.058905,0,0.02923,0,0,-0.000068,standard,0,rectangular,7000,500,1,2,55537,55537,55537,0,-9999,0,0,0,0,2.441471,2.483053,1.074453,0.761879,0.224344,-0.005176,0.941915,0.268938,164.066071,0.001141,2.363673,0.000005,1,2.399535,0.000012,1,0.601056,0.600294,0.107352,0,PSF-01163_20250227123013_578,PFA-00994,PSA-00994,PSF-01163,RHS-01998,3.0.0,2025-01-13T08:33:48.201Z
274,12:30:32,27/02/2025,K_lowfl_medbth,Karina Guo,,,111,Mid,0.021734,1.904769,0.021489,0.426929,2.157391,2.133904,4.115396,1.958004,20.984507,21.215477,40.470211,0.441786,7.5,PSF-01163_20250227123032_d5e,0,0,0,152.592651,275.462494,0.446049,0.5,0.8,56.566822,1,50.87,50.31,29.92,29.4,29.4,101.69,79.9,79.4,0.6,317,3.824,12:23:49,27/02/2025,-1.22,1,0,-0.001,0,0.182,0.007,2.778,1,75,0.001,2,0.058905,0,0.02923,0,0,-0.000068,standard,0,rectangular,7000,500,1,2,55537,55537,55537,0,-9999,0,0,0,0,2.442149,2.483626,1.074677,0.761708,0.224355,-0.003675,0.942734,0.383102,152.592651,0.001113,2.363673,0.000005,1,2.399535,0.000012,1,0.601056,0.600294,0.107352,0,PSF-01163_20250227123032_d5e,PFA-00994,PSA-00994,PSF-01163,RHS-01998,3.0.0,2025-01-13T08:33:48.201Z
276,12:31:30,27/02/2025,K_lowfl_medbth,Karina Guo,,,484,Mid,0.063315,1.905861,0.06128,1.099465,2.175272,2.114847,3.944675,1.769403,20.7992,21.393467,38.795277,0.441786,7.5,PSF-01163_20250227123130_a47,0,0,0,168.315765,436.97226,0.614814,0.5,0.8,80.249855,1,51.32,49.9,29.91,28.67,28.67,101.68,80,79.3,0.8,326,3.822,12:23:49,27/02/2025,-1.22,1,0,0,0.001,0.202,-0.978,2.976,1,75,0.001,2,0.058905,0,0.02923,0,0,-0.000068,standard,0,rectangular,7000,500,1,2,55537,55537,55537,0,-9999,0,0,0,0,2.441596,2.484251,1.075083,0.761538,0.22445,-0.012152,0.944515,0.391168,168.315765,0.001115,2.363673,0.000005,1,2.399535,0.000012,1,0.601056,0.600294,0.107352,0,PSF-01163_20250227123130_a47,PFA-00994,PSA-00994,PSF-01163,RHS-01998,3.0.0,2025-01-13T08:33:48.201Z
277,12:31:59,27/02/2025,K_lowfl_medbth,Karina Guo,,,484,Mid,0.1388,1.902472,0.129362,2.0545,2.215909,2.102786,3.783088,1.56718,20.681038,21.793608,37.206924,0.441786,7.5,PSF-01163_20250227123159_d8d,0,0,0,164.305328,387.655029,0.576156,0.5,0.8,75.438507,1,52.31,49.64,29.9,27.95,27.95,101.68,79.8,79.4,0.5,327,3.821,12:23:49,27/02/2025,-1.22,1,0,0,0.001,-0.139,0.325,-0.379,1,75,0.001,2,0.058905,0,0.02923,0,0,-0.000068,standard,0,rectangular,7000,500,1,2,55537,55537,55537,0,-9999,0,0,0,0,2.441257,2.485612,1.073823,0.761614,0.224536,-0.020414,0.94553,0.392053,164.305328,0.001145,2.363673,0.000005,1,2.399535,0.000012,1,0.601056,0.600294,0.107352,0,PSF-01163_20250227123159_d8d,PFA-00994,PSA-00994,PSF-01163,RHS-01998,3.0.0,2025-01-13T08:33:48.201Z
278,12:32:59,27/02/2025,K_lowfl_medbth,Karina Guo,,,484,Mid,0.105577,1.900603,0.100021,1.665168,2.195593,2.103767,3.838195,1.642602,20.689617,21.592684,37.746948,0.441786,7.5,PSF-01163_20250227123259_9a9,0,0,0,160.19368,382.569183,0.581269,0.5,0.8,74.020172,1,51.86,49.69,29.89,28.2,28.2,101.68,79.7,79.5,0.2,318,3.821,12:23:49,27/02/2025,-1.22,1,-0.001,0,-0.001,0.229,0.463,0.716,1,75,0.001,2,0.058905,0,0.02923,0,0,-0.000068,standard,0,rectangular,7000,500,1,2,55537,55537,55537,0,-9999,0,0,0,0,2.44133,2.484998,1.073129,0.761957,0.22463,-0.017407,0.947853,0.384243,160.19368,0.001138,2.363673,0.000005,1,2.399535,0.000012,1,0.601056,0.600294,0.107352,0,PSF-01163_20250227123259_9a9,PFA-00994,PSA-00994,PSF-01163,RHS-01998,3.0.0,2025-01-13T08:33:48.201Z
279,12:33:35,27/02/2025,K_lowfl_medbth,Karina Guo,,,314,Low,0.167824,1.900531,0.154207,2.369559,2.233177,2.102546,3.749725,1.516548,20.676895,21.961552,36.875618,0.441786,7.5,PSF-01163_20250227123335_297,0,0,0,146.834854,467.254761,0.68575,0.5,0.8,85.351059,1,52.79,49.71,29.88,27.8,27.8,101.69,79.7,79.5,0.2,311,3.819,12:23:49,27/02/2025,-1.22,1,0.001,0,0.004,0.241,0.208,1.878,1,75,0.001,2,0.058905,0,0.02923,0,0,-0.000068,standard,0,rectangular,7000,500,1,2,55537,55537,55537,0,-9999,0,0,0,0,2.44135,2.48628,1.073102,0.761982,0.224758,-0.021881,0.94915,0.377984,146.834854,0.001135,2.363673,0.000005,1,2.399535,0.000012,1,0.601056,0.600294,0.107352,0,PSF-01163_20250227123335_297,PFA-00994,PSA-00994,PSF-01163,RHS-01998,3.0.0,2025-01-13T08:33:48.201Z
280,12:34:00,27/02/2025,K_lowfl_medbth,Karina Guo,,,314,Low,0.15845,1.901886,0.146264,2.123617,2.239007,2.122051,3.672448,1.433441,20.869074,22.019266,36.116283,0.441786,7.5,PSF-01163_20250227123400_073,0,0,0,131.391403,447.97934,0.706702,0.5,0.8,64.780357,1,52.94,50.18,29.87,27.44,27.44,101.68,79.8,79.4,0.5,229,3.791,12:23:49,27/02/2025,-1.22,1,0.001,0,0.001,0.489,0.459,0.345,1,75,0.001,2,0.058905,0,0.02923,0,0,-0.000068,standard,0,rectangular,7000,500,1,2,55537,55537,55537,0,-9999,0,0,0,0,2.441976,2.486486,1.073605,0.761582,0.224793,-0.025951,0.949968,0.306668,131.391403,0.001124,2.363673,0.000005,1,2.399535,0.000012,1,0.601056,0.600294,0.107352,0,PSF-01163_20250227123400_073,PFA-00994,PSA-00994,PSF-01163,RHS-01998,3.0.0,2025-01-13T08:33:48.201Z
281,12:34:46,27/02/2025,K_lowfl_medbth,Karina Guo,,,314,Low,0.110414,1.908623,0.104375,1.64823,2.195284,2.104888,3.753956,1.558672,20.701359,21.590387,36.919769,0.441786,7.5,PSF-01163_20250227123446_336,0,0,0,161.611313,426.735168,0.621284,0.5,0.8,78.766685,1,51.85,49.72,29.89,27.81,27.81,101.68,80.1,74.6,6.9,317,3.817,12:34:17,27/02/2025,-1.29,1,0.001,0,-0.001,-0.008,-0.59,1.501,1,75,0.001,2,0.058905,0,0.02923,0,0,-0.000068,standard,0,rectangular,7000,500,1,2,55537,55537,55537,0,-9999,0,0,0,0,2.441362,2.485093,1.076112,0.751203,0.224622,-0.021836,0.951493,0.383021,161.611313,0.001127,2.363673,0.000005,1,2.399535,0.000012,1,0.601056,0.600294,0.107352,0,PSF-01163_20250227123446_336,PFA-00994,PSA-00994,PSF-01163,RHS-01998,3.0.0,2025-01-13T08:33:48.201Z
282,12:35:15,27/02/2025,K_lowfl_medbth,Karina Guo,,,186,Mid,0.092017,1.906194,0.08778,1.451367,2.175284,2.09554,3.806976,1.631692,20.609825,21.394119,37.441956,0.441786,7.5,PSF-01163_20250227123515_55c,0,0,0,135.446198,332.58606,0.592748,0.5,0.8,76.063072,1,51.39,49.5,29.89,28.05,28.05,101.68,80,79.5,0.6,321,3.816,12:34:17,27/02/2025,-1.29,1,0,0,0,0.042,0.458,1.988,1,75,0.001,2,0.058905,0,0.02923,0,0,-0.000068,standard,0,rectangular,7000,500,1,2,55537,55537,55537,0,-9999,0,0,0,0,2.441079,2.484454,1.075207,0.761905,0.224645,-0.019018,0.95242,0.386375,135.446198,0.001144,2.363673,0.000005,1,2.399535,0.000012,1,0.601056,0.600294,0.107352,0,PSF-01163_20250227123515_55c,PFA-00994,PSA-00994,PSF-01163,RHS-01998,3.0.0,2025-01-13T08:33:48.201Z
283,12:35:50,27/02/2025,K_lowfl_medbth,Karina Guo,,,186,Mid,0.11186,1.902948,0.105649,1.730629,2.189164,2.093873,3.805735,1.616571,20.591957,21.529091,37.427078,0.441786,7.5,PSF-01163_20250227123550_9d5,0,0,0,149.971603,360.470306,0.583956,0.5,0.8,68.839661,1,51.76,49.51,29.87,28.05,28.05,101.68,79.8,79.6,0.3,295,3.816,12:34:17,27/02/2025,-1.29,1,-0.001,-0.001,0,0.625,0.369,2.355,1,75,0.001,2,0.058905,0,0.02923,0,0,-0.000068,standard,0,rectangular,7000,500,1,2,55537,55537,55537,0,-9999,0,0,0,0,2.441085,2.484968,1.074,0.762003,0.224775,-0.018911,0.953412,0.363679,149.971603,0.00113,2.363673,0.000005,1,2.399535,0.000012,1,0.601056,0.600294,0.107352,0,PSF-01163_20250227123550_9d5,PFA-00994,PSA-00994,PSF-01163,RHS-01998,3.0.0,2025-01-13T08:33:48.201Z
284,12:36:30,27/02/2025,K_lowfl_medbth,Karina Guo,,,186,Mid,0.06666,1.90067,0.064401,1.198525,2.191411,2.125319,4.025874,1.834463,20.901886,21.551878,39.593273,0.441786,7.5,PSF-01163_20250227123630_bfe,0,0,0,119.964836,236.634857,0.493038,0.5,0.8,63.488075,1,51.83,50.27,29.87,29.02,29.02,101.68,79.7,79.3,0.5,322,3.812,12:34:17,27/02/2025,-1.29,1,0,0.001,-0.002,-0.134,0.572,4.742,1,75,0.001,2,0.058905,0,0.02923,0,0,-0.000068,standard,0,rectangular,7000,500,1,2,55537,55537,55537,0,-9999,0,0,0,0,2.442096,2.485068,1.073154,0.761501,0.224832,-0.007527,0.954852,0.387345,119.964836,0.001132,2.363673,0.000005,1,2.399535,0.000012,1,0.601056,0.600294,0.107352,0,PSF-01163_20250227123630_bfe,PFA-00994,PSA-00994,PSF-01163,RHS-01998,3.0.0,2025-01-13T08:33:48.201Z
285,12:37:11,27/02/2025,K_lowfl_medbth,Karina Guo,,,331,Mid,0.115905,1.90705,0.109264,1.778213,2.236326,2.138734,3.841693,1.605368,21.033504,21.993275,37.781357,0.441786,7.5,PSF-01163_20250227123711_1ff,0,0,0,135.80632,465.15155,0.708039,0.5,0.8,77.670578,1,52.89,50.58,29.87,28.21,28.21,101.68,80.1,71.7,10.4,274,3.815,12:34:17,27/02/2025,-1.29,1,0.003,0.001,-9999,0.17,0.513,-9999,1,75,0.001,2,0.058905,0,0.02923,0,0,-0.000068,standard,0,rectangular,7000,500,1,2,55537,55537,55537,0,-9999,0,0,0,0,2.442512,2.486523,1.075526,0.744975,0.224822,-0.016973,0.956357,0.345878,135.80632,0.00115,2.363673,0.000005,1,2.399535,0.000012,1,0.601056,0.600294,0.107352,0,PSF-01163_20250227123711_1ff,PFA-00994,PSA-00994,PSF-01163,RHS-01998,3.0.0,2025-01-13T08:33:48.201Z
286,12:37:46,27/02/2025,K_lowfl_medbth,Karina Guo,,,331,Mid,0.117881,1.911004,0.111032,1.721297,2.218774,2.124542,3.748854,1.53008,20.894039,21.820765,36.868504,0.441786,7.5,PSF-01163_20250227123746_bd4,0,0,0,146.649246,491.113892,0.701395,0.5,0.8,80.995415,1,52.48,50.25,29.87,27.79,27.79,101.68,80.3,79.2,1.3,289,3.815,12:34:17,27/02/2025,-1.29,1,0.001,0,0.003,-0.021,-0.4,0.306,1,75,0.001,2,0.058905,0,0.02923,0,0,-0.000068,standard,0,rectangular,7000,500,1,2,55537,55537,55537,0,-9999,0,0,0,0,2.442068,2.485954,1.077001,0.761304,0.224824,-0.02184,0.957674,0.358445,146.649246,0.001149,2.363673,0.000005,1,2.399535,0.000012,1,0.601056,0.600294,0.107352,0,PSF-01163_20250227123746_bd4,PFA-00994,PSA-00994,PSF-01163,RHS-01998,3.0.0,2025-01-13T08:33:48.201Z
287,12:38:51,27/02/2025,K_lowfl_medbth,Karina Guo,,,331,Mid,0.121287,1.904764,0.114026,1.848695,2.226112,2.124494,3.825479,1.599366,20.895256,21.894716,37.62513,0.441786,7.5,PSF-01163_20250227123851_63f,0,0,0,162.187454,440.765625,0.632032,0.5,0.8,71.652657,1,52.64,50.24,29.87,28.14,28.14,101.67,79.9,79.4,0.6,283,3.814,12:34:17,27/02/2025,-1.29,1,-0.001,-0.001,0.002,0.307,-0.078,0.388,1,75,0.001,2,0.058905,0,0.02923,0,0,-0.000068,standard,0,rectangular,7000,500,1,2,55537,55537,55537,0,-9999,0,0,0,0,2.442058,2.486182,1.074675,0.761741,0.224804,-0.017841,0.959881,0.353859,162.187454,0.001125,2.363673,0.000005,1,2.399535,0.000012,1,0.601056,0.600294,0.107352,0,PSF-01163_20250227123851_63f,PFA-00994,PSA-00994,PSF-01163,RHS-01998,3.0.0,2025-01-13T08:33:48.201Z
288,12:39:34,27/02/2025,K_lowfl_medbth,Karina Guo,,,356,High,0.130375,1.906607,0.12203,1.954519,2.223831,2.116529,3.804018,1.580187,20.817068,21.872442,37.414333,0.441786,7.5,PSF-01163_20250227123934_ba2,0,0,0,157.276505,514.740601,0.694455,0.5,0.8,75.832329,1,52.57,50.03,29.88,28.04,28.04,101.67,80,70.4,12,273,3.813,12:34:17,27/02/2025,-1.29,1,0,0,0.001,0.798,0.791,1.864,1,75,0.001,2,0.058905,0,0.02923,0,0,-0.000068,standard,0,rectangular,7000,500,1,2,55537,55537,55537,0,-9999,0,0,0,0,2.441785,2.486084,1.075361,0.742151,0.224753,-0.01903,0.961121,0.344788,157.276505,0.001146,2.363673,0.000005,1,2.399535,0.000012,1,0.601056,0.600294,0.107352,0,PSF-01163_20250227123934_ba2,PFA-00994,PSA-00994,PSF-01163,RHS-01998,3.0.0,2025-01-13T08:33:48.201Z
289,12:40:46,27/02/2025,K_lowfl_medbth,Karina Guo,,,356,High,0.141569,1.901434,0.131759,2.119527,2.238573,2.121819,3.825348,1.586775,20.869055,22.017384,37.624031,0.441786,7.5,PSF-01163_20250227124046_8e0,0,0,0,182.714218,477.061615,0.617001,0.5,0.8,76.052261,1,52.9,50.14,29.88,28.14,28.14,101.67,79.7,74.4,6.7,308,3.812,12:34:17,27/02/2025,-1.29,1,-0.001,-0.001,0.002,-1.253,0.166,1.255,1,75,0.001,2,0.058905,0,0.02923,0,0,-0.000068,standard,0,rectangular,7000,500,1,2,55537,55537,55537,0,-9999,0,0,0,0,2.441919,2.486527,1.073438,0.750775,0.224683,-0.018007,0.963529,0.375369,182.714218,0.001102,2.363673,0.000005,1,2.399535,0.000012,1,0.601056,0.600294,0.107352,0,PSF-01163_20250227124046_8e0,PFA-00994,PSA-00994,PSF-01163,RHS-01998,3.0.0,2025-01-13T08:33:48.201Z
290,12:42:28,27/02/2025,K_lowfl_medbth,Karina Guo,,,356,High,0.155454,1.902646,0.143712,2.287316,2.252251,2.126381,3.822058,1.569808,20.914896,22.152941,37.59343,0.441786,7.5,PSF-01163_20250227124228_c0e,0,0,0,150.253769,416.777374,0.639487,0.5,0.8,61.446739,1,53.2,50.22,29.89,28.12,28.12,101.67,79.8,69.1,13.5,240,3.809,12:34:17,27/02/2025,-1.29,1,0,-0.001,0,-1.008,-0.426,-0.699,1,75,0.001,2,0.058905,0,0.02923,0,0,-0.000068,standard,0,rectangular,7000,500,1,2,55537,55537,55537,0,-9999,0,0,0,0,2.442033,2.486939,1.073888,0.73926,0.224619,-0.018263,0.966989,0.316283,150.253769,0.001139,2.363673,0.000005,1,2.399535,0.000012,1,0.601056,0.600294,0.107352,0,PSF-01163_20250227124228_c0e,PFA-00994,PSA-00994,PSF-01163,RHS-01998,3.0.0,2025-01-13T08:33:48.201Z
291,12:43:35,27/02/2025,K_lowfl_medbth,Karina Guo,,,85,Low,0.052329,1.905398,0.050931,0.941862,2.18734,2.135571,4.010256,1.822916,21.004562,21.513741,39.443165,0.441786,7.5,PSF-01163_20250227124335_412,0,0,0,202.890518,547.928101,0.629713,0.5,0.8,73.972687,1,51.56,50.34,29.93,28.95,28.95,101.67,80,74.2,7.2,294,3.807,12:43:03,27/02/2025,-1.29,1,0,0.001,0,0.242,0.672,2.27,1,75,0.001,2,0.058905,0,0.02923,0,0,-0.000068,standard,0,rectangular,7000,500,1,2,55537,55537,55537,0,-9999,0,0,0,0,2.442178,2.484674,1.074911,0.750322,0.224306,-0.009009,0.968955,0.362778,202.890518,0.001117,2.363673,0.000005,1,2.399535,0.000012,1,0.601056,0.600294,0.107352,0,PSF-01163_20250227124335_412,PFA-00994,PSA-00994,PSF-01163,RHS-01998,3.0.0,2025-01-13T08:33:48.201Z
292,12:44:10,27/02/2025,K_lowfl_medbth,Karina Guo,,,85,Low,0.087939,1.903069,0.084055,1.460456,2.22706,2.146692,3.940022,1.712962,21.113998,21.904467,38.752476,0.441786,7.5,PSF-01163_20250227124410_d70,0,0,0,192.272186,527.208191,0.635301,0.5,0.8,71.521469,1,52.49,50.59,29.93,28.65,28.65,101.67,79.8,79.5,0.4,281,3.807,12:43:03,27/02/2025,-1.29,1,0,0,0.002,-0.476,-0.51,0.067,1,75,0.001,2,0.058905,0,0.02923,0,0,-0.000068,standard,0,rectangular,7000,500,1,2,55537,55537,55537,0,-9999,0,0,0,0,2.442517,2.485952,1.074045,0.76198,0.224288,-0.012604,0.970093,0.352141,192.272186,0.00114,2.363673,0.000005,1,2.399535,0.000012,1,0.601056,0.600294,0.107352,0,PSF-01163_20250227124410_d70,PFA-00994,PSA-00994,PSF-01163,RHS-01998,3.0.0,2025-01-13T08:33:48.201Z
293,12:44:25,27/02/2025,K_lowfl_medbth,Karina Guo,,,85,Low,0.148645,1.90467,0.137885,2.007216,2.240921,2.130597,3.677942,1.437021,20.955023,22.040091,36.173599,0.441786,7.5,PSF-01163_20250227124425_782,0,0,0,201.670288,468.41098,0.569459,0.5,0.8,75.161423,1,52.82,50.22,29.93,27.46,27.46,101.67,79.9,79.4,0.7,330,3.805,12:43:03,27/02/2025,-1.29,1,-0.001,0.001,0.004,-0.467,-0.258,-0.156,1,75,0.001,2,0.058905,0,0.02923,0,0,-0.000068,standard,0,rectangular,7000,500,1,2,55537,55537,55537,0,-9999,0,0,0,0,2.442021,2.486407,1.07464,0.761617,0.224301,-0.026303,0.970484,0.394343,201.670288,0.001142,2.363673,0.000005,1,2.399535,0.000012,1,0.601056,0.600294,0.107352,0,PSF-01163_20250227124425_782,PFA-00994,PSA-00994,PSF-01163,RHS-01998,3.0.0,2025-01-13T08:33:48.201Z
294,12:44:53,27/02/2025,K_lowfl_medbth,Karina Guo,,,85,Low,0.150071,1.900532,0.139088,2.146138,2.259492,2.141228,3.781652,1.522161,21.060623,22.223837,37.195454,0.441786,7.5,PSF-01163_20250227124453_026,0,0,0,190.317398,503.700623,0.622162,0.5,0.8,83.076378,1,53.28,50.49,29.92,27.94,27.94,101.67,79.7,79.3,0.5,334,3.805,12:43:03,27/02/2025,-1.29,1,0,0.001,0.003,0.211,-0.007,-0.312,1,75,0.001,2,0.058905,0,0.02923,0,0,-0.000068,standard,0,rectangular,7000,500,1,2,55537,55537,55537,0,-9999,0,0,0,0,2.442377,2.487034,1.073103,0.761499,0.224354,-0.020729,0.971332,0.397694,190.317398,0.001133,2.363673,0.000005,1,2.399535,0.000012,1,0.601056,0.600294,0.107352,0,PSF-01163_20250227124453_026,PFA-00994,PSA-00994,PSF-01163,RHS-01998,3.0.0,2025-01-13T08:33:48.201Z
295,12:45:38,27/02/2025,K_lowfl_medbth,Karina Guo,,,85,Low,0.107516,1.902045,0.101764,1.751383,2.244683,2.148262,3.941142,1.696459,21.130684,22.079107,38.765778,0.441786,7.5,PSF-01163_20250227124538_16c,0,0,0,208.33432,512.493225,0.593489,0.5,0.8,67.622002,1,52.93,50.66,29.92,28.65,28.65,101.67,79.8,69.8,12.5,285,3.805,12:43:03,27/02/2025,-1.29,1,0.001,0.001,0.001,0.086,0.403,-2.423,1,75,0.001,2,0.058905,0,0.02923,0,0,-0.000068,standard,0,rectangular,7000,500,1,2,55537,55537,55537,0,-9999,0,0,0,0,2.442605,2.486564,1.073664,0.740769,0.224373,-0.012434,0.972955,0.355101,208.33432,0.001127,2.363673,0.000005,1,2.399535,0.000012,1,0.601056,0.600294,0.107352,0,PSF-01163_20250227124538_16c,PFA-00994,PSA-00994,PSF-01163,RHS-01998,3.0.0,2025-01-13T08:33:48.201Z
296,12:46:00,27/02/2025,K_lowfl_medbth,Karina Guo,,,708,Mid,0.13538,1.905961,0.126402,1.948676,2.263406,2.156419,3.78423,1.520824,21.209358,22.261621,37.219616,0.441786,7.5,PSF-01163_20250227124600_978,0,0,0,162.522202,449.623352,0.638537,0.5,0.8,78.637619,1,53.36,50.84,29.92,27.95,27.95,101.67,80,79.5,0.6,308,3.804,12:43:03,27/02/2025,-1.29,1,0,0,0.002,-0.696,-0.739,0.866,1,75,0.001,2,0.058905,0,0.02923,0,0,-0.000068,standard,0,rectangular,7000,500,1,2,55537,55537,55537,0,-9999,0,0,0,0,2.442846,2.487155,1.075121,0.761899,0.224344,-0.020607,0.973732,0.375133,162.522202,0.001109,2.363673,0.000005,1,2.399535,0.000012,1,0.601056,0.600294,0.107352,0,PSF-01163_20250227124600_978,PFA-00994,PSA-00994,PSF-01163,RHS-01998,3.0.0,2025-01-13T08:33:48.201Z
297,12:46:31,27/02/2025,K_lowfl_medbth,Karina Guo,,,708,Mid,0.05884,1.900604,0.057073,0.981312,2.206652,2.15255,3.902233,1.695581,21.172089,21.704222,38.381645,0.441786,7.5,PSF-01163_20250227124631_5c6,0,0,0,142.557617,315.433502,0.548058,0.5,0.8,70.244278,1,52.01,50.73,29.93,28.48,28.48,101.67,79.7,79.2,0.6,320,3.804,12:43:03,27/02/2025,-1.29,1,0.001,0,0.001,-1.655,-0.503,1.857,1,75,0.001,2,0.058905,0,0.02923,0,0,-0.000068,standard,0,rectangular,7000,500,1,2,55537,55537,55537,0,-9999,0,0,0,0,2.4427,2.485291,1.073129,0.761303,0.224288,-0.014542,0.974844,0.386041,142.557617,0.001138,2.363673,0.000005,1,2.399535,0.000012,1,0.601056,0.600294,0.107352,0,PSF-01163_20250227124631_5c6,PFA-00994,PSA-00994,PSF-01163,RHS-01998,3.0.0,2025-01-13T08:33:48.201Z
298,12:47:15,27/02/2025,K_lowfl_medbth,Karina Guo,,,708,Mid,0.066638,1.901245,0.064382,1.174047,2.228569,2.163885,4.025558,1.796989,21.283623,21.919849,39.594742,0.441786,7.5,PSF-01163_20250227124715_1ce,0,0,0,151.541229,400.098328,0.62124,0.5,0.8,85.204887,1,52.5,50.97,29.94,29.02,29.02,101.67,79.7,79.5,0.3,343,3.804,12:43:03,27/02/2025,-1.29,1,-0.001,-0.001,-0.001,-0.722,0.624,1.807,1,75,0.001,2,0.058905,0,0.02923,0,0,-0.000068,standard,0,rectangular,7000,500,1,2,55537,55537,55537,0,-9999,0,0,0,0,2.443019,2.485965,1.073367,0.761876,0.224214,-0.008358,0.976189,0.405575,151.541229,0.001125,2.363673,0.000005,1,2.399535,0.000012,1,0.601056,0.600294,0.107352,0,PSF-01163_20250227124715_1ce,PFA-00994,PSA-00994,PSF-01163,RHS-01998,3.0.0,2025-01-13T08:33:48.201Z
299,12:48:05,27/02/2025,K_lowfl_medbth,Karina Guo,,,502,High,0.011266,1.903605,0.0112,0.221636,2.154964,2.142765,4.104846,1.949882,21.076925,21.196928,40.376591,0.441786,7.5,PSF-01163_20250227124805_2f1,0,0,0,150.381805,468.868744,0.679267,0.5,0.8,82.589798,1,50.71,50.43,29.95,29.35,29.35,101.66,79.9,69.6,12.8,304,3.803,12:43:03,27/02/2025,-1.29,1,0,0,0,0.382,0.929,2.132,1,75,0.001,2,0.058905,0,0.02923,0,0,-0.000068,standard,0,rectangular,7000,500,1,2,55537,55537,55537,0,-9999,0,0,0,0,2.442292,2.483508,1.074244,0.740422,0.224062,-0.004588,0.978009,0.371728,150.381805,0.001146,2.363673,0.000005,1,2.399535,0.000012,1,0.601056,0.600294,0.107352,0,PSF-01163_20250227124805_2f1,PFA-00994,PSA-00994,PSF-01163,RHS-01998,3.0.0,2025-01-13T08:33:48.201Z
300,12:48:59,27/02/2025,K_lowfl_medbth,Karina Guo,,,502,High,0.014195,1.900575,0.01409,0.2789,2.180533,2.165153,4.130495,1.949962,21.297144,21.448423,40.628883,0.441786,7.5,PSF-01163_20250227124859_c9e,0,0,0,160.385727,476.645355,0.663511,0.5,0.8,82.285797,1,51.25,50.89,29.98,29.46,29.46,101.66,79.7,79.6,0.2,310,3.802,12:43:03,27/02/2025,-1.29,1,0,0,-0.001,-0.446,0.974,3.224,1,75,0.001,2,0.058905,0,0.02923,0,0,-0.000068,standard,0,rectangular,7000,500,1,2,55537,55537,55537,0,-9999,0,0,0,0,2.442904,2.484248,1.073119,0.762049,0.223876,-0.00356,0.97997,0.37701,160.385727,0.001138,2.363673,0.000005,1,2.399535,0.000012,1,0.601056,0.600294,0.107352,0,PSF-01163_20250227124859_c9e,PFA-00994,PSA-00994,PSF-01163,RHS-01998,3.0.0,2025-01-13T08:33:48.201Z
301,12:49:23,27/02/2025,K_lowfl_medbth,Karina Guo,,,261,Mid,0.09266,1.906844,0.088366,1.445204,2.225216,2.14589,3.838428,1.613212,21.106321,21.886547,37.753613,0.441786,7.5,PSF-01163_20250227124923_556,0,0,0,89.460251,289.26944,0.690737,0.5,0.8,86.343193,1,52.3,50.43,29.98,28.2,28.2,101.67,80,79.5,0.7,313,3.801,12:43:03,27/02/2025,-1.29,1,0,0.001,0.002,0.114,0.317,0.528,1,75,0.001,2,0.058905,0,0.02923,0,0,-0.000068,standard,0,rectangular,7000,500,1,2,55537,55537,55537,0,-9999,0,0,0,0,2.442294,2.485681,1.07545,0.761817,0.223853,-0.01842,0.980725,0.379153,89.460251,0.001143,2.363673,0.000005,1,2.399535,0.000012,1,0.601056,0.600294,0.107352,0,PSF-01163_20250227124923_556,PFA-00994,PSA-00994,PSF-01163,RHS-01998,3.0.0,2025-01-13T08:33:48.201Z
302,12:49:46,27/02/2025,K_lowfl_medbth,Karina Guo,,,261,Mid,0.097912,1.903107,0.093121,1.284799,2.228753,2.158059,3.591281,1.362528,21.227161,21.922523,35.324657,0.441786,7.5,PSF-01163_20250227124946_55f,0,0,0,148.671631,496.963989,0.70084,0.5,0.8,85.920486,1,52.37,50.71,29.98,27.06,27.06,101.67,79.8,79.5,0.4,306,3.801,12:43:03,27/02/2025,-1.29,1,0,0,0.007,-0.327,-0.566,-2.134,1,75,0.001,2,0.058905,0,0.02923,0,0,-0.000068,standard,0,rectangular,7000,500,1,2,55537,55537,55537,0,-9999,0,0,0,0,2.442665,2.485786,1.074059,0.761885,0.223836,-0.031598,0.981535,0.373924,148.671631,0.001151,2.363673,0.000005,1,2.399535,0.000012,1,0.601056,0.600294,0.107352,0,PSF-01163_20250227124946_55f,PFA-00994,PSA-00994,PSF-01163,RHS-01998,3.0.0,2025-01-13T08:33:48.201Z
303,12:50:09,27/02/2025,K_lowfl_medbth,Karina Guo,,,261,Mid,0.117165,1.903836,0.110372,1.755695,2.252689,2.15616,3.821482,1.568794,21.209578,22.1591,37.590904,0.441786,7.5,PSF-01163_20250227125009_4c8,0,0,0,190.461868,438.144928,0.565299,0.5,0.8,77.139458,1,52.94,50.67,29.98,28.12,28.12,101.66,79.9,79.5,0.5,341,3.784,12:43:03,27/02/2025,-1.29,1,-0.001,-0.001,0,0.155,-0.307,1.778,1,75,0.001,2,0.058905,0,0.02923,0,0,-0.000068,standard,0,rectangular,7000,500,1,2,55537,55537,55537,0,-9999,0,0,0,0,2.442611,2.486564,1.07433,0.761816,0.223847,-0.019312,0.982324,0.404063,190.461868,0.001149,2.363673,0.000005,1,2.399535,0.000012,1,0.601056,0.600294,0.107352,0,PSF-01163_20250227125009_4c8,PFA-00994,PSA-00994,PSF-01163,RHS-01998,3.0.0,2025-01-13T08:33:48.201Z
304,12:50:32,27/02/2025,K_lowfl_medbth,Karina Guo,,,32,Mid,0.040846,1.903747,0.039988,0.735664,2.193717,2.153243,4.006973,1.813256,21.180569,21.578693,39.414951,0.441786,7.5,PSF-01163_20250227125032_fc4,0,0,0,148.576492,248.458389,0.402007,0.5,0.8,57.144878,1,51.55,50.6,29.98,28.94,28.94,101.66,79.9,79.3,0.7,355,3.798,12:43:03,27/02/2025,-1.29,1,0,0,0,0.614,0.549,2.375,1,75,0.001,2,0.058905,0,0.02923,0,0,-0.000068,standard,0,rectangular,7000,500,1,2,55537,55537,55537,0,-9999,0,0,0,0,2.44252,2.48466,1.074297,0.761446,0.223848,-0.009781,0.983151,0.416439,148.576492,0.00114,2.363673,0.000005,1,2.399535,0.000012,1,0.601056,0.600294,0.107352,0,PSF-01163_20250227125032_fc4,PFA-00994,PSA-00994,PSF-01163,RHS-01998,3.0.0,2025-01-13T08:33:48.201Z
305,12:51:11,27/02/2025,K_lowfl_medbth,Karina Guo,,,32,Mid,0.078166,1.902975,0.075082,1.275461,2.253188,2.183028,3.927501,1.674313,21.475557,22.165756,38.636822,0.441786,7.5,PSF-01163_20250227125111_8d8,0,0,0,154.960159,315.794708,0.509301,0.5,0.8,68.38369,1,52.95,51.3,29.98,28.59,28.59,101.65,79.8,79.5,0.4,336,3.799,12:43:03,27/02/2025,-1.29,1,0,0.001,-0.001,-0.217,0.018,-4.093,1,75,0.001,2,0.058905,0,0.02923,0,0,-0.000068,standard,0,rectangular,7000,500,1,2,55537,55537,55537,0,-9999,0,0,0,0,2.443447,2.486581,1.07401,0.761832,0.223849,-0.013825,0.98468,0.399306,154.960159,0.001148,2.363673,0.000005,1,2.399535,0.000012,1,0.601056,0.600294,0.107352,0,PSF-01163_20250227125111_8d8,PFA-00994,PSA-00994,PSF-01163,RHS-01998,3.0.0,2025-01-13T08:33:48.201Z
306,12:51:33,27/02/2025,K_lowfl_medbth,Karina Guo,,,32,Mid,0.043237,1.90342,0.042276,0.752063,2.225365,2.183997,3.978483,1.753118,21.485142,21.892103,39.138458,0.441786,7.5,PSF-01163_20250227125133_f73,0,0,0,175.071365,355.33905,0.507312,0.5,0.8,65.863419,1,52.29,51.32,29.98,28.81,28.81,101.65,79.9,79.5,0.5,325,3.798,12:43:03,27/02/2025,-1.29,1,0,-0.001,0,0.118,0.695,2.28,1,75,0.001,2,0.058905,0,0.02923,0,0,-0.000068,standard,0,rectangular,7000,500,1,2,55537,55537,55537,0,-9999,0,0,0,0,2.44347,2.485676,1.074175,0.761873,0.223835,-0.011242,0.985395,0.389648,175.071365,0.001127,2.363673,0.000005,1,2.399535,0.000012,1,0.601056,0.600294,0.107352,0,PSF-01163_20250227125133_f73,PFA-00994,PSA-00994,PSF-01163,RHS-01998,3.0.0,2025-01-13T08:33:48.201Z
